ID,Type,SKU,Name,Published,Is featured?,Visibility in catalog,Short description,Description,Tax status,Tax class,In stock?,Stock,Backorders allowed?,Sold individually?,Weight (kg),Allow customer reviews?,Sale price,Regular price,Categories,Tags,Images,Parent,Position,Attribute 1 name,Attribute 1 value(s),Attribute 1 visible,Attribute 1 global,Attribute 1 default,Attribute 2 name,Attribute 2 value(s),Attribute 2 visible,Attribute 2 global,Attribute 2 default,Attribute 3 name,Attribute 3 value(s),Attribute 3 visible,Attribute 3 global,Attribute 3 default,Attribute 4 name,Attribute 4 value(s),Attribute 4 visible,Attribute 4 global,Attribute 4 default,Attribute 5 name,Attribute 5 value(s),Attribute 5 visible,Attribute 5 global,Attribute 5 default,Attribute 6 name,Attribute 6 value(s),Attribute 6 visible,Attribute 6 global,Attribute 6 default,Attribute 7 name,Attribute 7 value(s),Attribute 7 visible,Attribute 7 global,Attribute 7 default,Attribute 8 name,Attribute 8 value(s),Attribute 8 visible,Attribute 8 global,Attribute 8 default,Attribute 9 name,Attribute 9 value(s),Attribute 9 visible,Attribute 9 global,Attribute 9 default,Attribute 10 name,Attribute 10 value(s),Attribute 10 visible,Attribute 10 global,Attribute 10 default,Attribute 11 name,Attribute 11 value(s),Attribute 11 visible,Attribute 11 global,Attribute 11 default,Attribute 12 name,Attribute 12 value(s),Attribute 12 visible,Attribute 12 global,Attribute 12 default,Attribute 13 name,Attribute 13 value(s),Attribute 13 visible,Attribute 13 global,Attribute 13 default,Attribute 14 name,Attribute 14 value(s),Attribute 14 visible,Attribute 14 global,Attribute 14 default,Attribute 15 name,Attribute 15 value(s),Attribute 15 visible,Attribute 15 global,Attribute 15 default,Attribute 16 name,Attribute 16 value(s),Attribute 16 visible,Attribute 16 global,Attribute 16 default,Meta: _espacio,Meta: _familia,Meta: _modelo,Meta: _marca,Meta: _fabricante,Meta: _ficha_tecnica,Meta: _estilo,Meta: _caracteristicas_tecnicas,Meta: _yoast_wpseo_title,Meta: _yoast_wpseo_metadesc,Meta: _m2_por_caja,Meta: _kg_por_caja,Meta: _piezas_por_caja,Meta: _cajas_por_pallet,Meta: _m2_por_pallet,Meta: _kg_por_pallet,Meta: _disenos,Meta: _formato,Meta: _espesor,Meta: _material,Meta: _acabado,Meta: _uso,Meta: _rectificado,Meta: _antideslizante,Meta: _version_antideslizante,Meta: _destonificacion
,variable,ESM-AMBROSSIA,Ambrossia,1,1,visible,"Serie Ambrossia en porcelánico, acabado mate. 4 colores y 3 formatos.","<p>Ambrosia es una piedra con memoria. Su superficie revela incrustaciones marcadas y fragmentos visibles que aportan profundidad, textura y un carácter auténtico. Un diseño que celebra la riqueza natural del material.</p><h3>Características técnicas</h3><ul><li><strong>Material:</strong> Porcelánico</li><li><strong>Acabado:</strong> Mate</li><li><strong>Uso:</strong> Pavimento/Exterior</li><li><strong>Espesor:</strong> 9 MM</li><li><strong>Rectificado:</strong> Sí</li><li><strong>Antideslizante:</strong> No</li><li><strong>Versión antideslizante:</strong> Sí</li><li><strong>Destonificación:</strong> V3-V4 Incrustaciones irregulares</li><li><strong>Tipo de pieza:</strong> Baldosa y Relieve</li><li><strong>Familia:</strong> Porce Plus</li></ul><p><strong>Colores disponibles:</strong> Natural, White, Ivory, Greige.<br><strong>Formatos:</strong> 120x120, 100x100, 60x120.</p><p><strong>Espacios recomendados:</strong> Interior y exterior (ADZ).</p><h3>Datos de embalaje</h3><table><thead><tr><th>Formato</th><th>Pz/caja</th><th>m²/caja</th><th>Kg/caja</th><th>Cajas/palet</th><th>m²/palet</th><th>Kg/palet</th></tr></thead><tbody><tr><td>100x100</td><td>2</td><td>2</td><td>41,15</td><td>27</td><td>54</td><td>1133</td></tr><tr><td>120x120</td><td>1</td><td>1,44</td><td>34,36</td><td>36</td><td>51,84</td><td>1276</td></tr><tr><td>60x120</td><td>2</td><td>1,44</td><td>28,62</td><td>36</td><td>51,84</td><td>1055</td></tr></tbody></table>",taxable,,1,,0,0,,0,,,Pavimentos y revestimientos > Porce Plus,,"https://raw.githubusercontent.com/kumen360/ESMALTO/main/catalogo/img/ambrossia/esmalto-amb-ambrossia-greige-100x100-60x120-living.webp, https://raw.githubusercontent.com/kumen360/ESMALTO/main/catalogo/img/ambrossia/esmalto-amb-ambrossia-living.webp, https://raw.githubusercontent.com/kumen360/ESMALTO/main/catalogo/img/ambrossia/esmalto-amb-ambrossia-rlv-ivory-120x120-60x120.webp, https://raw.githubusercontent.com/kumen360/ESMALTO/main/catalogo/img/ambrossia/esmalto-amb-ambrossia-rlv-white-120x120-60x120.webp, https://raw.githubusercontent.com/kumen360/ESMALTO/main/catalogo/img/ambrossia/esmalto-amb-san-francisco-white-aquamarine-60x120-120x120.webp, https://raw.githubusercontent.com/kumen360/ESMALTO/main/catalogo/img/ambrossia/esmalto-pz-ambrossia-bone-60x60-01.webp, https://raw.githubusercontent.com/kumen360/ESMALTO/main/catalogo/img/ambrossia/esmalto-pz-ambrossia-greige-100x100.webp, https://raw.githubusercontent.com/kumen360/ESMALTO/main/catalogo/img/ambrossia/esmalto-pz-ambrossia-greige-120x120-01.webp, https://raw.githubusercontent.com/kumen360/ESMALTO/main/catalogo/img/ambrossia/esmalto-pz-ambrossia-greige-60x120-01.webp, https://raw.githubusercontent.com/kumen360/ESMALTO/main/catalogo/img/ambrossia/esmalto-pz-ambrossia-greige-60x60-01.webp, https://raw.githubusercontent.com/kumen360/ESMALTO/main/catalogo/img/ambrossia/esmalto-pz-ambrossia-ivory-100x100.webp, https://raw.githubusercontent.com/kumen360/ESMALTO/main/catalogo/img/ambrossia/esmalto-pz-ambrossia-ivory-120x120-01.webp, https://raw.githubusercontent.com/kumen360/ESMALTO/main/catalogo/img/ambrossia/esmalto-pz-ambrossia-ivory-60x120-01.webp, https://raw.githubusercontent.com/kumen360/ESMALTO/main/catalogo/img/ambrossia/esmalto-pz-ambrossia-natural-100x100.webp, https://raw.githubusercontent.com/kumen360/ESMALTO/main/catalogo/img/ambrossia/esmalto-pz-ambrossia-natural-120x120.webp, https://raw.githubusercontent.com/kumen360/ESMALTO/main/catalogo/img/ambrossia/esmalto-pz-ambrossia-natural-60x120-01.webp, https://raw.githubusercontent.com/kumen360/ESMALTO/main/catalogo/img/ambrossia/esmalto-pz-ambrossia-natural-60x60-01.webp, https://raw.githubusercontent.com/kumen360/ESMALTO/main/catalogo/img/ambrossia/esmalto-pz-ambrossia-rlv-greige-60x120.webp, https://raw.githubusercontent.com/kumen360/ESMALTO/main/catalogo/img/ambrossia/esmalto-pz-ambrossia-rlv-ivory-60x120.webp, https://raw.githubusercontent.com/kumen360/ESMALTO/main/catalogo/img/ambrossia/esmalto-pz-ambrossia-rlv-natural-60x120.webp, https://raw.githubusercontent.com/kumen360/ESMALTO/main/catalogo/img/ambrossia/esmalto-pz-ambrossia-rlv-white-60x120.webp, https://raw.githubusercontent.com/kumen360/ESMALTO/main/catalogo/img/ambrossia/esmalto-pz-ambrossia-white-100x100.webp, https://raw.githubusercontent.com/kumen360/ESMALTO/main/catalogo/img/ambrossia/esmalto-pz-ambrossia-white-120x120.webp, https://raw.githubusercontent.com/kumen360/ESMALTO/main/catalogo/img/ambrossia/esmalto-pz-ambrossia-white-60x120-01.webp, https://raw.githubusercontent.com/kumen360/ESMALTO/main/catalogo/img/ambrossia/esmalto-pz-ambrossia-white-60x60-01.webp",,0,Color,"Natural, White, Ivory, Greige",1,1,Natural,Formato,"120x120, 100x100, 60x120",1,1,120x120,Tipo de pieza,"Baldosa, Relieve",1,1,Baldosa,Espesor,9 mm,1,1,,Acabado,Mate,1,1,,Material,Porcelánico,1,1,,Uso,Pavimento,1,1,,Familia,Porce Plus,1,1,,Estilo,Piedra,1,1,,Tono,"Beige, Blanco, Gris",0,1,,Espacio,"Baño, Cocina, Salón, Dormitorio, Terraza",1,1,,Ubicación,"Interior, Exterior",1,1,,Antideslizante,No,1,1,,Rectificado,Sí,1,0,,Destonificación,V3-V4 Incrustaciones irregulares,1,0,,Versión antideslizante,Sí,1,0,,Interior y exterior (ADZ),Porce Plus,Ambrossia,Esmalto,Ecoceramic,fichas/esmalto-ficha-ambrossia.pdf,Piedra,Material: Porcelánico | Acabado: Mate | Uso: Pavimento/Exterior | Espesor: 9 MM | Rectificado: Sí | Antideslizante: No | Versión antideslizante disponible: Sí | Destonificación: V3-V4 Incrustaciones irregulares | Tipo de pieza: Baldosa,Ambrossia | Porcelánico Porce Plus | Esmalto,"Serie Ambrossia en porcelánico, acabado mate. 4 colores y 3 formatos.",,,,,,,,,,,,,,,,
,variation,ESM-AMBROSSIA-GREIGE-100X100,Ambrossia Greige 100x100,1,0,visible,,,taxable,parent,1,,0,0,41.15,0,,,,,https://raw.githubusercontent.com/kumen360/ESMALTO/main/catalogo/img/ambrossia/esmalto-pz-ambrossia-greige-100x100.webp,ESM-AMBROSSIA,5,Color,Greige,1,1,,Formato,100x100,1,1,,Tipo de pieza,Baldosa,1,1,,,,,,,,,,,,,,,,,,,,,,,,,,,,,,,,,,,,,,,,,,,,,,,,,,,,,,,,,,,,,,,,,,,,,,,,,,,,,2,41.15,2,27,54,1133,12,100x100,9 mm,Porcelánico,Mate,Pavimento/Exterior,Sí,No,Sí,V3-V4 Incrustaciones irregulares
,variation,ESM-AMBROSSIA-IVORY-100X100,Ambrossia Ivory 100x100,1,0,visible,,,taxable,parent,1,,0,0,41.15,0,,,,,https://raw.githubusercontent.com/kumen360/ESMALTO/main/catalogo/img/ambrossia/esmalto-pz-ambrossia-ivory-100x100.webp,ESM-AMBROSSIA,6,Color,Ivory,1,1,,Formato,100x100,1,1,,Tipo de pieza,Baldosa,1,1,,,,,,,,,,,,,,,,,,,,,,,,,,,,,,,,,,,,,,,,,,,,,,,,,,,,,,,,,,,,,,,,,,,,,,,,,,,,,2,41.15,2,27,54,1133,12,100x100,9 mm,Porcelánico,Mate,Pavimento/Exterior,Sí,No,Sí,V3-V4 Incrustaciones irregulares
,variation,ESM-AMBROSSIA-NATURAL-100X100,Ambrossia Natural 100x100,1,0,visible,,,taxable,parent,1,,0,0,41.15,0,,,,,https://raw.githubusercontent.com/kumen360/ESMALTO/main/catalogo/img/ambrossia/esmalto-pz-ambrossia-natural-100x100.webp,ESM-AMBROSSIA,7,Color,Natural,1,1,,Formato,100x100,1,1,,Tipo de pieza,Baldosa,1,1,,,,,,,,,,,,,,,,,,,,,,,,,,,,,,,,,,,,,,,,,,,,,,,,,,,,,,,,,,,,,,,,,,,,,,,,,,,,,2,41.15,2,27,54,1133,12,100x100,9 mm,Porcelánico,Mate,Pavimento/Exterior,Sí,No,Sí,V3-V4 Incrustaciones irregulares
,variation,ESM-AMBROSSIA-WHITE-100X100,Ambrossia White 100x100,1,0,visible,,,taxable,parent,1,,0,0,41.15,0,,,,,https://raw.githubusercontent.com/kumen360/ESMALTO/main/catalogo/img/ambrossia/esmalto-pz-ambrossia-white-100x100.webp,ESM-AMBROSSIA,8,Color,White,1,1,,Formato,100x100,1,1,,Tipo de pieza,Baldosa,1,1,,,,,,,,,,,,,,,,,,,,,,,,,,,,,,,,,,,,,,,,,,,,,,,,,,,,,,,,,,,,,,,,,,,,,,,,,,,,,2,41.15,2,27,54,1133,12,100x100,9 mm,Porcelánico,Mate,Pavimento/Exterior,Sí,No,Sí,V3-V4 Incrustaciones irregulares
,variation,ESM-AMBROSSIA-GREIGE-120X120,Ambrossia Greige 120x120,1,0,visible,,,taxable,parent,1,,0,0,34.36,0,,,,,https://raw.githubusercontent.com/kumen360/ESMALTO/main/catalogo/img/ambrossia/esmalto-pz-ambrossia-greige-120x120-01.webp,ESM-AMBROSSIA,9,Color,Greige,1,1,,Formato,120x120,1,1,,Tipo de pieza,Baldosa,1,1,,,,,,,,,,,,,,,,,,,,,,,,,,,,,,,,,,,,,,,,,,,,,,,,,,,,,,,,,,,,,,,,,,,,,,,,,,,,,1.44,34.36,1,36,51.84,1276,7,120x120,9 mm,Porcelánico,Mate,Pavimento/Exterior,Sí,No,Sí,V3-V4 Incrustaciones irregulares
,variation,ESM-AMBROSSIA-IVORY-120X120,Ambrossia Ivory 120x120,1,0,visible,,,taxable,parent,1,,0,0,34.36,0,,,,,https://raw.githubusercontent.com/kumen360/ESMALTO/main/catalogo/img/ambrossia/esmalto-pz-ambrossia-ivory-120x120-01.webp,ESM-AMBROSSIA,10,Color,Ivory,1,1,,Formato,120x120,1,1,,Tipo de pieza,Baldosa,1,1,,,,,,,,,,,,,,,,,,,,,,,,,,,,,,,,,,,,,,,,,,,,,,,,,,,,,,,,,,,,,,,,,,,,,,,,,,,,,1.44,34.36,1,36,51.84,1276,7,120x120,9 mm,Porcelánico,Mate,Pavimento/Exterior,Sí,No,Sí,V3-V4 Incrustaciones irregulares
,variation,ESM-AMBROSSIA-NATURAL-120X120,Ambrossia Natural 120x120,1,0,visible,,,taxable,parent,1,,0,0,34.36,0,,,,,https://raw.githubusercontent.com/kumen360/ESMALTO/main/catalogo/img/ambrossia/esmalto-pz-ambrossia-natural-120x120.webp,ESM-AMBROSSIA,11,Color,Natural,1,1,,Formato,120x120,1,1,,Tipo de pieza,Baldosa,1,1,,,,,,,,,,,,,,,,,,,,,,,,,,,,,,,,,,,,,,,,,,,,,,,,,,,,,,,,,,,,,,,,,,,,,,,,,,,,,1.44,34.36,1,36,51.84,1276,7,120x120,9 mm,Porcelánico,Mate,Pavimento/Exterior,Sí,No,Sí,V3-V4 Incrustaciones irregulares
,variation,ESM-AMBROSSIA-WHITE-120X120,Ambrossia White 120x120,1,0,visible,,,taxable,parent,1,,0,0,34.36,0,,,,,https://raw.githubusercontent.com/kumen360/ESMALTO/main/catalogo/img/ambrossia/esmalto-pz-ambrossia-white-120x120.webp,ESM-AMBROSSIA,12,Color,White,1,1,,Formato,120x120,1,1,,Tipo de pieza,Baldosa,1,1,,,,,,,,,,,,,,,,,,,,,,,,,,,,,,,,,,,,,,,,,,,,,,,,,,,,,,,,,,,,,,,,,,,,,,,,,,,,,1.44,34.36,1,36,51.84,1276,7,120x120,9 mm,Porcelánico,Mate,Pavimento/Exterior,Sí,No,Sí,V3-V4 Incrustaciones irregulares
,variation,ESM-AMBROSSIA-GREIGE-60X120,Ambrossia Greige 60x120,1,0,visible,,,taxable,parent,1,,0,0,28.62,0,,,,,https://raw.githubusercontent.com/kumen360/ESMALTO/main/catalogo/img/ambrossia/esmalto-pz-ambrossia-greige-60x120-01.webp,ESM-AMBROSSIA,13,Color,Greige,1,1,,Formato,60x120,1,1,,Tipo de pieza,Baldosa,1,1,,,,,,,,,,,,,,,,,,,,,,,,,,,,,,,,,,,,,,,,,,,,,,,,,,,,,,,,,,,,,,,,,,,,,,,,,,,,,1.44,28.62,2,36,51.84,1055,14,60x120,9 mm,Porcelánico,Mate,Pavimento/Exterior,Sí,No,Sí,V3-V4 Incrustaciones irregulares
,variation,ESM-AMBROSSIA-IVORY-60X120,Ambrossia Ivory 60x120,1,0,visible,,,taxable,parent,1,,0,0,28.62,0,,,,,https://raw.githubusercontent.com/kumen360/ESMALTO/main/catalogo/img/ambrossia/esmalto-pz-ambrossia-ivory-60x120-01.webp,ESM-AMBROSSIA,14,Color,Ivory,1,1,,Formato,60x120,1,1,,Tipo de pieza,Baldosa,1,1,,,,,,,,,,,,,,,,,,,,,,,,,,,,,,,,,,,,,,,,,,,,,,,,,,,,,,,,,,,,,,,,,,,,,,,,,,,,,1.44,28.62,2,36,51.84,1055,14,60x120,9 mm,Porcelánico,Mate,Pavimento/Exterior,Sí,No,Sí,V3-V4 Incrustaciones irregulares
,variation,ESM-AMBROSSIA-NATURAL-60X120,Ambrossia Natural 60x120,1,0,visible,,,taxable,parent,1,,0,0,28.62,0,,,,,https://raw.githubusercontent.com/kumen360/ESMALTO/main/catalogo/img/ambrossia/esmalto-pz-ambrossia-natural-60x120-01.webp,ESM-AMBROSSIA,15,Color,Natural,1,1,,Formato,60x120,1,1,,Tipo de pieza,Baldosa,1,1,,,,,,,,,,,,,,,,,,,,,,,,,,,,,,,,,,,,,,,,,,,,,,,,,,,,,,,,,,,,,,,,,,,,,,,,,,,,,1.44,28.62,2,36,51.84,1055,14,60x120,9 mm,Porcelánico,Mate,Pavimento/Exterior,Sí,No,Sí,V3-V4 Incrustaciones irregulares
,variation,ESM-AMBROSSIA-WHITE-60X120,Ambrossia White 60x120,1,0,visible,,,taxable,parent,1,,0,0,28.62,0,,,,,https://raw.githubusercontent.com/kumen360/ESMALTO/main/catalogo/img/ambrossia/esmalto-pz-ambrossia-white-60x120-01.webp,ESM-AMBROSSIA,16,Color,White,1,1,,Formato,60x120,1,1,,Tipo de pieza,Baldosa,1,1,,,,,,,,,,,,,,,,,,,,,,,,,,,,,,,,,,,,,,,,,,,,,,,,,,,,,,,,,,,,,,,,,,,,,,,,,,,,,1.44,28.62,2,36,51.84,1055,14,60x120,9 mm,Porcelánico,Mate,Pavimento/Exterior,Sí,No,Sí,V3-V4 Incrustaciones irregulares
,variation,ESM-AMBROSSIA-GREIGE-60X120-RLV,Ambrossia Greige 60x120 Relieve,1,0,visible,,,taxable,parent,1,,0,0,28.62,0,,,,,https://raw.githubusercontent.com/kumen360/ESMALTO/main/catalogo/img/ambrossia/esmalto-pz-ambrossia-greige-60x120-01.webp,ESM-AMBROSSIA,17,Color,Greige,1,1,,Formato,60x120,1,1,,Tipo de pieza,Relieve,1,1,,,,,,,,,,,,,,,,,,,,,,,,,,,,,,,,,,,,,,,,,,,,,,,,,,,,,,,,,,,,,,,,,,,,,,,,,,,,,1.44,28.62,2,36,51.84,1055,14,60x120,9 mm,Porcelánico,Mate,Pavimento/Exterior,Sí,No,Sí,V3-V4 Incrustaciones irregulares
,variation,ESM-AMBROSSIA-IVORY-60X120-RLV,Ambrossia Ivory 60x120 Relieve,1,0,visible,,,taxable,parent,1,,0,0,28.62,0,,,,,https://raw.githubusercontent.com/kumen360/ESMALTO/main/catalogo/img/ambrossia/esmalto-pz-ambrossia-ivory-60x120-01.webp,ESM-AMBROSSIA,18,Color,Ivory,1,1,,Formato,60x120,1,1,,Tipo de pieza,Relieve,1,1,,,,,,,,,,,,,,,,,,,,,,,,,,,,,,,,,,,,,,,,,,,,,,,,,,,,,,,,,,,,,,,,,,,,,,,,,,,,,1.44,28.62,2,36,51.84,1055,14,60x120,9 mm,Porcelánico,Mate,Pavimento/Exterior,Sí,No,Sí,V3-V4 Incrustaciones irregulares
,variation,ESM-AMBROSSIA-NATURAL-60X120-RLV,Ambrossia Natural 60x120 Relieve,1,0,visible,,,taxable,parent,1,,0,0,28.62,0,,,,,https://raw.githubusercontent.com/kumen360/ESMALTO/main/catalogo/img/ambrossia/esmalto-pz-ambrossia-natural-60x120-01.webp,ESM-AMBROSSIA,19,Color,Natural,1,1,,Formato,60x120,1,1,,Tipo de pieza,Relieve,1,1,,,,,,,,,,,,,,,,,,,,,,,,,,,,,,,,,,,,,,,,,,,,,,,,,,,,,,,,,,,,,,,,,,,,,,,,,,,,,1.44,28.62,2,36,51.84,1055,14,60x120,9 mm,Porcelánico,Mate,Pavimento/Exterior,Sí,No,Sí,V3-V4 Incrustaciones irregulares
,variation,ESM-AMBROSSIA-WHITE-60X120-RLV,Ambrossia White 60x120 Relieve,1,0,visible,,,taxable,parent,1,,0,0,28.62,0,,,,,https://raw.githubusercontent.com/kumen360/ESMALTO/main/catalogo/img/ambrossia/esmalto-pz-ambrossia-white-60x120-01.webp,ESM-AMBROSSIA,20,Color,White,1,1,,Formato,60x120,1,1,,Tipo de pieza,Relieve,1,1,,,,,,,,,,,,,,,,,,,,,,,,,,,,,,,,,,,,,,,,,,,,,,,,,,,,,,,,,,,,,,,,,,,,,,,,,,,,,1.44,28.62,2,36,51.84,1055,14,60x120,9 mm,Porcelánico,Mate,Pavimento/Exterior,Sí,No,Sí,V3-V4 Incrustaciones irregulares
,variable,ESM-IMPERIAL-CALACATTA,Imperial Calacatta,1,1,visible,"Serie Imperial Calacatta en porcelánico, acabado brillo. 1 color y 2 formatos.","<p>La serie <strong>Imperial Calacatta</strong> está fabricada en porcelánico con acabado brillo. Se presenta en 1 color y 2 formatos, con un total de 2 referencias.</p><h3>Características técnicas</h3><ul><li><strong>Material:</strong> Porcelánico</li><li><strong>Acabado:</strong> Brillo</li><li><strong>Uso:</strong> Pavimento y revestimiento</li><li><strong>Espesor:</strong> 9 MM</li><li><strong>Antideslizante:</strong> No</li><li><strong>Versión antideslizante:</strong> No</li><li><strong>Tipo de pieza:</strong> Baldosa</li><li><strong>Familia:</strong> Porce Plus</li></ul><p><strong>Colores disponibles:</strong> Imperial Calacatta.<br><strong>Formatos:</strong> 100x100, 60x120.</p><p><strong>Espacios recomendados:</strong> Interior: salón, cocina, baño y dormitorio; formatos grandes.</p><h3>Datos de embalaje</h3><table><thead><tr><th>Formato</th><th>Pz/caja</th><th>m²/caja</th><th>Kg/caja</th><th>Cajas/palet</th><th>m²/palet</th><th>Kg/palet</th></tr></thead><tbody><tr><td>100x100</td><td>2</td><td>2,00</td><td>41,15</td><td>27</td><td>54,00</td><td>1133,05</td></tr><tr><td>60x120</td><td>2</td><td>1,44</td><td>28,62</td><td>36</td><td>51,84</td><td>1055,32</td></tr></tbody></table>",taxable,,1,,0,0,,0,,,Pavimentos y revestimientos > Porce Plus,,"https://raw.githubusercontent.com/kumen360/ESMALTO/main/catalogo/img/imperial-calacatta/esmalto-amb-imperial-calacatta-100x100-kitchen.webp, https://raw.githubusercontent.com/kumen360/ESMALTO/main/catalogo/img/imperial-calacatta/esmalto-amb-imperial-calacatta-100x100-living.webp, https://raw.githubusercontent.com/kumen360/ESMALTO/main/catalogo/img/imperial-calacatta/esmalto-pz-imperial-calacatta-100x100.webp",,1,Color,Imperial Calacatta,1,1,,Formato,"100x100, 60x120",1,1,100x100,Tipo de pieza,Baldosa,1,1,,Espesor,9 mm,1,1,,Acabado,Brillo,1,1,,Material,Porcelánico,1,1,,Uso,"Pavimento, Revestimiento",1,1,,Familia,Porce Plus,1,1,,Estilo,Mármol,1,1,,Tono,Blanco,0,1,,Espacio,"Baño, Cocina, Salón, Dormitorio",1,1,,Ubicación,Interior,1,1,,Antideslizante,No,1,1,,Versión antideslizante,No,1,0,,,,,,,,,,,,"Interior: salón, cocina, baño y dormitorio; formatos grandes",Porce Plus,Imperial Calacatta,Esmalto,Ecoceramic,fichas/esmalto-ficha-imperial-calacatta.pdf,Mármol,Material: Porcelánico | Acabado: Brillo | Uso: Pavimento y revestimiento | Espesor: 9 MM | Antideslizante: No | Versión antideslizante disponible: No | Tipo de pieza: Baldosa,Imperial Calacatta | Porcelánico Porce Plus | Esmalto,"Serie Imperial Calacatta en porcelánico, acabado brillo. 1 color y 2 formatos.",,,,,,,,,,,,,,,,
,variation,ESM-IMPERIAL-CALACATTA-IMPERIAL-CALACATTA-100X100-BRI,Imperial Calacatta Imperial Calacatta 100x100 Brillo,1,0,visible,,,taxable,parent,1,,0,0,41.15,0,,,,,https://raw.githubusercontent.com/kumen360/ESMALTO/main/catalogo/img/imperial-calacatta/esmalto-pz-imperial-calacatta-100x100.webp,ESM-IMPERIAL-CALACATTA,175,Formato,100x100,1,1,,,,,,,,,,,,,,,,,,,,,,,,,,,,,,,,,,,,,,,,,,,,,,,,,,,,,,,,,,,,,,,,,,,,,,,,,,,,,,,,,,,,,,,2,41.15,2,27,54.00,1133.05,5,100x100,9 mm,Porcelánico,Brillo,Pavimento y revestimiento,,No,No,
,variation,ESM-IMPERIAL-CALACATTA-IMPERIAL-CALACATTA-60X120-BRI,Imperial Calacatta Imperial Calacatta 60x120 Brillo,1,0,visible,,,taxable,parent,1,,0,0,28.62,0,,,,,https://raw.githubusercontent.com/kumen360/ESMALTO/main/catalogo/img/imperial-calacatta/esmalto-pz-imperial-calacatta-100x100.webp,ESM-IMPERIAL-CALACATTA,176,Formato,60x120,1,1,,,,,,,,,,,,,,,,,,,,,,,,,,,,,,,,,,,,,,,,,,,,,,,,,,,,,,,,,,,,,,,,,,,,,,,,,,,,,,,,,,,,,,,1.44,28.62,2,36,51.84,1055.32,5,60x120,9 mm,Porcelánico,Brillo,Pavimento y revestimiento,,No,No,
,variable,ESM-COLOSSO,Colosso,1,1,visible,"Serie Colosso en porcelánico, acabado mate. 2 colores y 1 formato.","<p>Colosso reinterpreta la nobleza del mármol travertino desde una mirada contemporánea. Sus estratos horizontales y matices suaves aportan ritmo, profundidad y una sensación de solidez serena.</p><h3>Características técnicas</h3><ul><li><strong>Material:</strong> Porcelánico</li><li><strong>Acabado:</strong> Mate</li><li><strong>Uso:</strong> Pavimento/Revestimiento</li><li><strong>Espesor:</strong> 9 MM</li><li><strong>Rectificado:</strong> Sí</li><li><strong>Antideslizante:</strong> No</li><li><strong>Versión antideslizante:</strong> No</li><li><strong>Destonificación:</strong> V2 Travertino estratos</li><li><strong>Tipo de pieza:</strong> Baldosa</li><li><strong>Familia:</strong> Porcelain</li></ul><p><strong>Colores disponibles:</strong> Gold, Light.<br><strong>Formatos:</strong> 60x120.</p><p><strong>Espacios recomendados:</strong> Interior: salón, baño.</p><h3>Datos de embalaje</h3><table><thead><tr><th>Formato</th><th>Pz/caja</th><th>m²/caja</th><th>Kg/caja</th><th>Cajas/palet</th><th>m²/palet</th><th>Kg/palet</th></tr></thead><tbody><tr><td>60x120</td><td>2</td><td>1,44</td><td>28,62</td><td>36</td><td>51,84</td><td>1055,32</td></tr></tbody></table>",taxable,,1,,0,0,,0,,,Pavimentos y revestimientos > Porcelain,,"https://raw.githubusercontent.com/kumen360/ESMALTO/main/catalogo/img/colosso/esmalto-amb-colosso-light-gold-60x120-bathroom.webp, https://raw.githubusercontent.com/kumen360/ESMALTO/main/catalogo/img/colosso/esmalto-amb-colosso-light-gold-60x120-detalle.webp, https://raw.githubusercontent.com/kumen360/ESMALTO/main/catalogo/img/colosso/esmalto-pz-colosso-gold-60x120.webp, https://raw.githubusercontent.com/kumen360/ESMALTO/main/catalogo/img/colosso/esmalto-pz-colosso-light-60x120.webp",,2,Color,"Gold, Light",1,1,Gold,Formato,60x120,1,1,,Tipo de pieza,Baldosa,1,1,,Espesor,9 mm,1,1,,Acabado,Mate,1,1,,Material,Porcelánico,1,1,,Uso,"Pavimento, Revestimiento",1,1,,Familia,Porcelain,1,1,,Estilo,Mármol,1,1,,Tono,Beige,0,1,,Espacio,"Baño, Salón",1,1,,Ubicación,Interior,1,1,,Antideslizante,No,1,1,,Rectificado,Sí,1,0,,Destonificación,V2 Travertino estratos,1,0,,Versión antideslizante,No,1,0,,"Interior: salón, baño",Porcelain,Colosso,Esmalto,Ecoceramic,fichas/esmalto-ficha-colosso.pdf,Mármol,Material: Porcelánico | Acabado: Mate | Uso: Pavimento/Revestimiento | Espesor: 9 MM | Rectificado: Sí | Antideslizante: No | Versión antideslizante disponible: No | Destonificación: V2 Travertino estratos | Tipo de pieza: Baldosa,Colosso | Porcelánico Porcelain | Esmalto,"Serie Colosso en porcelánico, acabado mate. 2 colores y 1 formato.",,,,,,,,,,,,,,,,
,variation,ESM-COLOSSO-GOLD-60X120,Colosso Gold 60x120,1,0,visible,,,taxable,parent,1,,0,0,28.62,0,,,,,https://raw.githubusercontent.com/kumen360/ESMALTO/main/catalogo/img/colosso/esmalto-pz-colosso-gold-60x120.webp,ESM-COLOSSO,118,Color,Gold,1,1,,,,,,,,,,,,,,,,,,,,,,,,,,,,,,,,,,,,,,,,,,,,,,,,,,,,,,,,,,,,,,,,,,,,,,,,,,,,,,,,,,,,,,,1.44,28.62,2,36,51.84,1055.32,14,60x120,9 mm,Porcelánico,Mate,Pavimento/Revestimiento,Sí,No,No,V2 Travertino estratos
,variation,ESM-COLOSSO-LIGHT-60X120,Colosso Light 60x120,1,0,visible,,,taxable,parent,1,,0,0,28.62,0,,,,,https://raw.githubusercontent.com/kumen360/ESMALTO/main/catalogo/img/colosso/esmalto-pz-colosso-light-60x120.webp,ESM-COLOSSO,119,Color,Light,1,1,,,,,,,,,,,,,,,,,,,,,,,,,,,,,,,,,,,,,,,,,,,,,,,,,,,,,,,,,,,,,,,,,,,,,,,,,,,,,,,,,,,,,,,1.44,28.62,2,36,51.84,1055.32,14,60x120,9 mm,Porcelánico,Mate,Pavimento/Revestimiento,Sí,No,No,V2 Travertino estratos
,variable,ESM-HARPER,Harper,1,1,visible,"Serie Harper en porcelánico, acabado mate. 3 colores y 2 formatos.","<p>La serie <strong>Harper</strong> está fabricada en porcelánico con acabado mate. Se presenta en 3 colores y 2 formatos, con un total de 6 referencias.</p><h3>Características técnicas</h3><ul><li><strong>Material:</strong> Porcelánico</li><li><strong>Acabado:</strong> Mate</li><li><strong>Uso:</strong> Pavimento y revestimiento</li><li><strong>Espesor:</strong> 9 MM</li><li><strong>Antideslizante:</strong> No</li><li><strong>Versión antideslizante:</strong> No</li><li><strong>Tipo de pieza:</strong> Baldosa</li><li><strong>Familia:</strong> Eco Woods</li></ul><p><strong>Colores disponibles:</strong> Haya, Natural, Taupe.<br><strong>Formatos:</strong> 20x120, 25x150.</p><p><strong>Espacios recomendados:</strong> Interior: salón, dormitorio, cocina y baño; efecto madera.</p><h3>Datos de embalaje</h3><table><thead><tr><th>Formato</th><th>Pz/caja</th><th>m²/caja</th><th>Kg/caja</th><th>Cajas/palet</th><th>m²/palet</th><th>Kg/palet</th></tr></thead><tbody><tr><td>20x120</td><td>7</td><td>1,68</td><td>32</td><td>44</td><td>73,92</td><td>1437</td></tr><tr><td>25x150</td><td>4</td><td>1,50</td><td>35</td><td>40</td><td>60</td><td>1464</td></tr></tbody></table>",taxable,,1,,0,0,,0,,,Pavimentos y revestimientos > Eco Woods,,"https://raw.githubusercontent.com/kumen360/ESMALTO/main/catalogo/img/harper/esmalto-amb-harper-haya-20x120.webp, https://raw.githubusercontent.com/kumen360/ESMALTO/main/catalogo/img/harper/esmalto-amb-harper-haya-20x120-120x280.webp, https://raw.githubusercontent.com/kumen360/ESMALTO/main/catalogo/img/harper/esmalto-amb-harper-haya-20x120-detalle.webp, https://raw.githubusercontent.com/kumen360/ESMALTO/main/catalogo/img/harper/esmalto-amb-harper-haya-sand-20x120-120x120.webp, https://raw.githubusercontent.com/kumen360/ESMALTO/main/catalogo/img/harper/esmalto-amb-harper-natural-20x120.webp, https://raw.githubusercontent.com/kumen360/ESMALTO/main/catalogo/img/harper/esmalto-amb-harper-natural-20x120-detalle.webp, https://raw.githubusercontent.com/kumen360/ESMALTO/main/catalogo/img/harper/esmalto-amb-harper-natural-sand-20x120-120x120.webp, https://raw.githubusercontent.com/kumen360/ESMALTO/main/catalogo/img/harper/esmalto-amb-harper-taupe-20x120.webp, https://raw.githubusercontent.com/kumen360/ESMALTO/main/catalogo/img/harper/esmalto-amb-harper-taupe-20x120-detalle.webp, https://raw.githubusercontent.com/kumen360/ESMALTO/main/catalogo/img/harper/esmalto-amb-harper-taupe-sand-20x120-120x120.webp, https://raw.githubusercontent.com/kumen360/ESMALTO/main/catalogo/img/harper/esmalto-pz-harper-haya-20x120.webp, https://raw.githubusercontent.com/kumen360/ESMALTO/main/catalogo/img/harper/esmalto-pz-harper-natural-20x120.webp, https://raw.githubusercontent.com/kumen360/ESMALTO/main/catalogo/img/harper/esmalto-pz-harper-taupe-20x120.webp",,3,Color,"Haya, Natural, Taupe",1,1,Haya,Formato,"20x120, 25x150",1,1,20x120,Tipo de pieza,Baldosa,1,1,,Espesor,9 mm,1,1,,Acabado,Mate,1,1,,Material,Porcelánico,1,1,,Uso,"Pavimento, Revestimiento",1,1,,Familia,Eco Woods,1,1,,Estilo,Madera,1,1,,Tono,Marrón,0,1,,Espacio,"Baño, Cocina, Salón, Dormitorio",1,1,,Ubicación,Interior,1,1,,Antideslizante,No,1,1,,Versión antideslizante,No,1,0,,,,,,,,,,,,"Interior: salón, dormitorio, cocina y baño; efecto madera",Eco Woods,Harper,Esmalto,Ecoceramic,fichas/esmalto-ficha-harper.pdf,Madera,Material: Porcelánico | Acabado: Mate | Uso: Pavimento y revestimiento | Espesor: 9 MM | Antideslizante: No | Versión antideslizante disponible: No | Tipo de pieza: Baldosa,Harper | Porcelánico Eco Woods | Esmalto,"Serie Harper en porcelánico, acabado mate. 3 colores y 2 formatos.",,,,,,,,,,,,,,,,
,variation,ESM-HARPER-HAYA-20X120,Harper Haya 20x120,1,0,visible,,,taxable,parent,1,,0,0,32,0,,,,,https://raw.githubusercontent.com/kumen360/ESMALTO/main/catalogo/img/harper/esmalto-pz-harper-haya-20x120.webp,ESM-HARPER,141,Color,Haya,1,1,,Formato,20x120,1,1,,,,,,,,,,,,,,,,,,,,,,,,,,,,,,,,,,,,,,,,,,,,,,,,,,,,,,,,,,,,,,,,,,,,,,,,,,,,,,,,,,1.68,32,7,44,73.92,1437,21,20x120,9 mm,Porcelánico,Mate,Pavimento y revestimiento,,No,No,
,variation,ESM-HARPER-NATURAL-20X120,Harper Natural 20x120,1,0,visible,,,taxable,parent,1,,0,0,32,0,,,,,https://raw.githubusercontent.com/kumen360/ESMALTO/main/catalogo/img/harper/esmalto-pz-harper-natural-20x120.webp,ESM-HARPER,142,Color,Natural,1,1,,Formato,20x120,1,1,,,,,,,,,,,,,,,,,,,,,,,,,,,,,,,,,,,,,,,,,,,,,,,,,,,,,,,,,,,,,,,,,,,,,,,,,,,,,,,,,,1.68,32,7,44,73.92,1437,21,20x120,9 mm,Porcelánico,Mate,Pavimento y revestimiento,,No,No,
,variation,ESM-HARPER-TAUPE-20X120,Harper Taupe 20x120,1,0,visible,,,taxable,parent,1,,0,0,32,0,,,,,https://raw.githubusercontent.com/kumen360/ESMALTO/main/catalogo/img/harper/esmalto-pz-harper-taupe-20x120.webp,ESM-HARPER,143,Color,Taupe,1,1,,Formato,20x120,1,1,,,,,,,,,,,,,,,,,,,,,,,,,,,,,,,,,,,,,,,,,,,,,,,,,,,,,,,,,,,,,,,,,,,,,,,,,,,,,,,,,,1.68,32,7,44,73.92,1437,21,20x120,9 mm,Porcelánico,Mate,Pavimento y revestimiento,,No,No,
,variation,ESM-HARPER-HAYA-25X150,Harper Haya 25x150,1,0,visible,,,taxable,parent,1,,0,0,35,0,,,,,https://raw.githubusercontent.com/kumen360/ESMALTO/main/catalogo/img/harper/esmalto-pz-harper-haya-20x120.webp,ESM-HARPER,144,Color,Haya,1,1,,Formato,25x150,1,1,,,,,,,,,,,,,,,,,,,,,,,,,,,,,,,,,,,,,,,,,,,,,,,,,,,,,,,,,,,,,,,,,,,,,,,,,,,,,,,,,,1.5,35,4,40,60,1464,21,25x150,9 mm,Porcelánico,Mate,Pavimento y revestimiento,,No,No,
,variation,ESM-HARPER-NATURAL-25X150,Harper Natural 25x150,1,0,visible,,,taxable,parent,1,,0,0,35,0,,,,,https://raw.githubusercontent.com/kumen360/ESMALTO/main/catalogo/img/harper/esmalto-pz-harper-natural-20x120.webp,ESM-HARPER,145,Color,Natural,1,1,,Formato,25x150,1,1,,,,,,,,,,,,,,,,,,,,,,,,,,,,,,,,,,,,,,,,,,,,,,,,,,,,,,,,,,,,,,,,,,,,,,,,,,,,,,,,,,1.5,35,4,40,60,1464,21,25x150,9 mm,Porcelánico,Mate,Pavimento y revestimiento,,No,No,
,variation,ESM-HARPER-TAUPE-25X150,Harper Taupe 25x150,1,0,visible,,,taxable,parent,1,,0,0,35,0,,,,,https://raw.githubusercontent.com/kumen360/ESMALTO/main/catalogo/img/harper/esmalto-pz-harper-taupe-20x120.webp,ESM-HARPER,146,Color,Taupe,1,1,,Formato,25x150,1,1,,,,,,,,,,,,,,,,,,,,,,,,,,,,,,,,,,,,,,,,,,,,,,,,,,,,,,,,,,,,,,,,,,,,,,,,,,,,,,,,,,1.5,35,4,40,60,1464,21,25x150,9 mm,Porcelánico,Mate,Pavimento y revestimiento,,No,No,
,variable,ESM-ALASKA,Alaska,1,0,visible,"Serie Alaska en porcelánico, acabado mate y brillo. 1 color y 3 formatos.","<p>La serie <strong>Alaska</strong> está fabricada en porcelánico con acabado mate y brillo. Se presenta en 1 color y 3 formatos, con un total de 4 referencias.</p><h3>Características técnicas</h3><ul><li><strong>Material:</strong> Porcelánico</li><li><strong>Acabado:</strong> Mate y Brillo</li><li><strong>Uso:</strong> Pavimento y revestimiento</li><li><strong>Espesor:</strong> 9 MM</li><li><strong>Antideslizante:</strong> No</li><li><strong>Versión antideslizante:</strong> No</li><li><strong>Tipo de pieza:</strong> Baldosa</li><li><strong>Familia:</strong> Porcelain</li></ul><p><strong>Colores disponibles:</strong> Blanco.<br><strong>Formatos:</strong> 60x120, 60x60, 30x60.</p><p><strong>Espacios recomendados:</strong> Interior y exterior: salón, cocina, baño, terraza y fachada.</p><h3>Datos de embalaje</h3><table><thead><tr><th>Formato</th><th>Pz/caja</th><th>m²/caja</th><th>Kg/caja</th><th>Cajas/palet</th><th>m²/palet</th><th>Kg/palet</th></tr></thead><tbody><tr><td>30x60</td><td>6</td><td>1,08</td><td>22,63</td><td>48</td><td>51,84</td><td>1106</td></tr><tr><td>60.8x60.8</td><td>4</td><td>1,48</td><td>29,70</td><td>30</td><td>44,40</td><td>911</td></tr><tr><td>60x120</td><td>2</td><td>1,44</td><td>28,62</td><td>36</td><td>51,84</td><td>1055</td></tr><tr><td>60x60</td><td>4</td><td>1,44</td><td>30</td><td>30</td><td>43,20</td><td>912</td></tr></tbody></table>",taxable,,1,,0,0,,0,,,Pavimentos y revestimientos > Porcelain,,"https://raw.githubusercontent.com/kumen360/ESMALTO/main/catalogo/img/alaska/esmalto-amb-alaska.webp, https://raw.githubusercontent.com/kumen360/ESMALTO/main/catalogo/img/alaska/esmalto-amb-alaska-03.webp, https://raw.githubusercontent.com/kumen360/ESMALTO/main/catalogo/img/alaska/esmalto-amb-alaska-blanco-mate-60x120.webp, https://raw.githubusercontent.com/kumen360/ESMALTO/main/catalogo/img/alaska/esmalto-amb-alaska-brillo-75x75.webp, https://raw.githubusercontent.com/kumen360/ESMALTO/main/catalogo/img/alaska/esmalto-amb-alaska-mate-60x60.webp, https://raw.githubusercontent.com/kumen360/ESMALTO/main/catalogo/img/alaska/esmalto-amb-alaska-v2.webp, https://raw.githubusercontent.com/kumen360/ESMALTO/main/catalogo/img/alaska/esmalto-amb-alaska-v3.webp, https://raw.githubusercontent.com/kumen360/ESMALTO/main/catalogo/img/alaska/esmalto-pz-alaska-30x60.webp, https://raw.githubusercontent.com/kumen360/ESMALTO/main/catalogo/img/alaska/esmalto-pz-alaska-30x60-v2.webp, https://raw.githubusercontent.com/kumen360/ESMALTO/main/catalogo/img/alaska/esmalto-pz-alaska-60x60.webp, https://raw.githubusercontent.com/kumen360/ESMALTO/main/catalogo/img/alaska/esmalto-pz-alaska-brillo.webp, https://raw.githubusercontent.com/kumen360/ESMALTO/main/catalogo/img/alaska/esmalto-pz-alaska-brillo-30x30-5x5.webp, https://raw.githubusercontent.com/kumen360/ESMALTO/main/catalogo/img/alaska/esmalto-pz-alaska-esquema-mallas.webp, https://raw.githubusercontent.com/kumen360/ESMALTO/main/catalogo/img/alaska/esmalto-pz-alaska-malla-mate.webp, https://raw.githubusercontent.com/kumen360/ESMALTO/main/catalogo/img/alaska/esmalto-pz-alaska-mate-60x120.webp",,4,Color,Blanco,1,1,,Formato,"60x120, 60x60, 30x60",1,1,60x120,Tipo de pieza,Baldosa,1,1,,Espesor,9 mm,1,1,,Acabado,"Mate, Brillo",1,1,Mate,Material,Porcelánico,1,1,,Uso,"Pavimento, Revestimiento",1,1,,Familia,Porcelain,1,1,,Estilo,Liso,1,1,,Tono,Blanco,0,1,,Espacio,"Baño, Cocina, Salón, Terraza, Fachada",1,1,,Ubicación,"Interior, Exterior",1,1,,Antideslizante,No,1,1,,Versión antideslizante,No,1,0,,,,,,,,,,,,"Interior y exterior: salón, cocina, baño, terraza y fachada",Porcelain,Alaska,Esmalto,Ecoceramic,fichas/esmalto-ficha-alaska.pdf,Liso,Material: Porcelánico | Acabado: Mate | Uso: Pavimento y revestimiento | Espesor: 9 MM | Antideslizante: No | Versión antideslizante disponible: No | Tipo de pieza: Baldosa,Alaska | Porcelánico Porcelain | Esmalto,"Serie Alaska en porcelánico, acabado mate y brillo. 1 color y 3 formatos.",,,,,,,,,,,,,,,,
,variation,ESM-ALASKA-BLANCO-30X60,Alaska Blanco 30x60,1,0,visible,,,taxable,parent,1,,0,0,22.63,0,,,,,https://raw.githubusercontent.com/kumen360/ESMALTO/main/catalogo/img/alaska/esmalto-pz-alaska-30x60.webp,ESM-ALASKA,1,Formato,30x60,1,1,,Acabado,Mate,1,1,,,,,,,,,,,,,,,,,,,,,,,,,,,,,,,,,,,,,,,,,,,,,,,,,,,,,,,,,,,,,,,,,,,,,,,,,,,,,,,,,,1.08,22.63,6,48,51.84,1106,1,30x60,9 mm,Porcelánico,Mate,Pavimento y revestimiento,,No,No,
,variation,ESM-ALASKA-BLANCO-60X120,Alaska Blanco 60x120,1,0,visible,,,taxable,parent,1,,0,0,28.62,0,,,,,https://raw.githubusercontent.com/kumen360/ESMALTO/main/catalogo/img/alaska/esmalto-pz-alaska-mate-60x120.webp,ESM-ALASKA,2,Formato,60x120,1,1,,Acabado,Mate,1,1,,,,,,,,,,,,,,,,,,,,,,,,,,,,,,,,,,,,,,,,,,,,,,,,,,,,,,,,,,,,,,,,,,,,,,,,,,,,,,,,,,1.44,28.62,2,36,51.84,1055,1,60x120,9 mm,Porcelánico,Mate,Pavimento y revestimiento,,No,No,
,variation,ESM-ALASKA-BLANCO-60X120-BRI,Alaska Blanco 60x120 Brillo,1,0,visible,,,taxable,parent,1,,0,0,28.62,0,,,,,https://raw.githubusercontent.com/kumen360/ESMALTO/main/catalogo/img/alaska/esmalto-pz-alaska-brillo.webp,ESM-ALASKA,3,Formato,60x120,1,1,,Acabado,Brillo,1,1,,,,,,,,,,,,,,,,,,,,,,,,,,,,,,,,,,,,,,,,,,,,,,,,,,,,,,,,,,,,,,,,,,,,,,,,,,,,,,,,,,1.44,28.62,2,36,51.84,1055,1,60x120,9 mm,Porcelánico,Brillo,Pavimento y revestimiento,,No,No,
,variation,ESM-ALASKA-BLANCO-60X60,Alaska Blanco 60x60,1,0,visible,,,taxable,parent,1,,0,0,30,0,,,,,https://raw.githubusercontent.com/kumen360/ESMALTO/main/catalogo/img/alaska/esmalto-pz-alaska-60x60.webp,ESM-ALASKA,4,Formato,60x60,1,1,,Acabado,Mate,1,1,,,,,,,,,,,,,,,,,,,,,,,,,,,,,,,,,,,,,,,,,,,,,,,,,,,,,,,,,,,,,,,,,,,,,,,,,,,,,,,,,,1.44,30,4,30,43.20,912,1,60x60,9 mm,Porcelánico,Mate,Pavimento y revestimiento,,No,No,
,variable,ESM-ARENISCA,Arenisca,1,0,visible,"Serie Arenisca en porcelánico y pasta blanca, acabado mate. 4 colores y 5 formatos.","<p>La serie <strong>Arenisca</strong> está fabricada en porcelánico y pasta blanca con acabado mate. Se presenta en 4 colores y 5 formatos, con un total de 24 referencias.</p><h3>Características técnicas</h3><ul><li><strong>Material:</strong> Porcelánico y Pasta blanca</li><li><strong>Acabado:</strong> Mate</li><li><strong>Uso:</strong> Pavimento y revestimiento</li><li><strong>Espesor:</strong> 9 MM</li><li><strong>Antideslizante:</strong> No</li><li><strong>Versión antideslizante:</strong> No / Sí</li><li><strong>Tipo de pieza:</strong> Baldosa y Relieve</li><li><strong>Familia:</strong> Porcelain</li></ul><p><strong>Colores disponibles:</strong> Arena, Perla, Gris, Marengo.<br><strong>Formatos:</strong> 60x120, 90x90, 75x75, 60x60, 30x90.</p><p><strong>Espacios recomendados:</strong> Interior y exterior: salón, cocina, baño, terraza y fachada.</p><h3>Datos de embalaje</h3><table><thead><tr><th>Formato</th><th>Pz/caja</th><th>m²/caja</th><th>Kg/caja</th><th>Cajas/palet</th><th>m²/palet</th><th>Kg/palet</th></tr></thead><tbody><tr><td>120x280</td><td>1</td><td>3,36</td><td>52</td><td>20</td><td>67,20</td><td>1140</td></tr><tr><td>30x90</td><td>5</td><td>1,35</td><td>20,22</td><td>63</td><td>85,05</td><td>1299</td></tr><tr><td>60.8x60.8</td><td>4</td><td>1,48</td><td>29,70</td><td>30</td><td>44,40</td><td>911</td></tr><tr><td>60x120</td><td>2</td><td>1,44</td><td>58,50</td><td>18</td><td>25,92</td><td>1078</td></tr><tr><td>60x60</td><td>3</td><td>1,08</td><td>43</td><td>20</td><td>21,60</td><td>880</td></tr><tr><td>60x90</td><td>2</td><td>1,08</td><td>45</td><td>22</td><td>23,76</td><td>1015</td></tr><tr><td>75x75</td><td>3</td><td>1,69</td><td>34</td><td>36</td><td>60,84</td><td>1244</td></tr><tr><td>90x90</td><td>2</td><td>1,62</td><td>33</td><td>32</td><td>51,84</td><td>1081</td></tr></tbody></table>",taxable,,1,,0,0,,0,,,Pavimentos y revestimientos > Porcelain,,"https://raw.githubusercontent.com/kumen360/ESMALTO/main/catalogo/img/arenisca/eco20/esmalto-amb-arenisca-eco20-gris-detalle.webp, https://raw.githubusercontent.com/kumen360/ESMALTO/main/catalogo/img/arenisca/eco20/esmalto-amb-arenisca-eco20-gris-detalle-outdoor.webp, https://raw.githubusercontent.com/kumen360/ESMALTO/main/catalogo/img/arenisca/eco20/esmalto-amb-arenisca-eco20-gris-outdoor.webp, https://raw.githubusercontent.com/kumen360/ESMALTO/main/catalogo/img/arenisca/eco20/esmalto-amb-arenisca-eco20-marengo.webp, https://raw.githubusercontent.com/kumen360/ESMALTO/main/catalogo/img/arenisca/eco20/esmalto-amb-arenisca-eco20-marengo-detalle-outdoor.webp, https://raw.githubusercontent.com/kumen360/ESMALTO/main/catalogo/img/arenisca/eco20/esmalto-amb-arenisca-eco20-marengo-outdoor.webp, https://raw.githubusercontent.com/kumen360/ESMALTO/main/catalogo/img/arenisca/eco20/esmalto-amb-arenisca-eco20-perla.webp, https://raw.githubusercontent.com/kumen360/ESMALTO/main/catalogo/img/arenisca/eco20/esmalto-amb-arenisca-eco20-perla-detalle-outdoor.webp, https://raw.githubusercontent.com/kumen360/ESMALTO/main/catalogo/img/arenisca/eco20/esmalto-amb-arenisca-eco20-perla-outdoor.webp, https://raw.githubusercontent.com/kumen360/ESMALTO/main/catalogo/img/arenisca/ecowhite/esmalto-amb-arenisca-ecowhite-arena-bathroom.webp, https://raw.githubusercontent.com/kumen360/ESMALTO/main/catalogo/img/arenisca/ecowhite/esmalto-amb-arenisca-ecowhite-arena-detalle-bathroom.webp, https://raw.githubusercontent.com/kumen360/ESMALTO/main/catalogo/img/arenisca/ecowhite/esmalto-amb-arenisca-ecowhite-dc-arena-30x90.webp, https://raw.githubusercontent.com/kumen360/ESMALTO/main/catalogo/img/arenisca/ecowhite/esmalto-amb-arenisca-ecowhite-dc-marengo-blanco-30x90.webp, https://raw.githubusercontent.com/kumen360/ESMALTO/main/catalogo/img/arenisca/ecowhite/esmalto-amb-arenisca-ecowhite-dc-perla-30x90.webp, https://raw.githubusercontent.com/kumen360/ESMALTO/main/catalogo/img/arenisca/ecowhite/esmalto-amb-arenisca-ecowhite-gris-detalle-bathroom.webp, https://raw.githubusercontent.com/kumen360/ESMALTO/main/catalogo/img/arenisca/ecowhite/esmalto-amb-arenisca-ecowhite-marengo-30x90.webp, https://raw.githubusercontent.com/kumen360/ESMALTO/main/catalogo/img/arenisca/ecowhite/esmalto-amb-arenisca-ecowhite-marengo-bathroom.webp, https://raw.githubusercontent.com/kumen360/ESMALTO/main/catalogo/img/arenisca/ecowhite/esmalto-amb-arenisca-ecowhite-perla-bathroom.webp, https://raw.githubusercontent.com/kumen360/ESMALTO/main/catalogo/img/arenisca/ecowhite/esmalto-amb-arenisca-ecowhite-perla-detalle-bathroom.webp, https://raw.githubusercontent.com/kumen360/ESMALTO/main/catalogo/img/arenisca/ecowhite/esmalto-amb-arenisca-ecowhite-rlv-arena-01.webp, https://raw.githubusercontent.com/kumen360/ESMALTO/main/catalogo/img/arenisca/ecowhite/esmalto-amb-arenisca-ecowhite-rlv-arena-detalle.webp, https://raw.githubusercontent.com/kumen360/ESMALTO/main/catalogo/img/arenisca/ecowhite/esmalto-amb-arenisca-ecowhite-rlv-blanco-detalle.webp, https://raw.githubusercontent.com/kumen360/ESMALTO/main/catalogo/img/arenisca/ecowhite/esmalto-amb-arenisca-ecowhite-rlv-marengo-01.webp, https://raw.githubusercontent.com/kumen360/ESMALTO/main/catalogo/img/arenisca/ecowhite/esmalto-amb-arenisca-ecowhite-rlv-marengo-detalle.webp, https://raw.githubusercontent.com/kumen360/ESMALTO/main/catalogo/img/arenisca/ecowhite/esmalto-amb-arenisca-ecowhite-rlv-perla-01.webp, https://raw.githubusercontent.com/kumen360/ESMALTO/main/catalogo/img/arenisca/ecowhite/esmalto-amb-arenisca-ecowhite-rlv-perla-detalle.webp, https://raw.githubusercontent.com/kumen360/ESMALTO/main/catalogo/img/arenisca/por/esmalto-amb-arenisca-por-arena.webp, https://raw.githubusercontent.com/kumen360/ESMALTO/main/catalogo/img/arenisca/por/esmalto-amb-arenisca-por-arena-90x90.webp, https://raw.githubusercontent.com/kumen360/ESMALTO/main/catalogo/img/arenisca/por/esmalto-amb-arenisca-por-gris-60x60-60x120.webp, https://raw.githubusercontent.com/kumen360/ESMALTO/main/catalogo/img/arenisca/por/esmalto-amb-arenisca-por-gris-90x90.webp, https://raw.githubusercontent.com/kumen360/ESMALTO/main/catalogo/img/arenisca/por/esmalto-amb-arenisca-por-gris-bedroom.webp, https://raw.githubusercontent.com/kumen360/ESMALTO/main/catalogo/img/arenisca/por/esmalto-amb-arenisca-por-gris-outdoor.webp, https://raw.githubusercontent.com/kumen360/ESMALTO/main/catalogo/img/arenisca/por/esmalto-amb-arenisca-por-malla-vogue-60x60-60x120.webp, https://raw.githubusercontent.com/kumen360/ESMALTO/main/catalogo/img/arenisca/por/esmalto-amb-arenisca-por-malla-vogue-detalle.webp, https://raw.githubusercontent.com/kumen360/ESMALTO/main/catalogo/img/arenisca/por/esmalto-amb-arenisca-por-perla.webp, https://raw.githubusercontent.com/kumen360/ESMALTO/main/catalogo/img/arenisca/por/esmalto-amb-arenisca-por-perla-90x90.webp, https://raw.githubusercontent.com/kumen360/ESMALTO/main/catalogo/img/arenisca/por/esmalto-amb-arenisca-por-perla-v2.webp, https://raw.githubusercontent.com/kumen360/ESMALTO/main/catalogo/img/arenisca/eco20/esmalto-pz-arenisca-eco20-arena-60x120.webp, https://raw.githubusercontent.com/kumen360/ESMALTO/main/catalogo/img/arenisca/eco20/esmalto-pz-arenisca-eco20-arena-60x60.webp, https://raw.githubusercontent.com/kumen360/ESMALTO/main/catalogo/img/arenisca/eco20/esmalto-pz-arenisca-eco20-gris-60x120.webp, https://raw.githubusercontent.com/kumen360/ESMALTO/main/catalogo/img/arenisca/eco20/esmalto-pz-arenisca-eco20-gris-60x60.webp, https://raw.githubusercontent.com/kumen360/ESMALTO/main/catalogo/img/arenisca/eco20/esmalto-pz-arenisca-eco20-marengo-60x120.webp, https://raw.githubusercontent.com/kumen360/ESMALTO/main/catalogo/img/arenisca/eco20/esmalto-pz-arenisca-eco20-marengo-60x60.webp, https://raw.githubusercontent.com/kumen360/ESMALTO/main/catalogo/img/arenisca/eco20/esmalto-pz-arenisca-eco20-perla-60x120.webp, https://raw.githubusercontent.com/kumen360/ESMALTO/main/catalogo/img/arenisca/eco20/esmalto-pz-arenisca-eco20-perla-60x60.webp, https://raw.githubusercontent.com/kumen360/ESMALTO/main/catalogo/img/arenisca/ecowhite/esmalto-pz-arenisca-ecowhite-arena.webp, https://raw.githubusercontent.com/kumen360/ESMALTO/main/catalogo/img/arenisca/ecowhite/esmalto-pz-arenisca-ecowhite-arena-30x90.webp, https://raw.githubusercontent.com/kumen360/ESMALTO/main/catalogo/img/arenisca/ecowhite/esmalto-pz-arenisca-ecowhite-blanco.webp, https://raw.githubusercontent.com/kumen360/ESMALTO/main/catalogo/img/arenisca/ecowhite/esmalto-pz-arenisca-ecowhite-blanco-30x90.webp, https://raw.githubusercontent.com/kumen360/ESMALTO/main/catalogo/img/arenisca/ecowhite/esmalto-pz-arenisca-ecowhite-dc-arena.webp, https://raw.githubusercontent.com/kumen360/ESMALTO/main/catalogo/img/arenisca/ecowhite/esmalto-pz-arenisca-ecowhite-dc-arena-30x90.webp, https://raw.githubusercontent.com/kumen360/ESMALTO/main/catalogo/img/arenisca/ecowhite/esmalto-pz-arenisca-ecowhite-dc-blanco.webp, https://raw.githubusercontent.com/kumen360/ESMALTO/main/catalogo/img/arenisca/ecowhite/esmalto-pz-arenisca-ecowhite-dc-blanco-30x90.webp, https://raw.githubusercontent.com/kumen360/ESMALTO/main/catalogo/img/arenisca/ecowhite/esmalto-pz-arenisca-ecowhite-dc-marengo.webp, https://raw.githubusercontent.com/kumen360/ESMALTO/main/catalogo/img/arenisca/ecowhite/esmalto-pz-arenisca-ecowhite-dc-marengo-30x90.webp, https://raw.githubusercontent.com/kumen360/ESMALTO/main/catalogo/img/arenisca/ecowhite/esmalto-pz-arenisca-ecowhite-dc-perla.webp, https://raw.githubusercontent.com/kumen360/ESMALTO/main/catalogo/img/arenisca/ecowhite/esmalto-pz-arenisca-ecowhite-dc-perla-30x90.webp, https://raw.githubusercontent.com/kumen360/ESMALTO/main/catalogo/img/arenisca/ecowhite/esmalto-pz-arenisca-ecowhite-marengo.webp, https://raw.githubusercontent.com/kumen360/ESMALTO/main/catalogo/img/arenisca/ecowhite/esmalto-pz-arenisca-ecowhite-marengo-30x90.webp, https://raw.githubusercontent.com/kumen360/ESMALTO/main/catalogo/img/arenisca/ecowhite/esmalto-pz-arenisca-ecowhite-perla.webp, https://raw.githubusercontent.com/kumen360/ESMALTO/main/catalogo/img/arenisca/ecowhite/esmalto-pz-arenisca-ecowhite-perla-30x90.webp, https://raw.githubusercontent.com/kumen360/ESMALTO/main/catalogo/img/arenisca/ecowhite/esmalto-pz-arenisca-ecowhite-rlv-arena.webp, https://raw.githubusercontent.com/kumen360/ESMALTO/main/catalogo/img/arenisca/ecowhite/esmalto-pz-arenisca-ecowhite-rlv-arena-01.webp, https://raw.githubusercontent.com/kumen360/ESMALTO/main/catalogo/img/arenisca/ecowhite/esmalto-pz-arenisca-ecowhite-rlv-arena-02.webp, https://raw.githubusercontent.com/kumen360/ESMALTO/main/catalogo/img/arenisca/ecowhite/esmalto-pz-arenisca-ecowhite-rlv-arena-03.webp, https://raw.githubusercontent.com/kumen360/ESMALTO/main/catalogo/img/arenisca/ecowhite/esmalto-pz-arenisca-ecowhite-rlv-arena-04.webp, https://raw.githubusercontent.com/kumen360/ESMALTO/main/catalogo/img/arenisca/ecowhite/esmalto-pz-arenisca-ecowhite-rlv-arena-05.webp, https://raw.githubusercontent.com/kumen360/ESMALTO/main/catalogo/img/arenisca/ecowhite/esmalto-pz-arenisca-ecowhite-rlv-arena-30x90.webp, https://raw.githubusercontent.com/kumen360/ESMALTO/main/catalogo/img/arenisca/ecowhite/esmalto-pz-arenisca-ecowhite-rlv-blanco.webp, https://raw.githubusercontent.com/kumen360/ESMALTO/main/catalogo/img/arenisca/ecowhite/esmalto-pz-arenisca-ecowhite-rlv-blanco-30x90.webp, https://raw.githubusercontent.com/kumen360/ESMALTO/main/catalogo/img/arenisca/ecowhite/esmalto-pz-arenisca-ecowhite-rlv-marengo.webp, https://raw.githubusercontent.com/kumen360/ESMALTO/main/catalogo/img/arenisca/ecowhite/esmalto-pz-arenisca-ecowhite-rlv-marengo-30x90.webp, https://raw.githubusercontent.com/kumen360/ESMALTO/main/catalogo/img/arenisca/ecowhite/esmalto-pz-arenisca-ecowhite-rlv-perla.webp, https://raw.githubusercontent.com/kumen360/ESMALTO/main/catalogo/img/arenisca/ecowhite/esmalto-pz-arenisca-ecowhite-rlv-perla-30x90.webp, https://raw.githubusercontent.com/kumen360/ESMALTO/main/catalogo/img/arenisca/por/esmalto-pz-arenisca-por-arena-60x120.webp, https://raw.githubusercontent.com/kumen360/ESMALTO/main/catalogo/img/arenisca/por/esmalto-pz-arenisca-por-arena-60x60.webp, https://raw.githubusercontent.com/kumen360/ESMALTO/main/catalogo/img/arenisca/por/esmalto-pz-arenisca-por-arena-75x75.webp, https://raw.githubusercontent.com/kumen360/ESMALTO/main/catalogo/img/arenisca/por/esmalto-pz-arenisca-por-arena-90x90.webp, https://raw.githubusercontent.com/kumen360/ESMALTO/main/catalogo/img/arenisca/por/esmalto-pz-arenisca-por-gris-60x120.webp, https://raw.githubusercontent.com/kumen360/ESMALTO/main/catalogo/img/arenisca/por/esmalto-pz-arenisca-por-gris-60x60.webp, https://raw.githubusercontent.com/kumen360/ESMALTO/main/catalogo/img/arenisca/por/esmalto-pz-arenisca-por-gris-75x75.webp, https://raw.githubusercontent.com/kumen360/ESMALTO/main/catalogo/img/arenisca/por/esmalto-pz-arenisca-por-gris-90x90.webp, https://raw.githubusercontent.com/kumen360/ESMALTO/main/catalogo/img/arenisca/por/esmalto-pz-arenisca-por-marengo-60x60.webp, https://raw.githubusercontent.com/kumen360/ESMALTO/main/catalogo/img/arenisca/por/esmalto-pz-arenisca-por-marengo-75x75.webp, https://raw.githubusercontent.com/kumen360/ESMALTO/main/catalogo/img/arenisca/por/esmalto-pz-arenisca-por-marengo-90x90.webp, https://raw.githubusercontent.com/kumen360/ESMALTO/main/catalogo/img/arenisca/por/esmalto-pz-arenisca-por-perla-60x60.webp, https://raw.githubusercontent.com/kumen360/ESMALTO/main/catalogo/img/arenisca/por/esmalto-pz-arenisca-por-perla-75x75.webp, https://raw.githubusercontent.com/kumen360/ESMALTO/main/catalogo/img/arenisca/por/esmalto-pz-arenisca-por-perla-90x90.webp",,5,Color,"Arena, Perla, Gris, Marengo",1,1,Arena,Formato,"60x120, 90x90, 75x75, 60x60, 30x90",1,1,60x120,Tipo de pieza,"Baldosa, Relieve",1,1,Baldosa,Espesor,9 mm,1,1,,Acabado,Mate,1,1,,Material,"Porcelánico, Pasta blanca",1,1,,Uso,"Pavimento, Revestimiento",1,1,,Familia,Porcelain,1,1,,Estilo,Piedra,1,1,,Tono,"Beige, Gris",0,1,,Espacio,"Baño, Cocina, Salón, Terraza, Fachada",1,1,,Ubicación,"Interior, Exterior",1,1,,Antideslizante,No,1,1,,Versión antideslizante,"No, Sí",1,0,,,,,,,,,,,,"Interior y exterior: salón, cocina, baño, terraza y fachada",Porcelain,Arenisca,Esmalto,Ecoceramic,fichas/esmalto-ficha-arenisca.pdf,Piedra,Material: Porcelánico | Acabado: Mate | Uso: Pavimento y revestimiento | Espesor: 9 MM | Antideslizante: No | Versión antideslizante disponible: No | Tipo de pieza: Baldosa,Arenisca | Porcelánico Porcelain | Esmalto,"Serie Arenisca en porcelánico y pasta blanca, acabado mate. 4 colores y 5 formatos.",,,,,,,,,,,,,,,,
,variation,ESM-ARENISCA-ARENA-30X90,Arenisca Arena 30x90,1,0,visible,,,taxable,parent,1,,0,0,20.22,0,,,,,https://raw.githubusercontent.com/kumen360/ESMALTO/main/catalogo/img/arenisca/ecowhite/esmalto-pz-arenisca-ecowhite-arena-30x90.webp,ESM-ARENISCA,21,Color,Arena,1,1,,Formato,30x90,1,1,,Tipo de pieza,Baldosa,1,1,,,,,,,,,,,,,,,,,,,,,,,,,,,,,,,,,,,,,,,,,,,,,,,,,,,,,,,,,,,,,,,,,,,,,,,,,,,,,1.35,20.22,5,63,85.05,1299,3,30x90,9 mm,Pasta blanca,Mate,Pavimento y revestimiento,,,,
,variation,ESM-ARENISCA-GRIS-30X90,Arenisca Gris 30x90,1,0,visible,,,taxable,parent,1,,0,0,20.22,0,,,,,https://raw.githubusercontent.com/kumen360/ESMALTO/main/catalogo/img/arenisca/eco20/esmalto-pz-arenisca-eco20-gris-60x120.webp,ESM-ARENISCA,22,Color,Gris,1,1,,Formato,30x90,1,1,,Tipo de pieza,Baldosa,1,1,,,,,,,,,,,,,,,,,,,,,,,,,,,,,,,,,,,,,,,,,,,,,,,,,,,,,,,,,,,,,,,,,,,,,,,,,,,,,1.35,20.22,5,63,85.05,1299,3,30x90,9 mm,Pasta blanca,Mate,Pavimento y revestimiento,,,,
,variation,ESM-ARENISCA-MARENGO-30X90,Arenisca Marengo 30x90,1,0,visible,,,taxable,parent,1,,0,0,20.22,0,,,,,https://raw.githubusercontent.com/kumen360/ESMALTO/main/catalogo/img/arenisca/ecowhite/esmalto-pz-arenisca-ecowhite-marengo-30x90.webp,ESM-ARENISCA,23,Color,Marengo,1,1,,Formato,30x90,1,1,,Tipo de pieza,Baldosa,1,1,,,,,,,,,,,,,,,,,,,,,,,,,,,,,,,,,,,,,,,,,,,,,,,,,,,,,,,,,,,,,,,,,,,,,,,,,,,,,1.35,20.22,5,63,85.05,1299,3,30x90,9 mm,Pasta blanca,Mate,Pavimento y revestimiento,,,,
,variation,ESM-ARENISCA-PERLA-30X90,Arenisca Perla 30x90,1,0,visible,,,taxable,parent,1,,0,0,20.22,0,,,,,https://raw.githubusercontent.com/kumen360/ESMALTO/main/catalogo/img/arenisca/ecowhite/esmalto-pz-arenisca-ecowhite-perla-30x90.webp,ESM-ARENISCA,24,Color,Perla,1,1,,Formato,30x90,1,1,,Tipo de pieza,Baldosa,1,1,,,,,,,,,,,,,,,,,,,,,,,,,,,,,,,,,,,,,,,,,,,,,,,,,,,,,,,,,,,,,,,,,,,,,,,,,,,,,1.35,20.22,5,63,85.05,1299,3,30x90,9 mm,Pasta blanca,Mate,Pavimento y revestimiento,,,,
,variation,ESM-ARENISCA-ARENA-60X120,Arenisca Arena 60x120,1,0,visible,,,taxable,parent,1,,0,0,28.62,0,,,,,https://raw.githubusercontent.com/kumen360/ESMALTO/main/catalogo/img/arenisca/eco20/esmalto-pz-arenisca-eco20-arena-60x120.webp,ESM-ARENISCA,25,Color,Arena,1,1,,Formato,60x120,1,1,,Tipo de pieza,Baldosa,1,1,,,,,,,,,,,,,,,,,,,,,,,,,,,,,,,,,,,,,,,,,,,,,,,,,,,,,,,,,,,,,,,,,,,,,,,,,,,,,1.44,28.62,2,36,51.84,1055,4,60x120,9 mm,Porcelánico,Mate,Pavimento y revestimiento,,No,No,
,variation,ESM-ARENISCA-GRIS-60X120,Arenisca Gris 60x120,1,0,visible,,,taxable,parent,1,,0,0,28.62,0,,,,,https://raw.githubusercontent.com/kumen360/ESMALTO/main/catalogo/img/arenisca/eco20/esmalto-pz-arenisca-eco20-gris-60x120.webp,ESM-ARENISCA,26,Color,Gris,1,1,,Formato,60x120,1,1,,Tipo de pieza,Baldosa,1,1,,,,,,,,,,,,,,,,,,,,,,,,,,,,,,,,,,,,,,,,,,,,,,,,,,,,,,,,,,,,,,,,,,,,,,,,,,,,,1.44,28.62,2,36,51.84,1055,4,60x120,9 mm,Porcelánico,Mate,Pavimento y revestimiento,,No,No,
,variation,ESM-ARENISCA-MARENGO-60X120,Arenisca Marengo 60x120,1,0,visible,,,taxable,parent,1,,0,0,28.62,0,,,,,https://raw.githubusercontent.com/kumen360/ESMALTO/main/catalogo/img/arenisca/eco20/esmalto-pz-arenisca-eco20-marengo-60x120.webp,ESM-ARENISCA,27,Color,Marengo,1,1,,Formato,60x120,1,1,,Tipo de pieza,Baldosa,1,1,,,,,,,,,,,,,,,,,,,,,,,,,,,,,,,,,,,,,,,,,,,,,,,,,,,,,,,,,,,,,,,,,,,,,,,,,,,,,1.44,28.62,2,36,51.84,1055,4,60x120,9 mm,Porcelánico,Mate,Pavimento y revestimiento,,No,No,
,variation,ESM-ARENISCA-PERLA-60X120,Arenisca Perla 60x120,1,0,visible,,,taxable,parent,1,,0,0,28.62,0,,,,,https://raw.githubusercontent.com/kumen360/ESMALTO/main/catalogo/img/arenisca/eco20/esmalto-pz-arenisca-eco20-perla-60x120.webp,ESM-ARENISCA,28,Color,Perla,1,1,,Formato,60x120,1,1,,Tipo de pieza,Baldosa,1,1,,,,,,,,,,,,,,,,,,,,,,,,,,,,,,,,,,,,,,,,,,,,,,,,,,,,,,,,,,,,,,,,,,,,,,,,,,,,,1.44,28.62,2,36,51.84,1055,4,60x120,9 mm,Porcelánico,Mate,Pavimento y revestimiento,,No,No,
,variation,ESM-ARENISCA-ARENA-60X60,Arenisca Arena 60x60,1,0,visible,,,taxable,parent,1,,0,0,30,0,,,,,https://raw.githubusercontent.com/kumen360/ESMALTO/main/catalogo/img/arenisca/eco20/esmalto-pz-arenisca-eco20-arena-60x60.webp,ESM-ARENISCA,29,Color,Arena,1,1,,Formato,60x60,1,1,,Tipo de pieza,Baldosa,1,1,,,,,,,,,,,,,,,,,,,,,,,,,,,,,,,,,,,,,,,,,,,,,,,,,,,,,,,,,,,,,,,,,,,,,,,,,,,,,1.44,30,4,30,43.20,912,20,60x60,9 mm,Porcelánico,Mate,Pavimento y revestimiento,,No,No,
,variation,ESM-ARENISCA-GRIS-60X60,Arenisca Gris 60x60,1,0,visible,,,taxable,parent,1,,0,0,30,0,,,,,https://raw.githubusercontent.com/kumen360/ESMALTO/main/catalogo/img/arenisca/eco20/esmalto-pz-arenisca-eco20-gris-60x60.webp,ESM-ARENISCA,30,Color,Gris,1,1,,Formato,60x60,1,1,,Tipo de pieza,Baldosa,1,1,,,,,,,,,,,,,,,,,,,,,,,,,,,,,,,,,,,,,,,,,,,,,,,,,,,,,,,,,,,,,,,,,,,,,,,,,,,,,1.44,30,4,30,43.20,912,20,60x60,9 mm,Porcelánico,Mate,Pavimento y revestimiento,,No,No,
,variation,ESM-ARENISCA-MARENGO-60X60,Arenisca Marengo 60x60,1,0,visible,,,taxable,parent,1,,0,0,30,0,,,,,https://raw.githubusercontent.com/kumen360/ESMALTO/main/catalogo/img/arenisca/eco20/esmalto-pz-arenisca-eco20-marengo-60x60.webp,ESM-ARENISCA,31,Color,Marengo,1,1,,Formato,60x60,1,1,,Tipo de pieza,Baldosa,1,1,,,,,,,,,,,,,,,,,,,,,,,,,,,,,,,,,,,,,,,,,,,,,,,,,,,,,,,,,,,,,,,,,,,,,,,,,,,,,1.44,30,4,30,43.20,912,20,60x60,9 mm,Porcelánico,Mate,Pavimento y revestimiento,,No,No,
,variation,ESM-ARENISCA-PERLA-60X60,Arenisca Perla 60x60,1,0,visible,,,taxable,parent,1,,0,0,30,0,,,,,https://raw.githubusercontent.com/kumen360/ESMALTO/main/catalogo/img/arenisca/eco20/esmalto-pz-arenisca-eco20-perla-60x60.webp,ESM-ARENISCA,32,Color,Perla,1,1,,Formato,60x60,1,1,,Tipo de pieza,Baldosa,1,1,,,,,,,,,,,,,,,,,,,,,,,,,,,,,,,,,,,,,,,,,,,,,,,,,,,,,,,,,,,,,,,,,,,,,,,,,,,,,1.44,30,4,30,43.20,912,20,60x60,9 mm,Porcelánico,Mate,Pavimento y revestimiento,,No,No,
,variation,ESM-ARENISCA-ARENA-75X75,Arenisca Arena 75x75,1,0,visible,,,taxable,parent,1,,0,0,34,0,,,,,https://raw.githubusercontent.com/kumen360/ESMALTO/main/catalogo/img/arenisca/por/esmalto-pz-arenisca-por-arena-75x75.webp,ESM-ARENISCA,33,Color,Arena,1,1,,Formato,75x75,1,1,,Tipo de pieza,Baldosa,1,1,,,,,,,,,,,,,,,,,,,,,,,,,,,,,,,,,,,,,,,,,,,,,,,,,,,,,,,,,,,,,,,,,,,,,,,,,,,,,1.69,34,3,36,60.84,1244,20,75x75,9 mm,Porcelánico,Mate,Pavimento y revestimiento,,No,Sí,
,variation,ESM-ARENISCA-GRIS-75X75,Arenisca Gris 75x75,1,0,visible,,,taxable,parent,1,,0,0,34,0,,,,,https://raw.githubusercontent.com/kumen360/ESMALTO/main/catalogo/img/arenisca/por/esmalto-pz-arenisca-por-gris-75x75.webp,ESM-ARENISCA,34,Color,Gris,1,1,,Formato,75x75,1,1,,Tipo de pieza,Baldosa,1,1,,,,,,,,,,,,,,,,,,,,,,,,,,,,,,,,,,,,,,,,,,,,,,,,,,,,,,,,,,,,,,,,,,,,,,,,,,,,,1.69,34,3,36,60.84,1244,20,75x75,9 mm,Porcelánico,Mate,Pavimento y revestimiento,,No,No,
,variation,ESM-ARENISCA-MARENGO-75X75,Arenisca Marengo 75x75,1,0,visible,,,taxable,parent,1,,0,0,34,0,,,,,https://raw.githubusercontent.com/kumen360/ESMALTO/main/catalogo/img/arenisca/por/esmalto-pz-arenisca-por-marengo-75x75.webp,ESM-ARENISCA,35,Color,Marengo,1,1,,Formato,75x75,1,1,,Tipo de pieza,Baldosa,1,1,,,,,,,,,,,,,,,,,,,,,,,,,,,,,,,,,,,,,,,,,,,,,,,,,,,,,,,,,,,,,,,,,,,,,,,,,,,,,1.69,34,3,36,60.84,1244,20,75x75,9 mm,Porcelánico,Mate,Pavimento y revestimiento,,No,No,
,variation,ESM-ARENISCA-PERLA-75X75,Arenisca Perla 75x75,1,0,visible,,,taxable,parent,1,,0,0,34,0,,,,,https://raw.githubusercontent.com/kumen360/ESMALTO/main/catalogo/img/arenisca/por/esmalto-pz-arenisca-por-perla-75x75.webp,ESM-ARENISCA,36,Color,Perla,1,1,,Formato,75x75,1,1,,Tipo de pieza,Baldosa,1,1,,,,,,,,,,,,,,,,,,,,,,,,,,,,,,,,,,,,,,,,,,,,,,,,,,,,,,,,,,,,,,,,,,,,,,,,,,,,,1.69,34,3,36,60.84,1244,20,75x75,9 mm,Porcelánico,Mate,Pavimento y revestimiento,,No,Sí,
,variation,ESM-ARENISCA-ARENA-90X90,Arenisca Arena 90x90,1,0,visible,,,taxable,parent,1,,0,0,33,0,,,,,https://raw.githubusercontent.com/kumen360/ESMALTO/main/catalogo/img/arenisca/por/esmalto-pz-arenisca-por-arena-90x90.webp,ESM-ARENISCA,37,Color,Arena,1,1,,Formato,90x90,1,1,,Tipo de pieza,Baldosa,1,1,,,,,,,,,,,,,,,,,,,,,,,,,,,,,,,,,,,,,,,,,,,,,,,,,,,,,,,,,,,,,,,,,,,,,,,,,,,,,1.62,33,2,32,51.84,1081,6,90x90,9 mm,Porcelánico,Mate,Pavimento y revestimiento,,No,Sí,
,variation,ESM-ARENISCA-GRIS-90X90,Arenisca Gris 90x90,1,0,visible,,,taxable,parent,1,,0,0,33,0,,,,,https://raw.githubusercontent.com/kumen360/ESMALTO/main/catalogo/img/arenisca/por/esmalto-pz-arenisca-por-gris-90x90.webp,ESM-ARENISCA,38,Color,Gris,1,1,,Formato,90x90,1,1,,Tipo de pieza,Baldosa,1,1,,,,,,,,,,,,,,,,,,,,,,,,,,,,,,,,,,,,,,,,,,,,,,,,,,,,,,,,,,,,,,,,,,,,,,,,,,,,,1.62,33,2,32,51.84,1081,6,90x90,9 mm,Porcelánico,Mate,Pavimento y revestimiento,,No,No,
,variation,ESM-ARENISCA-MARENGO-90X90,Arenisca Marengo 90x90,1,0,visible,,,taxable,parent,1,,0,0,33,0,,,,,https://raw.githubusercontent.com/kumen360/ESMALTO/main/catalogo/img/arenisca/por/esmalto-pz-arenisca-por-marengo-90x90.webp,ESM-ARENISCA,39,Color,Marengo,1,1,,Formato,90x90,1,1,,Tipo de pieza,Baldosa,1,1,,,,,,,,,,,,,,,,,,,,,,,,,,,,,,,,,,,,,,,,,,,,,,,,,,,,,,,,,,,,,,,,,,,,,,,,,,,,,1.62,33,2,32,51.84,1081,6,90x90,9 mm,Porcelánico,Mate,Pavimento y revestimiento,,No,No,
,variation,ESM-ARENISCA-PERLA-90X90,Arenisca Perla 90x90,1,0,visible,,,taxable,parent,1,,0,0,33,0,,,,,https://raw.githubusercontent.com/kumen360/ESMALTO/main/catalogo/img/arenisca/por/esmalto-pz-arenisca-por-perla-90x90.webp,ESM-ARENISCA,40,Color,Perla,1,1,,Formato,90x90,1,1,,Tipo de pieza,Baldosa,1,1,,,,,,,,,,,,,,,,,,,,,,,,,,,,,,,,,,,,,,,,,,,,,,,,,,,,,,,,,,,,,,,,,,,,,,,,,,,,,1.62,33,2,32,51.84,1081,6,90x90,9 mm,Porcelánico,Mate,Pavimento y revestimiento,,No,Sí,
,variation,ESM-ARENISCA-ARENA-30X90-RLV,Arenisca Arena 30x90 Relieve,1,0,visible,,,taxable,parent,1,,0,0,20.22,0,,,,,https://raw.githubusercontent.com/kumen360/ESMALTO/main/catalogo/img/arenisca/ecowhite/esmalto-pz-arenisca-ecowhite-arena-30x90.webp,ESM-ARENISCA,41,Color,Arena,1,1,,Formato,30x90,1,1,,Tipo de pieza,Relieve,1,1,,,,,,,,,,,,,,,,,,,,,,,,,,,,,,,,,,,,,,,,,,,,,,,,,,,,,,,,,,,,,,,,,,,,,,,,,,,,,1.35,20.22,5,63,85.05,1299,3,30x90,9 mm,Pasta blanca,Mate,Pavimento y revestimiento,,,,
,variation,ESM-ARENISCA-GRIS-30X90-RLV,Arenisca Gris 30x90 Relieve,1,0,visible,,,taxable,parent,1,,0,0,20.22,0,,,,,https://raw.githubusercontent.com/kumen360/ESMALTO/main/catalogo/img/arenisca/eco20/esmalto-pz-arenisca-eco20-gris-60x120.webp,ESM-ARENISCA,42,Color,Gris,1,1,,Formato,30x90,1,1,,Tipo de pieza,Relieve,1,1,,,,,,,,,,,,,,,,,,,,,,,,,,,,,,,,,,,,,,,,,,,,,,,,,,,,,,,,,,,,,,,,,,,,,,,,,,,,,1.35,20.22,5,63,85.05,1299,3,30x90,9 mm,Pasta blanca,Mate,Pavimento y revestimiento,,,,
,variation,ESM-ARENISCA-MARENGO-30X90-RLV,Arenisca Marengo 30x90 Relieve,1,0,visible,,,taxable,parent,1,,0,0,20.22,0,,,,,https://raw.githubusercontent.com/kumen360/ESMALTO/main/catalogo/img/arenisca/ecowhite/esmalto-pz-arenisca-ecowhite-marengo-30x90.webp,ESM-ARENISCA,43,Color,Marengo,1,1,,Formato,30x90,1,1,,Tipo de pieza,Relieve,1,1,,,,,,,,,,,,,,,,,,,,,,,,,,,,,,,,,,,,,,,,,,,,,,,,,,,,,,,,,,,,,,,,,,,,,,,,,,,,,1.35,20.22,5,63,85.05,1299,3,30x90,9 mm,Pasta blanca,Mate,Pavimento y revestimiento,,,,
,variation,ESM-ARENISCA-PERLA-30X90-RLV,Arenisca Perla 30x90 Relieve,1,0,visible,,,taxable,parent,1,,0,0,20.22,0,,,,,https://raw.githubusercontent.com/kumen360/ESMALTO/main/catalogo/img/arenisca/ecowhite/esmalto-pz-arenisca-ecowhite-perla-30x90.webp,ESM-ARENISCA,44,Color,Perla,1,1,,Formato,30x90,1,1,,Tipo de pieza,Relieve,1,1,,,,,,,,,,,,,,,,,,,,,,,,,,,,,,,,,,,,,,,,,,,,,,,,,,,,,,,,,,,,,,,,,,,,,,,,,,,,,1.35,20.22,5,63,85.05,1299,3,30x90,9 mm,Pasta blanca,Mate,Pavimento y revestimiento,,,,
,variable,ESM-BESANA,Besana,1,0,visible,"Serie Besana en porcelánico y pasta blanca, acabado mate. 4 colores y 5 formatos.","<p>Besana captura la esencia del cemento desde una mirada más humana y equilibrada. Micropiedras, finas grietas y matices controlados transmiten autenticidad y versatilidad decorativa.</p><h3>Características técnicas</h3><ul><li><strong>Material:</strong> Porcelánico y Pasta blanca</li><li><strong>Acabado:</strong> Mate</li><li><strong>Uso:</strong> Pavimento/Revestimiento</li><li><strong>Espesor:</strong> 9 MM y 2 CM</li><li><strong>Rectificado:</strong> Sí</li><li><strong>Antideslizante:</strong> No / Sí</li><li><strong>Versión antideslizante:</strong> Sí</li><li><strong>Destonificación:</strong> V2-V3 Cemento</li><li><strong>Tipo de pieza:</strong> Baldosa y Relieve</li><li><strong>Familia:</strong> Porce Plus</li></ul><p><strong>Colores disponibles:</strong> Bone, Sand, White, Grey.<br><strong>Formatos:</strong> 120x120, 60x120, 100x100, 60x60, 33.3x100.</p><p><strong>Espacios recomendados:</strong> Interior y Exterior (20mm).</p><h3>Datos de embalaje</h3><table><thead><tr><th>Formato</th><th>Pz/caja</th><th>m²/caja</th><th>Kg/caja</th><th>Cajas/palet</th><th>m²/palet</th><th>Kg/palet</th></tr></thead><tbody><tr><td>100x100</td><td>2</td><td>2</td><td>41,15</td><td>27</td><td>54</td><td>1133,05</td></tr><tr><td>120x120</td><td>1</td><td>1,44</td><td>34,36</td><td>36</td><td>51,84</td><td>1276,96</td></tr><tr><td>30x90</td><td>5</td><td>1,35</td><td>20,22</td><td>63</td><td>85,05</td><td>1299</td></tr><tr><td>60x120</td><td>2</td><td>1,44</td><td>28,62</td><td>36</td><td>51,84</td><td>1055,32</td></tr><tr><td>60x60</td><td>5</td><td>1,80</td><td>35,36</td><td>30</td><td>54</td><td>1080,80</td></tr></tbody></table>",taxable,,1,,0,0,,0,,,Pavimentos y revestimientos > Porce Plus,,"https://raw.githubusercontent.com/kumen360/ESMALTO/main/catalogo/img/besana/eco20/esmalto-amb-besana-eco20-fachada.webp, https://raw.githubusercontent.com/kumen360/ESMALTO/main/catalogo/img/besana/eco20/esmalto-amb-besana-eco20-rlv-bone-60x120-100x100-outdoor.webp, https://raw.githubusercontent.com/kumen360/ESMALTO/main/catalogo/img/besana/eco20/esmalto-amb-besana-eco20-rlv-grey-60x120-100x100-outdoor.webp, https://raw.githubusercontent.com/kumen360/ESMALTO/main/catalogo/img/besana/eco20/esmalto-amb-besana-eco20-rlv-sand-60x120-100x100-outdoor.webp, https://raw.githubusercontent.com/kumen360/ESMALTO/main/catalogo/img/besana/eco20/esmalto-amb-besana-eco20-rlv-white-60x120-100x100-outdoor.webp, https://raw.githubusercontent.com/kumen360/ESMALTO/main/catalogo/img/besana/pav/esmalto-amb-besana-pav-bone-120x120-03.webp, https://raw.githubusercontent.com/kumen360/ESMALTO/main/catalogo/img/besana/pav/esmalto-amb-besana-pav-bone-60x120-120x120-01.webp, https://raw.githubusercontent.com/kumen360/ESMALTO/main/catalogo/img/besana/pav/esmalto-amb-besana-pav-bone-sand-60x120-120x120-01.webp, https://raw.githubusercontent.com/kumen360/ESMALTO/main/catalogo/img/besana/pav/esmalto-amb-besana-pav-grey-120x120-03.webp, https://raw.githubusercontent.com/kumen360/ESMALTO/main/catalogo/img/besana/pav/esmalto-amb-besana-pav-grey-120x120-05.webp, https://raw.githubusercontent.com/kumen360/ESMALTO/main/catalogo/img/besana/pav/esmalto-amb-besana-pav-grey-white-100x100-02.webp, https://raw.githubusercontent.com/kumen360/ESMALTO/main/catalogo/img/besana/pav/esmalto-amb-besana-pav-grey-white-120x120-02.webp, https://raw.githubusercontent.com/kumen360/ESMALTO/main/catalogo/img/besana/pav/esmalto-amb-besana-pav-sand-120x120-04.webp, https://raw.githubusercontent.com/kumen360/ESMALTO/main/catalogo/img/besana/pav/esmalto-amb-besana-pav-sand-120x120-detalle.webp, https://raw.githubusercontent.com/kumen360/ESMALTO/main/catalogo/img/besana/pav/esmalto-amb-besana-pav-sand-60x120-120x120-01.webp, https://raw.githubusercontent.com/kumen360/ESMALTO/main/catalogo/img/besana/pav/esmalto-amb-besana-pav-white-60x120-120x120-01.webp, https://raw.githubusercontent.com/kumen360/ESMALTO/main/catalogo/img/besana/rev/esmalto-amb-besana-rev-bone-33.3x100-01.webp, https://raw.githubusercontent.com/kumen360/ESMALTO/main/catalogo/img/besana/rev/esmalto-amb-besana-rev-bone-33.3x100-02.webp, https://raw.githubusercontent.com/kumen360/ESMALTO/main/catalogo/img/besana/rev/esmalto-amb-besana-rev-bone-sand-33.3x100-100x100-01.webp, https://raw.githubusercontent.com/kumen360/ESMALTO/main/catalogo/img/besana/rev/esmalto-amb-besana-rev-grey-33.3x100-01.webp, https://raw.githubusercontent.com/kumen360/ESMALTO/main/catalogo/img/besana/rev/esmalto-amb-besana-rev-grey-33.3x100-02.webp, https://raw.githubusercontent.com/kumen360/ESMALTO/main/catalogo/img/besana/rev/esmalto-amb-besana-rev-rlv-bone-sand-33.3x100-100x100.webp, https://raw.githubusercontent.com/kumen360/ESMALTO/main/catalogo/img/besana/rev/esmalto-amb-besana-rev-sand-33.3x100-01.webp, https://raw.githubusercontent.com/kumen360/ESMALTO/main/catalogo/img/besana/rev/esmalto-amb-besana-rev-sand-33.3x100-02.webp, https://raw.githubusercontent.com/kumen360/ESMALTO/main/catalogo/img/besana/rev/esmalto-amb-besana-rev-white-33.3x100.webp, https://raw.githubusercontent.com/kumen360/ESMALTO/main/catalogo/img/besana/rev/esmalto-amb-besana-rev-white-33.3x100-01.webp, https://raw.githubusercontent.com/kumen360/ESMALTO/main/catalogo/img/besana/rev/esmalto-amb-besana-rev-white-33.3x100-02.webp, https://raw.githubusercontent.com/kumen360/ESMALTO/main/catalogo/img/harper/esmalto-amb-harper-haya-sand-20x120-120x120.webp, https://raw.githubusercontent.com/kumen360/ESMALTO/main/catalogo/img/harper/esmalto-amb-harper-natural-sand-20x120-120x120.webp, https://raw.githubusercontent.com/kumen360/ESMALTO/main/catalogo/img/harper/esmalto-amb-harper-taupe-sand-20x120-120x120.webp, https://raw.githubusercontent.com/kumen360/ESMALTO/main/catalogo/img/besana/eco20/esmalto-pz-besana-eco20-bone-100x100.webp, https://raw.githubusercontent.com/kumen360/ESMALTO/main/catalogo/img/besana/eco20/esmalto-pz-besana-eco20-graphite-100x100.webp, https://raw.githubusercontent.com/kumen360/ESMALTO/main/catalogo/img/besana/eco20/esmalto-pz-besana-eco20-grey-100x100.webp, https://raw.githubusercontent.com/kumen360/ESMALTO/main/catalogo/img/besana/eco20/esmalto-pz-besana-eco20-sand-100x100.webp, https://raw.githubusercontent.com/kumen360/ESMALTO/main/catalogo/img/besana/eco20/esmalto-pz-besana-eco20-white-100x100.webp, https://raw.githubusercontent.com/kumen360/ESMALTO/main/catalogo/img/besana/pav/esmalto-pz-besana-pav-bone-120x120.webp, https://raw.githubusercontent.com/kumen360/ESMALTO/main/catalogo/img/besana/pav/esmalto-pz-besana-pav-bone-60x120.webp, https://raw.githubusercontent.com/kumen360/ESMALTO/main/catalogo/img/besana/pav/esmalto-pz-besana-pav-bone-60x60.webp, https://raw.githubusercontent.com/kumen360/ESMALTO/main/catalogo/img/besana/pav/esmalto-pz-besana-pav-grey-120x120.webp, https://raw.githubusercontent.com/kumen360/ESMALTO/main/catalogo/img/besana/pav/esmalto-pz-besana-pav-grey-60x120.webp, https://raw.githubusercontent.com/kumen360/ESMALTO/main/catalogo/img/besana/pav/esmalto-pz-besana-pav-grey-60x60.webp, https://raw.githubusercontent.com/kumen360/ESMALTO/main/catalogo/img/besana/pav/esmalto-pz-besana-pav-sand-120x120.webp, https://raw.githubusercontent.com/kumen360/ESMALTO/main/catalogo/img/besana/pav/esmalto-pz-besana-pav-sand-60x120.webp, https://raw.githubusercontent.com/kumen360/ESMALTO/main/catalogo/img/besana/pav/esmalto-pz-besana-pav-sand-60x60.webp, https://raw.githubusercontent.com/kumen360/ESMALTO/main/catalogo/img/besana/pav/esmalto-pz-besana-pav-white-120x120.webp, https://raw.githubusercontent.com/kumen360/ESMALTO/main/catalogo/img/besana/pav/esmalto-pz-besana-pav-white-60x120.webp, https://raw.githubusercontent.com/kumen360/ESMALTO/main/catalogo/img/besana/pav/esmalto-pz-besana-pav-white-60x60.webp, https://raw.githubusercontent.com/kumen360/ESMALTO/main/catalogo/img/besana/rev/esmalto-pz-besana-rev-bone-33.3x100.webp, https://raw.githubusercontent.com/kumen360/ESMALTO/main/catalogo/img/besana/rev/esmalto-pz-besana-rev-grey-33.3x100.webp, https://raw.githubusercontent.com/kumen360/ESMALTO/main/catalogo/img/besana/rev/esmalto-pz-besana-rev-rlv-bone-33.3x100.webp, https://raw.githubusercontent.com/kumen360/ESMALTO/main/catalogo/img/besana/rev/esmalto-pz-besana-rev-rlv-grey-33.3x100.webp, https://raw.githubusercontent.com/kumen360/ESMALTO/main/catalogo/img/besana/rev/esmalto-pz-besana-rev-rlv-sand-33.3x100.webp, https://raw.githubusercontent.com/kumen360/ESMALTO/main/catalogo/img/besana/rev/esmalto-pz-besana-rev-rlv-white-33.3x100.webp, https://raw.githubusercontent.com/kumen360/ESMALTO/main/catalogo/img/besana/rev/esmalto-pz-besana-rev-sand-33.3x100.webp, https://raw.githubusercontent.com/kumen360/ESMALTO/main/catalogo/img/besana/rev/esmalto-pz-besana-rev-white-33.3x100.webp",,6,Color,"Bone, Sand, White, Grey",1,1,Bone,Formato,"120x120, 60x120, 100x100, 60x60, 33.3x100",1,1,120x120,Tipo de pieza,"Baldosa, Relieve",1,1,Baldosa,Espesor,"9 mm, 20 mm",1,1,9 mm,Acabado,Mate,1,1,,Material,"Porcelánico, Pasta blanca",1,1,,Uso,"Pavimento, Revestimiento",1,1,,Familia,Porce Plus,1,1,,Estilo,Cemento,1,1,,Tono,"Beige, Blanco, Gris",0,1,,Espacio,"Baño, Cocina, Salón, Dormitorio, Terraza",1,1,,Ubicación,"Interior, Exterior",1,1,,Antideslizante,Sí,1,1,,Rectificado,Sí,1,0,,Destonificación,V2-V3 Cemento,1,0,,Versión antideslizante,Sí,1,0,,Interior y Exterior (20mm),Porce Plus,Besana,Esmalto,Ecoceramic,fichas/esmalto-ficha-besana.pdf,Cemento,Material: Porcelánico | Acabado: Mate | Uso: Pavimento/Revestimiento | Espesor: 9 MM | Rectificado: Sí | Antideslizante: No | Versión antideslizante disponible: Sí | Destonificación: V2-V3 Cemento | Tipo de pieza: Baldosa,Besana | Porcelánico Porce Plus | Esmalto,"Serie Besana en porcelánico y pasta blanca, acabado mate. 4 colores y 5 formatos.",,,,,,,,,,,,,,,,
,variation,ESM-BESANA-BONE-100X100,Besana Bone 100x100,1,0,visible,,,taxable,parent,1,,0,0,41.15,0,,,,,https://raw.githubusercontent.com/kumen360/ESMALTO/main/catalogo/img/besana/eco20/esmalto-pz-besana-eco20-bone-100x100.webp,ESM-BESANA,45,Color,Bone,1,1,,Formato,100x100,1,1,,Tipo de pieza,Baldosa,1,1,,Espesor,9 mm,1,1,,,,,,,,,,,,,,,,,,,,,,,,,,,,,,,,,,,,,,,,,,,,,,,,,,,,,,,,,,,,,,,,,,,,,,,,2,41.15,2,27,54,1133.05,13,100x100,9 mm,Porcelánico,Mate,Pavimento/Revestimiento,Sí,No,Sí,V2-V3 Cemento
,variation,ESM-BESANA-BONE-100X100-2CM,Besana Bone 100x100 2 cm,1,0,visible,,,taxable,parent,1,,0,0,85.72,0,,,,,https://raw.githubusercontent.com/kumen360/ESMALTO/main/catalogo/img/besana/eco20/esmalto-pz-besana-eco20-bone-100x100.webp,ESM-BESANA,46,Color,Bone,1,1,,Formato,100x100,1,1,,Tipo de pieza,Baldosa,1,1,,Espesor,20 mm,1,1,,,,,,,,,,,,,,,,,,,,,,,,,,,,,,,,,,,,,,,,,,,,,,,,,,,,,,,,,,,,,,,,,,,,,,,,2,85.72,2,27,54,1133.05,13,100x100,20 mm,Porcelánico,Mate,Pavimento/Revestimiento,Sí,Sí,,V2-V3 Cemento
,variation,ESM-BESANA-GREY-100X100,Besana Grey 100x100,1,0,visible,,,taxable,parent,1,,0,0,41.15,0,,,,,https://raw.githubusercontent.com/kumen360/ESMALTO/main/catalogo/img/besana/eco20/esmalto-pz-besana-eco20-grey-100x100.webp,ESM-BESANA,47,Color,Grey,1,1,,Formato,100x100,1,1,,Tipo de pieza,Baldosa,1,1,,Espesor,9 mm,1,1,,,,,,,,,,,,,,,,,,,,,,,,,,,,,,,,,,,,,,,,,,,,,,,,,,,,,,,,,,,,,,,,,,,,,,,,2,41.15,2,27,54,1133.05,13,100x100,9 mm,Porcelánico,Mate,Pavimento/Revestimiento,Sí,No,Sí,V2-V3 Cemento
,variation,ESM-BESANA-GREY-100X100-2CM,Besana Grey 100x100 2 cm,1,0,visible,,,taxable,parent,1,,0,0,85.72,0,,,,,https://raw.githubusercontent.com/kumen360/ESMALTO/main/catalogo/img/besana/eco20/esmalto-pz-besana-eco20-grey-100x100.webp,ESM-BESANA,48,Color,Grey,1,1,,Formato,100x100,1,1,,Tipo de pieza,Baldosa,1,1,,Espesor,20 mm,1,1,,,,,,,,,,,,,,,,,,,,,,,,,,,,,,,,,,,,,,,,,,,,,,,,,,,,,,,,,,,,,,,,,,,,,,,,2,85.72,2,27,54,1133.05,13,100x100,20 mm,Porcelánico,Mate,Pavimento/Revestimiento,Sí,Sí,,V2-V3 Cemento
,variation,ESM-BESANA-SAND-100X100,Besana Sand 100x100,1,0,visible,,,taxable,parent,1,,0,0,41.15,0,,,,,https://raw.githubusercontent.com/kumen360/ESMALTO/main/catalogo/img/besana/eco20/esmalto-pz-besana-eco20-sand-100x100.webp,ESM-BESANA,49,Color,Sand,1,1,,Formato,100x100,1,1,,Tipo de pieza,Baldosa,1,1,,Espesor,9 mm,1,1,,,,,,,,,,,,,,,,,,,,,,,,,,,,,,,,,,,,,,,,,,,,,,,,,,,,,,,,,,,,,,,,,,,,,,,,2,41.15,2,27,54,1133.05,13,100x100,9 mm,Porcelánico,Mate,Pavimento/Revestimiento,Sí,No,Sí,V2-V3 Cemento
,variation,ESM-BESANA-SAND-100X100-2CM,Besana Sand 100x100 2 cm,1,0,visible,,,taxable,parent,1,,0,0,85.72,0,,,,,https://raw.githubusercontent.com/kumen360/ESMALTO/main/catalogo/img/besana/eco20/esmalto-pz-besana-eco20-sand-100x100.webp,ESM-BESANA,50,Color,Sand,1,1,,Formato,100x100,1,1,,Tipo de pieza,Baldosa,1,1,,Espesor,20 mm,1,1,,,,,,,,,,,,,,,,,,,,,,,,,,,,,,,,,,,,,,,,,,,,,,,,,,,,,,,,,,,,,,,,,,,,,,,,2,85.72,2,27,54,1133.05,13,100x100,20 mm,Porcelánico,Mate,Pavimento/Revestimiento,Sí,Sí,,V2-V3 Cemento
,variation,ESM-BESANA-WHITE-100X100,Besana White 100x100,1,0,visible,,,taxable,parent,1,,0,0,41.15,0,,,,,https://raw.githubusercontent.com/kumen360/ESMALTO/main/catalogo/img/besana/eco20/esmalto-pz-besana-eco20-white-100x100.webp,ESM-BESANA,51,Color,White,1,1,,Formato,100x100,1,1,,Tipo de pieza,Baldosa,1,1,,Espesor,9 mm,1,1,,,,,,,,,,,,,,,,,,,,,,,,,,,,,,,,,,,,,,,,,,,,,,,,,,,,,,,,,,,,,,,,,,,,,,,,2,41.15,2,27,54,1133.05,13,100x100,9 mm,Porcelánico,Mate,Pavimento/Revestimiento,Sí,No,Sí,V2-V3 Cemento
,variation,ESM-BESANA-WHITE-100X100-2CM,Besana White 100x100 2 cm,1,0,visible,,,taxable,parent,1,,0,0,85.72,0,,,,,https://raw.githubusercontent.com/kumen360/ESMALTO/main/catalogo/img/besana/eco20/esmalto-pz-besana-eco20-white-100x100.webp,ESM-BESANA,52,Color,White,1,1,,Formato,100x100,1,1,,Tipo de pieza,Baldosa,1,1,,Espesor,20 mm,1,1,,,,,,,,,,,,,,,,,,,,,,,,,,,,,,,,,,,,,,,,,,,,,,,,,,,,,,,,,,,,,,,,,,,,,,,,2,85.72,2,27,54,1133.05,13,100x100,20 mm,Porcelánico,Mate,Pavimento/Revestimiento,Sí,Sí,,V2-V3 Cemento
,variation,ESM-BESANA-BONE-120X120,Besana Bone 120x120,1,0,visible,,,taxable,parent,1,,0,0,35,0,,,,,https://raw.githubusercontent.com/kumen360/ESMALTO/main/catalogo/img/besana/pav/esmalto-pz-besana-pav-bone-120x120.webp,ESM-BESANA,53,Color,Bone,1,1,,Formato,120x120,1,1,,Tipo de pieza,Baldosa,1,1,,Espesor,9 mm,1,1,,,,,,,,,,,,,,,,,,,,,,,,,,,,,,,,,,,,,,,,,,,,,,,,,,,,,,,,,,,,,,,,,,,,,,,,1.44,35,1,36,51.84,1276.96,7,120x120,9 mm,Porcelánico,Mate,Pavimento/Revestimiento,Sí,No,Sí,V2-V3 Cemento
,variation,ESM-BESANA-GREY-120X120,Besana Grey 120x120,1,0,visible,,,taxable,parent,1,,0,0,35,0,,,,,https://raw.githubusercontent.com/kumen360/ESMALTO/main/catalogo/img/besana/pav/esmalto-pz-besana-pav-grey-120x120.webp,ESM-BESANA,54,Color,Grey,1,1,,Formato,120x120,1,1,,Tipo de pieza,Baldosa,1,1,,Espesor,9 mm,1,1,,,,,,,,,,,,,,,,,,,,,,,,,,,,,,,,,,,,,,,,,,,,,,,,,,,,,,,,,,,,,,,,,,,,,,,,1.44,35,1,36,51.84,1276.96,7,120x120,9 mm,Porcelánico,Mate,Pavimento/Revestimiento,Sí,No,Sí,V2-V3 Cemento
,variation,ESM-BESANA-SAND-120X120,Besana Sand 120x120,1,0,visible,,,taxable,parent,1,,0,0,35,0,,,,,https://raw.githubusercontent.com/kumen360/ESMALTO/main/catalogo/img/besana/pav/esmalto-pz-besana-pav-sand-120x120.webp,ESM-BESANA,55,Color,Sand,1,1,,Formato,120x120,1,1,,Tipo de pieza,Baldosa,1,1,,Espesor,9 mm,1,1,,,,,,,,,,,,,,,,,,,,,,,,,,,,,,,,,,,,,,,,,,,,,,,,,,,,,,,,,,,,,,,,,,,,,,,,1.44,35,1,36,51.84,1276.96,7,120x120,9 mm,Porcelánico,Mate,Pavimento/Revestimiento,Sí,No,Sí,V2-V3 Cemento
,variation,ESM-BESANA-WHITE-120X120,Besana White 120x120,1,0,visible,,,taxable,parent,1,,0,0,35,0,,,,,https://raw.githubusercontent.com/kumen360/ESMALTO/main/catalogo/img/besana/pav/esmalto-pz-besana-pav-white-120x120.webp,ESM-BESANA,56,Color,White,1,1,,Formato,120x120,1,1,,Tipo de pieza,Baldosa,1,1,,Espesor,9 mm,1,1,,,,,,,,,,,,,,,,,,,,,,,,,,,,,,,,,,,,,,,,,,,,,,,,,,,,,,,,,,,,,,,,,,,,,,,,1.44,35,1,36,51.84,1276.96,7,120x120,9 mm,Porcelánico,Mate,Pavimento/Revestimiento,Sí,No,Sí,V2-V3 Cemento
,variation,ESM-BESANA-BONE-333X100,Besana Bone 33.3x100,1,0,visible,,,taxable,parent,1,,0,0,25,0,,,,,https://raw.githubusercontent.com/kumen360/ESMALTO/main/catalogo/img/besana/rev/esmalto-pz-besana-rev-bone-33.3x100.webp,ESM-BESANA,57,Color,Bone,1,1,,Formato,33.3x100,1,1,,Tipo de pieza,Baldosa,1,1,,Espesor,9 mm,1,1,,,,,,,,,,,,,,,,,,,,,,,,,,,,,,,,,,,,,,,,,,,,,,,,,,,,,,,,,,,,,,,,,,,,,,,,2,25,,,,,,33.3x100,9 mm,Pasta blanca,Mate,Pavimento/Revestimiento,Sí,,,V2-V3 Cemento
,variation,ESM-BESANA-GREY-333X100,Besana Grey 33.3x100,1,0,visible,,,taxable,parent,1,,0,0,25,0,,,,,https://raw.githubusercontent.com/kumen360/ESMALTO/main/catalogo/img/besana/rev/esmalto-pz-besana-rev-grey-33.3x100.webp,ESM-BESANA,58,Color,Grey,1,1,,Formato,33.3x100,1,1,,Tipo de pieza,Baldosa,1,1,,Espesor,9 mm,1,1,,,,,,,,,,,,,,,,,,,,,,,,,,,,,,,,,,,,,,,,,,,,,,,,,,,,,,,,,,,,,,,,,,,,,,,,2,25,,,,,,33.3x100,9 mm,Pasta blanca,Mate,Pavimento/Revestimiento,Sí,,,V2-V3 Cemento
,variation,ESM-BESANA-SAND-333X100,Besana Sand 33.3x100,1,0,visible,,,taxable,parent,1,,0,0,25,0,,,,,https://raw.githubusercontent.com/kumen360/ESMALTO/main/catalogo/img/besana/rev/esmalto-pz-besana-rev-sand-33.3x100.webp,ESM-BESANA,59,Color,Sand,1,1,,Formato,33.3x100,1,1,,Tipo de pieza,Baldosa,1,1,,Espesor,9 mm,1,1,,,,,,,,,,,,,,,,,,,,,,,,,,,,,,,,,,,,,,,,,,,,,,,,,,,,,,,,,,,,,,,,,,,,,,,,2,25,,,,,,33.3x100,9 mm,Pasta blanca,Mate,Pavimento/Revestimiento,Sí,,,V2-V3 Cemento
,variation,ESM-BESANA-WHITE-333X100,Besana White 33.3x100,1,0,visible,,,taxable,parent,1,,0,0,25,0,,,,,https://raw.githubusercontent.com/kumen360/ESMALTO/main/catalogo/img/besana/rev/esmalto-pz-besana-rev-white-33.3x100.webp,ESM-BESANA,60,Color,White,1,1,,Formato,33.3x100,1,1,,Tipo de pieza,Baldosa,1,1,,Espesor,9 mm,1,1,,,,,,,,,,,,,,,,,,,,,,,,,,,,,,,,,,,,,,,,,,,,,,,,,,,,,,,,,,,,,,,,,,,,,,,,2,25,,,,,,33.3x100,9 mm,Pasta blanca,Mate,Pavimento/Revestimiento,Sí,,,V2-V3 Cemento
,variation,ESM-BESANA-BONE-60X120,Besana Bone 60x120,1,0,visible,,,taxable,parent,1,,0,0,28.62,0,,,,,https://raw.githubusercontent.com/kumen360/ESMALTO/main/catalogo/img/besana/pav/esmalto-pz-besana-pav-bone-60x120.webp,ESM-BESANA,61,Color,Bone,1,1,,Formato,60x120,1,1,,Tipo de pieza,Baldosa,1,1,,Espesor,9 mm,1,1,,,,,,,,,,,,,,,,,,,,,,,,,,,,,,,,,,,,,,,,,,,,,,,,,,,,,,,,,,,,,,,,,,,,,,,,1.44,28.62,2,36,51.84,1055.32,14,60x120,9 mm,Porcelánico,Mate,Pavimento/Revestimiento,Sí,No,Sí,V2-V3 Cemento
,variation,ESM-BESANA-GREY-60X120,Besana Grey 60x120,1,0,visible,,,taxable,parent,1,,0,0,28.62,0,,,,,https://raw.githubusercontent.com/kumen360/ESMALTO/main/catalogo/img/besana/pav/esmalto-pz-besana-pav-grey-60x120.webp,ESM-BESANA,62,Color,Grey,1,1,,Formato,60x120,1,1,,Tipo de pieza,Baldosa,1,1,,Espesor,9 mm,1,1,,,,,,,,,,,,,,,,,,,,,,,,,,,,,,,,,,,,,,,,,,,,,,,,,,,,,,,,,,,,,,,,,,,,,,,,1.44,28.62,2,36,51.84,1055.32,14,60x120,9 mm,Porcelánico,Mate,Pavimento/Revestimiento,Sí,No,Sí,V2-V3 Cemento
,variation,ESM-BESANA-SAND-60X120,Besana Sand 60x120,1,0,visible,,,taxable,parent,1,,0,0,28.62,0,,,,,https://raw.githubusercontent.com/kumen360/ESMALTO/main/catalogo/img/besana/pav/esmalto-pz-besana-pav-sand-60x120.webp,ESM-BESANA,63,Color,Sand,1,1,,Formato,60x120,1,1,,Tipo de pieza,Baldosa,1,1,,Espesor,9 mm,1,1,,,,,,,,,,,,,,,,,,,,,,,,,,,,,,,,,,,,,,,,,,,,,,,,,,,,,,,,,,,,,,,,,,,,,,,,1.44,28.62,2,36,51.84,1055.32,14,60x120,9 mm,Porcelánico,Mate,Pavimento/Revestimiento,Sí,No,Sí,V2-V3 Cemento
,variation,ESM-BESANA-WHITE-60X120,Besana White 60x120,1,0,visible,,,taxable,parent,1,,0,0,28.62,0,,,,,https://raw.githubusercontent.com/kumen360/ESMALTO/main/catalogo/img/besana/pav/esmalto-pz-besana-pav-white-60x120.webp,ESM-BESANA,64,Color,White,1,1,,Formato,60x120,1,1,,Tipo de pieza,Baldosa,1,1,,Espesor,9 mm,1,1,,,,,,,,,,,,,,,,,,,,,,,,,,,,,,,,,,,,,,,,,,,,,,,,,,,,,,,,,,,,,,,,,,,,,,,,1.44,28.62,2,36,51.84,1055.32,14,60x120,9 mm,Porcelánico,Mate,Pavimento/Revestimiento,Sí,No,Sí,V2-V3 Cemento
,variation,ESM-BESANA-BONE-60X60,Besana Bone 60x60,1,0,visible,,,taxable,parent,1,,0,0,35.36,0,,,,,https://raw.githubusercontent.com/kumen360/ESMALTO/main/catalogo/img/besana/pav/esmalto-pz-besana-pav-bone-60x60.webp,ESM-BESANA,65,Color,Bone,1,1,,Formato,60x60,1,1,,Tipo de pieza,Baldosa,1,1,,Espesor,9 mm,1,1,,,,,,,,,,,,,,,,,,,,,,,,,,,,,,,,,,,,,,,,,,,,,,,,,,,,,,,,,,,,,,,,,,,,,,,,1.8,35.36,5,30,54,1080.80,19,60x60,9 mm,Porcelánico,Mate,Pavimento/Revestimiento,Sí,No,Sí,V2-V3 Cemento
,variation,ESM-BESANA-GREY-60X60,Besana Grey 60x60,1,0,visible,,,taxable,parent,1,,0,0,35.36,0,,,,,https://raw.githubusercontent.com/kumen360/ESMALTO/main/catalogo/img/besana/pav/esmalto-pz-besana-pav-grey-60x60.webp,ESM-BESANA,66,Color,Grey,1,1,,Formato,60x60,1,1,,Tipo de pieza,Baldosa,1,1,,Espesor,9 mm,1,1,,,,,,,,,,,,,,,,,,,,,,,,,,,,,,,,,,,,,,,,,,,,,,,,,,,,,,,,,,,,,,,,,,,,,,,,1.8,35.36,5,30,54,1080.80,19,60x60,9 mm,Porcelánico,Mate,Pavimento/Revestimiento,Sí,No,Sí,V2-V3 Cemento
,variation,ESM-BESANA-SAND-60X60,Besana Sand 60x60,1,0,visible,,,taxable,parent,1,,0,0,35.36,0,,,,,https://raw.githubusercontent.com/kumen360/ESMALTO/main/catalogo/img/besana/pav/esmalto-pz-besana-pav-sand-60x60.webp,ESM-BESANA,67,Color,Sand,1,1,,Formato,60x60,1,1,,Tipo de pieza,Baldosa,1,1,,Espesor,9 mm,1,1,,,,,,,,,,,,,,,,,,,,,,,,,,,,,,,,,,,,,,,,,,,,,,,,,,,,,,,,,,,,,,,,,,,,,,,,1.8,35.36,5,30,54,1080.80,19,60x60,9 mm,Porcelánico,Mate,Pavimento/Revestimiento,Sí,No,Sí,V2-V3 Cemento
,variation,ESM-BESANA-WHITE-60X60,Besana White 60x60,1,0,visible,,,taxable,parent,1,,0,0,35.36,0,,,,,https://raw.githubusercontent.com/kumen360/ESMALTO/main/catalogo/img/besana/pav/esmalto-pz-besana-pav-white-60x60.webp,ESM-BESANA,68,Color,White,1,1,,Formato,60x60,1,1,,Tipo de pieza,Baldosa,1,1,,Espesor,9 mm,1,1,,,,,,,,,,,,,,,,,,,,,,,,,,,,,,,,,,,,,,,,,,,,,,,,,,,,,,,,,,,,,,,,,,,,,,,,1.8,35.36,5,30,54,1080.80,19,60x60,9 mm,Porcelánico,Mate,Pavimento/Revestimiento,Sí,No,Sí,V2-V3 Cemento
,variation,ESM-BESANA-BONE-333X100-RLV,Besana Bone 33.3x100 Relieve,1,0,visible,,,taxable,parent,1,,0,0,25,0,,,,,https://raw.githubusercontent.com/kumen360/ESMALTO/main/catalogo/img/besana/rev/esmalto-pz-besana-rev-bone-33.3x100.webp,ESM-BESANA,69,Color,Bone,1,1,,Formato,33.3x100,1,1,,Tipo de pieza,Relieve,1,1,,Espesor,9 mm,1,1,,,,,,,,,,,,,,,,,,,,,,,,,,,,,,,,,,,,,,,,,,,,,,,,,,,,,,,,,,,,,,,,,,,,,,,,2,25,,,,,,33.3x100,9 mm,Pasta blanca,Mate,Pavimento/Revestimiento,Sí,,,V2-V3 Cemento
,variation,ESM-BESANA-GREY-333X100-RLV,Besana Grey 33.3x100 Relieve,1,0,visible,,,taxable,parent,1,,0,0,25,0,,,,,https://raw.githubusercontent.com/kumen360/ESMALTO/main/catalogo/img/besana/rev/esmalto-pz-besana-rev-grey-33.3x100.webp,ESM-BESANA,70,Color,Grey,1,1,,Formato,33.3x100,1,1,,Tipo de pieza,Relieve,1,1,,Espesor,9 mm,1,1,,,,,,,,,,,,,,,,,,,,,,,,,,,,,,,,,,,,,,,,,,,,,,,,,,,,,,,,,,,,,,,,,,,,,,,,2,25,,,,,,33.3x100,9 mm,Pasta blanca,Mate,Pavimento/Revestimiento,Sí,,,V2-V3 Cemento
,variation,ESM-BESANA-SAND-333X100-RLV,Besana Sand 33.3x100 Relieve,1,0,visible,,,taxable,parent,1,,0,0,25,0,,,,,https://raw.githubusercontent.com/kumen360/ESMALTO/main/catalogo/img/besana/rev/esmalto-pz-besana-rev-sand-33.3x100.webp,ESM-BESANA,71,Color,Sand,1,1,,Formato,33.3x100,1,1,,Tipo de pieza,Relieve,1,1,,Espesor,9 mm,1,1,,,,,,,,,,,,,,,,,,,,,,,,,,,,,,,,,,,,,,,,,,,,,,,,,,,,,,,,,,,,,,,,,,,,,,,,2,25,,,,,,33.3x100,9 mm,Pasta blanca,Mate,Pavimento/Revestimiento,Sí,,,V2-V3 Cemento
,variation,ESM-BESANA-WHITE-333X100-RLV,Besana White 33.3x100 Relieve,1,0,visible,,,taxable,parent,1,,0,0,25,0,,,,,https://raw.githubusercontent.com/kumen360/ESMALTO/main/catalogo/img/besana/rev/esmalto-pz-besana-rev-white-33.3x100.webp,ESM-BESANA,72,Color,White,1,1,,Formato,33.3x100,1,1,,Tipo de pieza,Relieve,1,1,,Espesor,9 mm,1,1,,,,,,,,,,,,,,,,,,,,,,,,,,,,,,,,,,,,,,,,,,,,,,,,,,,,,,,,,,,,,,,,,,,,,,,,2,25,,,,,,33.3x100,9 mm,Pasta blanca,Mate,Pavimento/Revestimiento,Sí,,,V2-V3 Cemento
,variation,ESM-BESANA-BONE-60X120-RLV,Besana Bone 60x120 Relieve,1,0,visible,,,taxable,parent,1,,0,0,28.62,0,,,,,https://raw.githubusercontent.com/kumen360/ESMALTO/main/catalogo/img/besana/pav/esmalto-pz-besana-pav-bone-60x120.webp,ESM-BESANA,73,Color,Bone,1,1,,Formato,60x120,1,1,,Tipo de pieza,Relieve,1,1,,Espesor,9 mm,1,1,,,,,,,,,,,,,,,,,,,,,,,,,,,,,,,,,,,,,,,,,,,,,,,,,,,,,,,,,,,,,,,,,,,,,,,,1.44,28.62,2,36,51.84,1055.32,14,60x120,9 mm,Porcelánico,Mate,Pavimento/Revestimiento,Sí,No,Sí,V2-V3 Cemento
,variation,ESM-BESANA-GREY-60X120-RLV,Besana Grey 60x120 Relieve,1,0,visible,,,taxable,parent,1,,0,0,28.62,0,,,,,https://raw.githubusercontent.com/kumen360/ESMALTO/main/catalogo/img/besana/pav/esmalto-pz-besana-pav-grey-60x120.webp,ESM-BESANA,74,Color,Grey,1,1,,Formato,60x120,1,1,,Tipo de pieza,Relieve,1,1,,Espesor,9 mm,1,1,,,,,,,,,,,,,,,,,,,,,,,,,,,,,,,,,,,,,,,,,,,,,,,,,,,,,,,,,,,,,,,,,,,,,,,,1.44,28.62,2,36,51.84,1055.32,14,60x120,9 mm,Porcelánico,Mate,Pavimento/Revestimiento,Sí,No,Sí,V2-V3 Cemento
,variation,ESM-BESANA-SAND-60X120-RLV,Besana Sand 60x120 Relieve,1,0,visible,,,taxable,parent,1,,0,0,28.62,0,,,,,https://raw.githubusercontent.com/kumen360/ESMALTO/main/catalogo/img/besana/pav/esmalto-pz-besana-pav-sand-60x120.webp,ESM-BESANA,75,Color,Sand,1,1,,Formato,60x120,1,1,,Tipo de pieza,Relieve,1,1,,Espesor,9 mm,1,1,,,,,,,,,,,,,,,,,,,,,,,,,,,,,,,,,,,,,,,,,,,,,,,,,,,,,,,,,,,,,,,,,,,,,,,,1.44,28.62,2,36,51.84,1055.32,14,60x120,9 mm,Porcelánico,Mate,Pavimento/Revestimiento,Sí,No,Sí,V2-V3 Cemento
,variation,ESM-BESANA-WHITE-60X120-RLV,Besana White 60x120 Relieve,1,0,visible,,,taxable,parent,1,,0,0,28.62,0,,,,,https://raw.githubusercontent.com/kumen360/ESMALTO/main/catalogo/img/besana/pav/esmalto-pz-besana-pav-white-60x120.webp,ESM-BESANA,76,Color,White,1,1,,Formato,60x120,1,1,,Tipo de pieza,Relieve,1,1,,Espesor,9 mm,1,1,,,,,,,,,,,,,,,,,,,,,,,,,,,,,,,,,,,,,,,,,,,,,,,,,,,,,,,,,,,,,,,,,,,,,,,,1.44,28.62,2,36,51.84,1055.32,14,60x120,9 mm,Porcelánico,Mate,Pavimento/Revestimiento,Sí,No,Sí,V2-V3 Cemento
,variable,ESM-BORNEO,Borneo,1,0,visible,"Serie Borneo en porcelánico, acabado mate. 6 colores y 1 formato.","<p>La serie <strong>Borneo</strong> está fabricada en porcelánico con acabado mate. Se presenta en 6 colores y 1 formato, con un total de 6 referencias.</p><h3>Características técnicas</h3><ul><li><strong>Material:</strong> Porcelánico</li><li><strong>Acabado:</strong> Mate</li><li><strong>Uso:</strong> Pavimento y revestimiento</li><li><strong>Espesor:</strong> 9 MM</li><li><strong>Antideslizante:</strong> Sí</li><li><strong>Tipo de pieza:</strong> Baldosa</li><li><strong>Familia:</strong> Eco Woods</li></ul><p><strong>Colores disponibles:</strong> Ivory, Straw, Haya, Taupe, Roble, Gris.<br><strong>Formatos:</strong> 23x120.</p><p><strong>Espacios recomendados:</strong> Interior: salón, dormitorio, cocina y baño; efecto madera.</p><h3>Datos de embalaje</h3><table><thead><tr><th>Formato</th><th>Pz/caja</th><th>m²/caja</th><th>Kg/caja</th><th>Cajas/palet</th><th>m²/palet</th><th>Kg/palet</th></tr></thead><tbody><tr><td>23x120</td><td>5</td><td>1,38</td><td>26,20</td><td>48</td><td>66,24</td><td>1286,60</td></tr></tbody></table>",taxable,,1,,0,0,,0,,,Pavimentos y revestimientos > Eco Woods,,"https://raw.githubusercontent.com/kumen360/ESMALTO/main/catalogo/img/borneo/esmalto-amb-borneo-gris.webp, https://raw.githubusercontent.com/kumen360/ESMALTO/main/catalogo/img/borneo/esmalto-amb-borneo-haya.webp, https://raw.githubusercontent.com/kumen360/ESMALTO/main/catalogo/img/borneo/esmalto-amb-borneo-haya-23x120-30x90.webp, https://raw.githubusercontent.com/kumen360/ESMALTO/main/catalogo/img/borneo/esmalto-amb-borneo-ivory-detalle.webp, https://raw.githubusercontent.com/kumen360/ESMALTO/main/catalogo/img/borneo/esmalto-amb-borneo-nogal-detalle.webp, https://raw.githubusercontent.com/kumen360/ESMALTO/main/catalogo/img/borneo/esmalto-amb-borneo-roble-detalle.webp, https://raw.githubusercontent.com/kumen360/ESMALTO/main/catalogo/img/borneo/esmalto-amb-borneo-straw-detalle.webp, https://raw.githubusercontent.com/kumen360/ESMALTO/main/catalogo/img/borneo/esmalto-amb-borneo-taupe.webp, https://raw.githubusercontent.com/kumen360/ESMALTO/main/catalogo/img/borneo/esmalto-amb-borneo-taupe-v2.webp, https://raw.githubusercontent.com/kumen360/ESMALTO/main/catalogo/img/borneo/esmalto-amb-borneo-deck-deck-gris.webp, https://raw.githubusercontent.com/kumen360/ESMALTO/main/catalogo/img/borneo/esmalto-amb-borneo-deck-deck-straw.webp, https://raw.githubusercontent.com/kumen360/ESMALTO/main/catalogo/img/borneo/esmalto-pz-borneo-gris.webp, https://raw.githubusercontent.com/kumen360/ESMALTO/main/catalogo/img/borneo/esmalto-pz-borneo-haya.webp, https://raw.githubusercontent.com/kumen360/ESMALTO/main/catalogo/img/borneo/esmalto-pz-borneo-ivory.webp, https://raw.githubusercontent.com/kumen360/ESMALTO/main/catalogo/img/borneo/esmalto-pz-borneo-nogal.webp, https://raw.githubusercontent.com/kumen360/ESMALTO/main/catalogo/img/borneo/esmalto-pz-borneo-roble.webp, https://raw.githubusercontent.com/kumen360/ESMALTO/main/catalogo/img/borneo/esmalto-pz-borneo-straw.webp, https://raw.githubusercontent.com/kumen360/ESMALTO/main/catalogo/img/borneo/esmalto-pz-borneo-taupe.webp",,7,Color,"Ivory, Straw, Haya, Taupe, Roble, Gris",1,1,Ivory,Formato,23x120,1,1,,Tipo de pieza,Baldosa,1,1,,Espesor,9 mm,1,1,,Acabado,Mate,1,1,,Material,Porcelánico,1,1,,Uso,"Pavimento, Revestimiento",1,1,,Familia,Eco Woods,1,1,,Estilo,Madera,1,1,,Tono,"Beige, Marrón, Gris",0,1,,Espacio,"Baño, Cocina, Salón, Dormitorio",1,1,,Ubicación,Interior,1,1,,Antideslizante,Sí,1,1,,,,,,,,,,,,,,,,,"Interior: salón, dormitorio, cocina y baño; efecto madera",Eco Woods,Borneo,Esmalto,Ecoceramic,fichas/esmalto-ficha-borneo.pdf,Madera,Material: Porcelánico | Acabado: Mate | Uso: Pavimento y revestimiento | Espesor: 9 MM | Antideslizante: Sí | Tipo de pieza: Baldosa,Borneo | Porcelánico Eco Woods | Esmalto,"Serie Borneo en porcelánico, acabado mate. 6 colores y 1 formato.",,,,,,,,,,,,,,,,
,variation,ESM-BORNEO-GRIS-23X120,Borneo Gris 23x120,1,0,visible,,,taxable,parent,1,,0,0,26.2,0,,,,,https://raw.githubusercontent.com/kumen360/ESMALTO/main/catalogo/img/borneo/esmalto-pz-borneo-gris.webp,ESM-BORNEO,77,Color,Gris,1,1,,,,,,,,,,,,,,,,,,,,,,,,,,,,,,,,,,,,,,,,,,,,,,,,,,,,,,,,,,,,,,,,,,,,,,,,,,,,,,,,,,,,,,,1.38,26.2,5,48,66.24,1286.60,14,23x120,9 mm,Porcelánico,Mate,Pavimento y revestimiento,,Sí,,
,variation,ESM-BORNEO-HAYA-23X120,Borneo Haya 23x120,1,0,visible,,,taxable,parent,1,,0,0,26.2,0,,,,,https://raw.githubusercontent.com/kumen360/ESMALTO/main/catalogo/img/borneo/esmalto-pz-borneo-haya.webp,ESM-BORNEO,78,Color,Haya,1,1,,,,,,,,,,,,,,,,,,,,,,,,,,,,,,,,,,,,,,,,,,,,,,,,,,,,,,,,,,,,,,,,,,,,,,,,,,,,,,,,,,,,,,,1.38,26.2,5,48,66.24,1286.60,14,23x120,9 mm,Porcelánico,Mate,Pavimento y revestimiento,,Sí,,
,variation,ESM-BORNEO-IVORY-23X120,Borneo Ivory 23x120,1,0,visible,,,taxable,parent,1,,0,0,26.2,0,,,,,https://raw.githubusercontent.com/kumen360/ESMALTO/main/catalogo/img/borneo/esmalto-pz-borneo-ivory.webp,ESM-BORNEO,79,Color,Ivory,1,1,,,,,,,,,,,,,,,,,,,,,,,,,,,,,,,,,,,,,,,,,,,,,,,,,,,,,,,,,,,,,,,,,,,,,,,,,,,,,,,,,,,,,,,1.38,26.2,5,48,66.24,1286.60,14,23x120,9 mm,Porcelánico,Mate,Pavimento y revestimiento,,Sí,,
,variation,ESM-BORNEO-ROBLE-23X120,Borneo Roble 23x120,1,0,visible,,,taxable,parent,1,,0,0,26.2,0,,,,,https://raw.githubusercontent.com/kumen360/ESMALTO/main/catalogo/img/borneo/esmalto-pz-borneo-roble.webp,ESM-BORNEO,80,Color,Roble,1,1,,,,,,,,,,,,,,,,,,,,,,,,,,,,,,,,,,,,,,,,,,,,,,,,,,,,,,,,,,,,,,,,,,,,,,,,,,,,,,,,,,,,,,,1.38,26.2,5,48,66.24,1286.60,14,23x120,9 mm,Porcelánico,Mate,Pavimento y revestimiento,,Sí,,
,variation,ESM-BORNEO-STRAW-23X120,Borneo Straw 23x120,1,0,visible,,,taxable,parent,1,,0,0,26.2,0,,,,,https://raw.githubusercontent.com/kumen360/ESMALTO/main/catalogo/img/borneo/esmalto-pz-borneo-straw.webp,ESM-BORNEO,81,Color,Straw,1,1,,,,,,,,,,,,,,,,,,,,,,,,,,,,,,,,,,,,,,,,,,,,,,,,,,,,,,,,,,,,,,,,,,,,,,,,,,,,,,,,,,,,,,,1.38,26.2,5,48,66.24,1286.60,14,23x120,9 mm,Porcelánico,Mate,Pavimento y revestimiento,,Sí,,
,variation,ESM-BORNEO-TAUPE-23X120,Borneo Taupe 23x120,1,0,visible,,,taxable,parent,1,,0,0,26.2,0,,,,,https://raw.githubusercontent.com/kumen360/ESMALTO/main/catalogo/img/borneo/esmalto-pz-borneo-taupe.webp,ESM-BORNEO,82,Color,Taupe,1,1,,,,,,,,,,,,,,,,,,,,,,,,,,,,,,,,,,,,,,,,,,,,,,,,,,,,,,,,,,,,,,,,,,,,,,,,,,,,,,,,,,,,,,,1.38,26.2,5,48,66.24,1286.60,14,23x120,9 mm,Porcelánico,Mate,Pavimento y revestimiento,,Sí,,
,variable,ESM-BORNEO-DECK,Borneo Deck,1,0,visible,"Serie Borneo Deck en porcelánico, acabado mate. 6 colores y 1 formato.","<p>La serie <strong>Borneo Deck</strong> está fabricada en porcelánico con acabado mate. Se presenta en 6 colores y 1 formato, con un total de 6 referencias.</p><h3>Características técnicas</h3><ul><li><strong>Material:</strong> Porcelánico</li><li><strong>Acabado:</strong> Mate</li><li><strong>Uso:</strong> Pavimento y revestimiento</li><li><strong>Espesor:</strong> 9 MM</li><li><strong>Antideslizante:</strong> Sí</li><li><strong>Tipo de pieza:</strong> Baldosa</li><li><strong>Familia:</strong> Eco Woods</li></ul><p><strong>Colores disponibles:</strong> Ivory, Straw, Haya, Taupe, Roble, Gris.<br><strong>Formatos:</strong> 23x120.</p><p><strong>Espacios recomendados:</strong> Interior: salón, dormitorio, cocina y baño; efecto madera.</p><h3>Datos de embalaje</h3><table><thead><tr><th>Formato</th><th>Pz/caja</th><th>m²/caja</th><th>Kg/caja</th><th>Cajas/palet</th><th>m²/palet</th><th>Kg/palet</th></tr></thead><tbody><tr><td>23x120</td><td>5</td><td>1,38</td><td>26,20</td><td>48</td><td>66,24</td><td>1286,60</td></tr></tbody></table>",taxable,,1,,0,0,,0,,,Pavimentos y revestimientos > Eco Woods,,"https://raw.githubusercontent.com/kumen360/ESMALTO/main/catalogo/img/borneo/esmalto-amb-borneo-deck-deck-gris.webp, https://raw.githubusercontent.com/kumen360/ESMALTO/main/catalogo/img/borneo/esmalto-amb-borneo-deck-deck-straw.webp, https://raw.githubusercontent.com/kumen360/ESMALTO/main/catalogo/img/borneo-deck/esmalto-pz-borneo-deck-corner-deck-roble.webp, https://raw.githubusercontent.com/kumen360/ESMALTO/main/catalogo/img/borneo-deck/esmalto-pz-borneo-deck-deck-gris.webp, https://raw.githubusercontent.com/kumen360/ESMALTO/main/catalogo/img/borneo-deck/esmalto-pz-borneo-deck-deck-haya.webp, https://raw.githubusercontent.com/kumen360/ESMALTO/main/catalogo/img/borneo-deck/esmalto-pz-borneo-deck-deck-ivory.webp, https://raw.githubusercontent.com/kumen360/ESMALTO/main/catalogo/img/borneo-deck/esmalto-pz-borneo-deck-deck-nogal.webp, https://raw.githubusercontent.com/kumen360/ESMALTO/main/catalogo/img/borneo-deck/esmalto-pz-borneo-deck-deck-roble.webp, https://raw.githubusercontent.com/kumen360/ESMALTO/main/catalogo/img/borneo-deck/esmalto-pz-borneo-deck-deck-straw.webp, https://raw.githubusercontent.com/kumen360/ESMALTO/main/catalogo/img/borneo-deck/esmalto-pz-borneo-deck-deck-taupe.webp",,8,Color,"Ivory, Straw, Haya, Taupe, Roble, Gris",1,1,Ivory,Formato,23x120,1,1,,Tipo de pieza,Baldosa,1,1,,Espesor,9 mm,1,1,,Acabado,Mate,1,1,,Material,Porcelánico,1,1,,Uso,"Pavimento, Revestimiento",1,1,,Familia,Eco Woods,1,1,,Estilo,Madera,1,1,,Tono,"Beige, Marrón, Gris",0,1,,Espacio,"Baño, Cocina, Salón, Dormitorio",1,1,,Ubicación,Interior,1,1,,Antideslizante,Sí,1,1,,,,,,,,,,,,,,,,,"Interior: salón, dormitorio, cocina y baño; efecto madera",Eco Woods,Borneo Deck,Esmalto,Ecoceramic,fichas/esmalto-ficha-borneo-deck.pdf,Madera,Material: Porcelánico | Acabado: Mate | Uso: Pavimento y revestimiento | Espesor: 9 MM | Antideslizante: Sí | Tipo de pieza: Baldosa,Borneo Deck | Porcelánico Eco Woods | Esmalto,"Serie Borneo Deck en porcelánico, acabado mate. 6 colores y 1 formato.",,,,,,,,,,,,,,,,
,variation,ESM-BORNEO-DECK-GRIS-23X120,Borneo Deck Gris 23x120,1,0,visible,,,taxable,parent,1,,0,0,26.2,0,,,,,,ESM-BORNEO-DECK,83,Color,Gris,1,1,,,,,,,,,,,,,,,,,,,,,,,,,,,,,,,,,,,,,,,,,,,,,,,,,,,,,,,,,,,,,,,,,,,,,,,,,,,,,,,,,,,,,,,1.38,26.2,5,48,66.24,1286.60,14,23x120,9 mm,Porcelánico,Mate,Pavimento y revestimiento,,Sí,,
,variation,ESM-BORNEO-DECK-HAYA-23X120,Borneo Deck Haya 23x120,1,0,visible,,,taxable,parent,1,,0,0,26.2,0,,,,,,ESM-BORNEO-DECK,84,Color,Haya,1,1,,,,,,,,,,,,,,,,,,,,,,,,,,,,,,,,,,,,,,,,,,,,,,,,,,,,,,,,,,,,,,,,,,,,,,,,,,,,,,,,,,,,,,,1.38,26.2,5,48,66.24,1286.60,14,23x120,9 mm,Porcelánico,Mate,Pavimento y revestimiento,,Sí,,
,variation,ESM-BORNEO-DECK-IVORY-23X120,Borneo Deck Ivory 23x120,1,0,visible,,,taxable,parent,1,,0,0,26.2,0,,,,,,ESM-BORNEO-DECK,85,Color,Ivory,1,1,,,,,,,,,,,,,,,,,,,,,,,,,,,,,,,,,,,,,,,,,,,,,,,,,,,,,,,,,,,,,,,,,,,,,,,,,,,,,,,,,,,,,,,1.38,26.2,5,48,66.24,1286.60,14,23x120,9 mm,Porcelánico,Mate,Pavimento y revestimiento,,Sí,,
,variation,ESM-BORNEO-DECK-ROBLE-23X120,Borneo Deck Roble 23x120,1,0,visible,,,taxable,parent,1,,0,0,26.2,0,,,,,,ESM-BORNEO-DECK,86,Color,Roble,1,1,,,,,,,,,,,,,,,,,,,,,,,,,,,,,,,,,,,,,,,,,,,,,,,,,,,,,,,,,,,,,,,,,,,,,,,,,,,,,,,,,,,,,,,1.38,26.2,5,48,66.24,1286.60,14,23x120,9 mm,Porcelánico,Mate,Pavimento y revestimiento,,Sí,,
,variation,ESM-BORNEO-DECK-STRAW-23X120,Borneo Deck Straw 23x120,1,0,visible,,,taxable,parent,1,,0,0,26.2,0,,,,,,ESM-BORNEO-DECK,87,Color,Straw,1,1,,,,,,,,,,,,,,,,,,,,,,,,,,,,,,,,,,,,,,,,,,,,,,,,,,,,,,,,,,,,,,,,,,,,,,,,,,,,,,,,,,,,,,,1.38,26.2,5,48,66.24,1286.60,14,23x120,9 mm,Porcelánico,Mate,Pavimento y revestimiento,,Sí,,
,variation,ESM-BORNEO-DECK-TAUPE-23X120,Borneo Deck Taupe 23x120,1,0,visible,,,taxable,parent,1,,0,0,26.2,0,,,,,,ESM-BORNEO-DECK,88,Color,Taupe,1,1,,,,,,,,,,,,,,,,,,,,,,,,,,,,,,,,,,,,,,,,,,,,,,,,,,,,,,,,,,,,,,,,,,,,,,,,,,,,,,,,,,,,,,,1.38,26.2,5,48,66.24,1286.60,14,23x120,9 mm,Porcelánico,Mate,Pavimento y revestimiento,,Sí,,
,variable,ESM-CAPITOL,Capitol,1,0,visible,"Serie Capitol en porcelánico y pasta blanca, acabado mate. 4 colores y 5 formatos.","<p>La serie <strong>Capitol</strong> está fabricada en porcelánico y pasta blanca con acabado mate. Se presenta en 4 colores y 5 formatos, con un total de 24 referencias.</p><h3>Características técnicas</h3><ul><li><strong>Material:</strong> Porcelánico y Pasta blanca</li><li><strong>Acabado:</strong> Mate</li><li><strong>Uso:</strong> Pavimento y revestimiento</li><li><strong>Espesor:</strong> 9 MM</li><li><strong>Antideslizante:</strong> No</li><li><strong>Versión antideslizante:</strong> No / Sí</li><li><strong>Tipo de pieza:</strong> Baldosa y Relieve</li><li><strong>Familia:</strong> Porce Plus</li></ul><p><strong>Colores disponibles:</strong> Hueso, Arena, Blanco, Perla.<br><strong>Formatos:</strong> 120x120, 60x120, 100x100, 60x60, 30x90.</p><p><strong>Espacios recomendados:</strong> Interior: salón, cocina, baño y dormitorio; formatos grandes.</p><h3>Datos de embalaje</h3><table><thead><tr><th>Formato</th><th>Pz/caja</th><th>m²/caja</th><th>Kg/caja</th><th>Cajas/palet</th><th>m²/palet</th><th>Kg/palet</th></tr></thead><tbody><tr><td>100x100</td><td>2</td><td>2</td><td>41,15</td><td>27</td><td>54</td><td>1133,05</td></tr><tr><td>120x120</td><td>1</td><td>1,44</td><td>34,36</td><td>36</td><td>51,84</td><td>1276,96</td></tr><tr><td>30x90</td><td>5</td><td>1,35</td><td>20,22</td><td>63</td><td>85,05</td><td>1298,86</td></tr><tr><td>60x120</td><td>2</td><td>1,44</td><td>28,62</td><td>36</td><td>51,84</td><td>1055,32</td></tr><tr><td>60x60</td><td>5</td><td>1,80</td><td>35,36</td><td>30</td><td>54</td><td>1080,80</td></tr></tbody></table>",taxable,,1,,0,0,,0,,,Pavimentos y revestimientos > Porce Plus,,"https://raw.githubusercontent.com/kumen360/ESMALTO/main/catalogo/img/capitol/pav/esmalto-amb-capitol-pav-arena-100x100-02.webp, https://raw.githubusercontent.com/kumen360/ESMALTO/main/catalogo/img/capitol/pav/esmalto-amb-capitol-pav-arena-120x120-02.webp, https://raw.githubusercontent.com/kumen360/ESMALTO/main/catalogo/img/capitol/pav/esmalto-amb-capitol-pav-arena-120x120-60x120-02.webp, https://raw.githubusercontent.com/kumen360/ESMALTO/main/catalogo/img/capitol/pav/esmalto-amb-capitol-pav-blanco-100x100-02.webp, https://raw.githubusercontent.com/kumen360/ESMALTO/main/catalogo/img/capitol/pav/esmalto-amb-capitol-pav-blanco-120x120-02.webp, https://raw.githubusercontent.com/kumen360/ESMALTO/main/catalogo/img/capitol/pav/esmalto-amb-capitol-pav-blanco-120x120-60x120-02.webp, https://raw.githubusercontent.com/kumen360/ESMALTO/main/catalogo/img/capitol/pav/esmalto-amb-capitol-pav-hueso-100x100-02.webp, https://raw.githubusercontent.com/kumen360/ESMALTO/main/catalogo/img/capitol/pav/esmalto-amb-capitol-pav-hueso-120x120-02.webp, https://raw.githubusercontent.com/kumen360/ESMALTO/main/catalogo/img/capitol/pav/esmalto-amb-capitol-pav-hueso-120x120-60x120-02.webp, https://raw.githubusercontent.com/kumen360/ESMALTO/main/catalogo/img/capitol/pav/esmalto-amb-capitol-pav-pearl-60x120-detalle.webp, https://raw.githubusercontent.com/kumen360/ESMALTO/main/catalogo/img/capitol/pav/esmalto-amb-capitol-pav-perla-blanco-120x120-01.webp, https://raw.githubusercontent.com/kumen360/ESMALTO/main/catalogo/img/capitol/pav/esmalto-amb-capitol-pav-perla-blanco-120x120-02.webp, https://raw.githubusercontent.com/kumen360/ESMALTO/main/catalogo/img/capitol/pav/esmalto-amb-capitol-pav-perla-blanco-120x120-03.webp, https://raw.githubusercontent.com/kumen360/ESMALTO/main/catalogo/img/capitol/rev/esmalto-amb-capitol-rev-arena-30x90-01.webp, https://raw.githubusercontent.com/kumen360/ESMALTO/main/catalogo/img/capitol/rev/esmalto-amb-capitol-rev-arena-30x90-02.webp, https://raw.githubusercontent.com/kumen360/ESMALTO/main/catalogo/img/capitol/rev/esmalto-amb-capitol-rev-blanco-30x90-01.webp, https://raw.githubusercontent.com/kumen360/ESMALTO/main/catalogo/img/capitol/rev/esmalto-amb-capitol-rev-blanco-30x90-02.webp, https://raw.githubusercontent.com/kumen360/ESMALTO/main/catalogo/img/capitol/rev/esmalto-amb-capitol-rev-hueso-30x90-01.webp, https://raw.githubusercontent.com/kumen360/ESMALTO/main/catalogo/img/capitol/rev/esmalto-amb-capitol-rev-hueso-30x90-02.webp, https://raw.githubusercontent.com/kumen360/ESMALTO/main/catalogo/img/capitol/rev/esmalto-amb-capitol-rev-perla-30x90-01.webp, https://raw.githubusercontent.com/kumen360/ESMALTO/main/catalogo/img/capitol/rev/esmalto-amb-capitol-rev-perla-30x90-02.webp, https://raw.githubusercontent.com/kumen360/ESMALTO/main/catalogo/img/capitol/rev/esmalto-amb-capitol-rev-rlv-arena-30x90-02.webp, https://raw.githubusercontent.com/kumen360/ESMALTO/main/catalogo/img/capitol/rev/esmalto-amb-capitol-rev-rlv-hueso-30x90-02.webp, https://raw.githubusercontent.com/kumen360/ESMALTO/main/catalogo/img/capitol/rev/esmalto-amb-capitol-rev-rlv-hueso-30x90-02-v2.webp, https://raw.githubusercontent.com/kumen360/ESMALTO/main/catalogo/img/capitol/esmalto-amb-fika-maple-hueso-20x120-30x90.webp, https://raw.githubusercontent.com/kumen360/ESMALTO/main/catalogo/img/capitol/esmalto-amb-fika-natural-hueso-20x120-30x90.webp, https://raw.githubusercontent.com/kumen360/ESMALTO/main/catalogo/img/capitol/pav/esmalto-pz-capitol-pav-arena-100x100.webp, https://raw.githubusercontent.com/kumen360/ESMALTO/main/catalogo/img/capitol/pav/esmalto-pz-capitol-pav-arena-120x120.webp, https://raw.githubusercontent.com/kumen360/ESMALTO/main/catalogo/img/capitol/pav/esmalto-pz-capitol-pav-arena-60x120.webp, https://raw.githubusercontent.com/kumen360/ESMALTO/main/catalogo/img/capitol/pav/esmalto-pz-capitol-pav-arena-60x60.webp, https://raw.githubusercontent.com/kumen360/ESMALTO/main/catalogo/img/capitol/pav/esmalto-pz-capitol-pav-blanco-100x100.webp, https://raw.githubusercontent.com/kumen360/ESMALTO/main/catalogo/img/capitol/pav/esmalto-pz-capitol-pav-blanco-120x120.webp, https://raw.githubusercontent.com/kumen360/ESMALTO/main/catalogo/img/capitol/pav/esmalto-pz-capitol-pav-blanco-60x120.webp, https://raw.githubusercontent.com/kumen360/ESMALTO/main/catalogo/img/capitol/pav/esmalto-pz-capitol-pav-blanco-60x60.webp, https://raw.githubusercontent.com/kumen360/ESMALTO/main/catalogo/img/capitol/pav/esmalto-pz-capitol-pav-hueso-100x100.webp, https://raw.githubusercontent.com/kumen360/ESMALTO/main/catalogo/img/capitol/pav/esmalto-pz-capitol-pav-hueso-120x120.webp, https://raw.githubusercontent.com/kumen360/ESMALTO/main/catalogo/img/capitol/pav/esmalto-pz-capitol-pav-hueso-60x120.webp, https://raw.githubusercontent.com/kumen360/ESMALTO/main/catalogo/img/capitol/pav/esmalto-pz-capitol-pav-hueso-60x60.webp, https://raw.githubusercontent.com/kumen360/ESMALTO/main/catalogo/img/capitol/pav/esmalto-pz-capitol-pav-perla-100x100.webp, https://raw.githubusercontent.com/kumen360/ESMALTO/main/catalogo/img/capitol/pav/esmalto-pz-capitol-pav-perla-120x120.webp, https://raw.githubusercontent.com/kumen360/ESMALTO/main/catalogo/img/capitol/pav/esmalto-pz-capitol-pav-perla-60x120.webp, https://raw.githubusercontent.com/kumen360/ESMALTO/main/catalogo/img/capitol/pav/esmalto-pz-capitol-pav-perla-60x60.webp, https://raw.githubusercontent.com/kumen360/ESMALTO/main/catalogo/img/capitol/rev/esmalto-pz-capitol-rev-arena-30x90.webp, https://raw.githubusercontent.com/kumen360/ESMALTO/main/catalogo/img/capitol/rev/esmalto-pz-capitol-rev-blanco-30x90.webp, https://raw.githubusercontent.com/kumen360/ESMALTO/main/catalogo/img/capitol/rev/esmalto-pz-capitol-rev-hueso-30x90.webp, https://raw.githubusercontent.com/kumen360/ESMALTO/main/catalogo/img/capitol/rev/esmalto-pz-capitol-rev-perla-30x90.webp, https://raw.githubusercontent.com/kumen360/ESMALTO/main/catalogo/img/capitol/rev/esmalto-pz-capitol-rev-rlv-arena-30x90-03.webp, https://raw.githubusercontent.com/kumen360/ESMALTO/main/catalogo/img/capitol/rev/esmalto-pz-capitol-rev-rlv-blanco-30x90-04.webp, https://raw.githubusercontent.com/kumen360/ESMALTO/main/catalogo/img/capitol/rev/esmalto-pz-capitol-rev-rlv-hueso-30x90-01.webp, https://raw.githubusercontent.com/kumen360/ESMALTO/main/catalogo/img/capitol/rev/esmalto-pz-capitol-rev-rlv-perla-30x90-02.webp",,9,Color,"Hueso, Arena, Blanco, Perla",1,1,Hueso,Formato,"120x120, 60x120, 100x100, 60x60, 30x90",1,1,120x120,Tipo de pieza,"Baldosa, Relieve",1,1,Baldosa,Espesor,9 mm,1,1,,Acabado,Mate,1,1,,Material,"Porcelánico, Pasta blanca",1,1,,Uso,"Pavimento, Revestimiento",1,1,,Familia,Porce Plus,1,1,,Estilo,Cemento,1,1,,Tono,"Beige, Blanco, Gris",0,1,,Espacio,"Baño, Cocina, Salón, Dormitorio",1,1,,Ubicación,Interior,1,1,,Antideslizante,No,1,1,,Versión antideslizante,"No, Sí",1,0,,,,,,,,,,,,"Interior: salón, cocina, baño y dormitorio; formatos grandes",Porce Plus,Capitol,Esmalto,Ecoceramic,fichas/esmalto-ficha-capitol.pdf,Cemento,Material: Porcelánico | Acabado: Mate | Uso: Pavimento y revestimiento | Espesor: 9 MM | Antideslizante: No | Versión antideslizante disponible: No | Tipo de pieza: Baldosa,Capitol | Porcelánico Porce Plus | Esmalto,"Serie Capitol en porcelánico y pasta blanca, acabado mate. 4 colores y 5 formatos.",,,,,,,,,,,,,,,,
,variation,ESM-CAPITOL-ARENA-100X100,Capitol Arena 100x100,1,0,visible,,,taxable,parent,1,,0,0,41.15,0,,,,,https://raw.githubusercontent.com/kumen360/ESMALTO/main/catalogo/img/capitol/pav/esmalto-pz-capitol-pav-arena-100x100.webp,ESM-CAPITOL,89,Color,Arena,1,1,,Formato,100x100,1,1,,Tipo de pieza,Baldosa,1,1,,,,,,,,,,,,,,,,,,,,,,,,,,,,,,,,,,,,,,,,,,,,,,,,,,,,,,,,,,,,,,,,,,,,,,,,,,,,,2,41.15,2,27,54,1133.05,7,100x100,9 mm,Porcelánico,Mate,Pavimento y revestimiento,,No,Sí,
,variation,ESM-CAPITOL-BLANCO-100X100,Capitol Blanco 100x100,1,0,visible,,,taxable,parent,1,,0,0,41.15,0,,,,,https://raw.githubusercontent.com/kumen360/ESMALTO/main/catalogo/img/capitol/pav/esmalto-pz-capitol-pav-blanco-100x100.webp,ESM-CAPITOL,90,Color,Blanco,1,1,,Formato,100x100,1,1,,Tipo de pieza,Baldosa,1,1,,,,,,,,,,,,,,,,,,,,,,,,,,,,,,,,,,,,,,,,,,,,,,,,,,,,,,,,,,,,,,,,,,,,,,,,,,,,,2,41.15,2,27,54,1133.05,7,100x100,9 mm,Porcelánico,Mate,Pavimento y revestimiento,,No,Sí,
,variation,ESM-CAPITOL-HUESO-100X100,Capitol Hueso 100x100,1,0,visible,,,taxable,parent,1,,0,0,41.15,0,,,,,https://raw.githubusercontent.com/kumen360/ESMALTO/main/catalogo/img/capitol/pav/esmalto-pz-capitol-pav-hueso-100x100.webp,ESM-CAPITOL,91,Color,Hueso,1,1,,Formato,100x100,1,1,,Tipo de pieza,Baldosa,1,1,,,,,,,,,,,,,,,,,,,,,,,,,,,,,,,,,,,,,,,,,,,,,,,,,,,,,,,,,,,,,,,,,,,,,,,,,,,,,2,41.15,2,27,54,1133.05,7,100x100,9 mm,Porcelánico,Mate,Pavimento y revestimiento,,No,Sí,
,variation,ESM-CAPITOL-PERLA-100X100,Capitol Perla 100x100,1,0,visible,,,taxable,parent,1,,0,0,41.15,0,,,,,https://raw.githubusercontent.com/kumen360/ESMALTO/main/catalogo/img/capitol/pav/esmalto-pz-capitol-pav-perla-100x100.webp,ESM-CAPITOL,92,Color,Perla,1,1,,Formato,100x100,1,1,,Tipo de pieza,Baldosa,1,1,,,,,,,,,,,,,,,,,,,,,,,,,,,,,,,,,,,,,,,,,,,,,,,,,,,,,,,,,,,,,,,,,,,,,,,,,,,,,2,41.15,2,27,54,1133.05,7,100x100,9 mm,Porcelánico,Mate,Pavimento y revestimiento,,No,Sí,
,variation,ESM-CAPITOL-ARENA-120X120,Capitol Arena 120x120,1,0,visible,,,taxable,parent,1,,0,0,35,0,,,,,https://raw.githubusercontent.com/kumen360/ESMALTO/main/catalogo/img/capitol/pav/esmalto-pz-capitol-pav-arena-120x120.webp,ESM-CAPITOL,93,Color,Arena,1,1,,Formato,120x120,1,1,,Tipo de pieza,Baldosa,1,1,,,,,,,,,,,,,,,,,,,,,,,,,,,,,,,,,,,,,,,,,,,,,,,,,,,,,,,,,,,,,,,,,,,,,,,,,,,,,1.44,35,1,36,51.84,1276.96,7,120x120,9 mm,Porcelánico,Mate,Pavimento y revestimiento,,No,No,
,variation,ESM-CAPITOL-BLANCO-120X120,Capitol Blanco 120x120,1,0,visible,,,taxable,parent,1,,0,0,35,0,,,,,https://raw.githubusercontent.com/kumen360/ESMALTO/main/catalogo/img/capitol/pav/esmalto-pz-capitol-pav-blanco-120x120.webp,ESM-CAPITOL,94,Color,Blanco,1,1,,Formato,120x120,1,1,,Tipo de pieza,Baldosa,1,1,,,,,,,,,,,,,,,,,,,,,,,,,,,,,,,,,,,,,,,,,,,,,,,,,,,,,,,,,,,,,,,,,,,,,,,,,,,,,1.44,35,1,36,51.84,1276.96,7,120x120,9 mm,Porcelánico,Mate,Pavimento y revestimiento,,No,No,
,variation,ESM-CAPITOL-HUESO-120X120,Capitol Hueso 120x120,1,0,visible,,,taxable,parent,1,,0,0,35,0,,,,,https://raw.githubusercontent.com/kumen360/ESMALTO/main/catalogo/img/capitol/pav/esmalto-pz-capitol-pav-hueso-120x120.webp,ESM-CAPITOL,95,Color,Hueso,1,1,,Formato,120x120,1,1,,Tipo de pieza,Baldosa,1,1,,,,,,,,,,,,,,,,,,,,,,,,,,,,,,,,,,,,,,,,,,,,,,,,,,,,,,,,,,,,,,,,,,,,,,,,,,,,,1.44,35,1,36,51.84,1276.96,7,120x120,9 mm,Porcelánico,Mate,Pavimento y revestimiento,,No,No,
,variation,ESM-CAPITOL-PERLA-120X120,Capitol Perla 120x120,1,0,visible,,,taxable,parent,1,,0,0,35,0,,,,,https://raw.githubusercontent.com/kumen360/ESMALTO/main/catalogo/img/capitol/pav/esmalto-pz-capitol-pav-perla-120x120.webp,ESM-CAPITOL,96,Color,Perla,1,1,,Formato,120x120,1,1,,Tipo de pieza,Baldosa,1,1,,,,,,,,,,,,,,,,,,,,,,,,,,,,,,,,,,,,,,,,,,,,,,,,,,,,,,,,,,,,,,,,,,,,,,,,,,,,,1.44,35,1,36,51.84,1276.96,7,120x120,9 mm,Porcelánico,Mate,Pavimento y revestimiento,,No,No,
,variation,ESM-CAPITOL-ARENA-30X90,Capitol Arena 30x90,1,0,visible,,,taxable,parent,1,,0,0,20.22,0,,,,,https://raw.githubusercontent.com/kumen360/ESMALTO/main/catalogo/img/capitol/rev/esmalto-pz-capitol-rev-arena-30x90.webp,ESM-CAPITOL,97,Color,Arena,1,1,,Formato,30x90,1,1,,Tipo de pieza,Baldosa,1,1,,,,,,,,,,,,,,,,,,,,,,,,,,,,,,,,,,,,,,,,,,,,,,,,,,,,,,,,,,,,,,,,,,,,,,,,,,,,,1.35,20.22,5,63,85.05,1298.86,15,30x90,9 mm,Pasta blanca,Mate,Pavimento y revestimiento,,,,
,variation,ESM-CAPITOL-BLANCO-30X90,Capitol Blanco 30x90,1,0,visible,,,taxable,parent,1,,0,0,20.22,0,,,,,https://raw.githubusercontent.com/kumen360/ESMALTO/main/catalogo/img/capitol/rev/esmalto-pz-capitol-rev-blanco-30x90.webp,ESM-CAPITOL,98,Color,Blanco,1,1,,Formato,30x90,1,1,,Tipo de pieza,Baldosa,1,1,,,,,,,,,,,,,,,,,,,,,,,,,,,,,,,,,,,,,,,,,,,,,,,,,,,,,,,,,,,,,,,,,,,,,,,,,,,,,1.35,20.22,5,63,85.05,1298.86,15,30x90,9 mm,Pasta blanca,Mate,Pavimento y revestimiento,,,,
,variation,ESM-CAPITOL-HUESO-30X90,Capitol Hueso 30x90,1,0,visible,,,taxable,parent,1,,0,0,20.22,0,,,,,https://raw.githubusercontent.com/kumen360/ESMALTO/main/catalogo/img/capitol/rev/esmalto-pz-capitol-rev-hueso-30x90.webp,ESM-CAPITOL,99,Color,Hueso,1,1,,Formato,30x90,1,1,,Tipo de pieza,Baldosa,1,1,,,,,,,,,,,,,,,,,,,,,,,,,,,,,,,,,,,,,,,,,,,,,,,,,,,,,,,,,,,,,,,,,,,,,,,,,,,,,1.35,20.22,5,63,85.05,1298.86,15,30x90,9 mm,Pasta blanca,Mate,Pavimento y revestimiento,,,,
,variation,ESM-CAPITOL-PERLA-30X90,Capitol Perla 30x90,1,0,visible,,,taxable,parent,1,,0,0,20.22,0,,,,,https://raw.githubusercontent.com/kumen360/ESMALTO/main/catalogo/img/capitol/rev/esmalto-pz-capitol-rev-perla-30x90.webp,ESM-CAPITOL,100,Color,Perla,1,1,,Formato,30x90,1,1,,Tipo de pieza,Baldosa,1,1,,,,,,,,,,,,,,,,,,,,,,,,,,,,,,,,,,,,,,,,,,,,,,,,,,,,,,,,,,,,,,,,,,,,,,,,,,,,,1.35,20.22,5,63,85.05,1298.86,15,30x90,9 mm,Pasta blanca,Mate,Pavimento y revestimiento,,,,
,variation,ESM-CAPITOL-ARENA-60X120,Capitol Arena 60x120,1,0,visible,,,taxable,parent,1,,0,0,28.62,0,,,,,https://raw.githubusercontent.com/kumen360/ESMALTO/main/catalogo/img/capitol/pav/esmalto-pz-capitol-pav-arena-60x120.webp,ESM-CAPITOL,101,Color,Arena,1,1,,Formato,60x120,1,1,,Tipo de pieza,Baldosa,1,1,,,,,,,,,,,,,,,,,,,,,,,,,,,,,,,,,,,,,,,,,,,,,,,,,,,,,,,,,,,,,,,,,,,,,,,,,,,,,1.44,28.62,2,36,51.84,1055.32,14,60x120,9 mm,Porcelánico,Mate,Pavimento y revestimiento,,No,No,
,variation,ESM-CAPITOL-BLANCO-60X120,Capitol Blanco 60x120,1,0,visible,,,taxable,parent,1,,0,0,28.62,0,,,,,https://raw.githubusercontent.com/kumen360/ESMALTO/main/catalogo/img/capitol/pav/esmalto-pz-capitol-pav-blanco-60x120.webp,ESM-CAPITOL,102,Color,Blanco,1,1,,Formato,60x120,1,1,,Tipo de pieza,Baldosa,1,1,,,,,,,,,,,,,,,,,,,,,,,,,,,,,,,,,,,,,,,,,,,,,,,,,,,,,,,,,,,,,,,,,,,,,,,,,,,,,1.44,28.62,2,36,51.84,1055.32,14,60x120,9 mm,Porcelánico,Mate,Pavimento y revestimiento,,No,No,
,variation,ESM-CAPITOL-HUESO-60X120,Capitol Hueso 60x120,1,0,visible,,,taxable,parent,1,,0,0,28.62,0,,,,,https://raw.githubusercontent.com/kumen360/ESMALTO/main/catalogo/img/capitol/pav/esmalto-pz-capitol-pav-hueso-60x120.webp,ESM-CAPITOL,103,Color,Hueso,1,1,,Formato,60x120,1,1,,Tipo de pieza,Baldosa,1,1,,,,,,,,,,,,,,,,,,,,,,,,,,,,,,,,,,,,,,,,,,,,,,,,,,,,,,,,,,,,,,,,,,,,,,,,,,,,,1.44,28.62,2,36,51.84,1055.32,14,60x120,9 mm,Porcelánico,Mate,Pavimento y revestimiento,,No,No,
,variation,ESM-CAPITOL-PERLA-60X120,Capitol Perla 60x120,1,0,visible,,,taxable,parent,1,,0,0,28.62,0,,,,,https://raw.githubusercontent.com/kumen360/ESMALTO/main/catalogo/img/capitol/pav/esmalto-pz-capitol-pav-perla-60x120.webp,ESM-CAPITOL,104,Color,Perla,1,1,,Formato,60x120,1,1,,Tipo de pieza,Baldosa,1,1,,,,,,,,,,,,,,,,,,,,,,,,,,,,,,,,,,,,,,,,,,,,,,,,,,,,,,,,,,,,,,,,,,,,,,,,,,,,,1.44,28.62,2,36,51.84,1055.32,14,60x120,9 mm,Porcelánico,Mate,Pavimento y revestimiento,,No,No,
,variation,ESM-CAPITOL-ARENA-60X60,Capitol Arena 60x60,1,0,visible,,,taxable,parent,1,,0,0,35.36,0,,,,,https://raw.githubusercontent.com/kumen360/ESMALTO/main/catalogo/img/capitol/pav/esmalto-pz-capitol-pav-arena-60x60.webp,ESM-CAPITOL,105,Color,Arena,1,1,,Formato,60x60,1,1,,Tipo de pieza,Baldosa,1,1,,,,,,,,,,,,,,,,,,,,,,,,,,,,,,,,,,,,,,,,,,,,,,,,,,,,,,,,,,,,,,,,,,,,,,,,,,,,,1.8,35.36,5,30,54,1080.80,28,60x60,9 mm,Porcelánico,Mate,Pavimento y revestimiento,,No,Sí,
,variation,ESM-CAPITOL-BLANCO-60X60,Capitol Blanco 60x60,1,0,visible,,,taxable,parent,1,,0,0,35.36,0,,,,,https://raw.githubusercontent.com/kumen360/ESMALTO/main/catalogo/img/capitol/pav/esmalto-pz-capitol-pav-blanco-60x60.webp,ESM-CAPITOL,106,Color,Blanco,1,1,,Formato,60x60,1,1,,Tipo de pieza,Baldosa,1,1,,,,,,,,,,,,,,,,,,,,,,,,,,,,,,,,,,,,,,,,,,,,,,,,,,,,,,,,,,,,,,,,,,,,,,,,,,,,,1.8,35.36,5,30,54,1080.80,28,60x60,9 mm,Porcelánico,Mate,Pavimento y revestimiento,,No,Sí,
,variation,ESM-CAPITOL-HUESO-60X60,Capitol Hueso 60x60,1,0,visible,,,taxable,parent,1,,0,0,35.36,0,,,,,https://raw.githubusercontent.com/kumen360/ESMALTO/main/catalogo/img/capitol/pav/esmalto-pz-capitol-pav-hueso-60x60.webp,ESM-CAPITOL,107,Color,Hueso,1,1,,Formato,60x60,1,1,,Tipo de pieza,Baldosa,1,1,,,,,,,,,,,,,,,,,,,,,,,,,,,,,,,,,,,,,,,,,,,,,,,,,,,,,,,,,,,,,,,,,,,,,,,,,,,,,1.8,35.36,5,30,54,1080.80,28,60x60,9 mm,Porcelánico,Mate,Pavimento y revestimiento,,No,Sí,
,variation,ESM-CAPITOL-PERLA-60X60,Capitol Perla 60x60,1,0,visible,,,taxable,parent,1,,0,0,35.36,0,,,,,https://raw.githubusercontent.com/kumen360/ESMALTO/main/catalogo/img/capitol/pav/esmalto-pz-capitol-pav-perla-60x60.webp,ESM-CAPITOL,108,Color,Perla,1,1,,Formato,60x60,1,1,,Tipo de pieza,Baldosa,1,1,,,,,,,,,,,,,,,,,,,,,,,,,,,,,,,,,,,,,,,,,,,,,,,,,,,,,,,,,,,,,,,,,,,,,,,,,,,,,1.8,35.36,5,30,54,1080.80,28,60x60,9 mm,Porcelánico,Mate,Pavimento y revestimiento,,No,Sí,
,variation,ESM-CAPITOL-ARENA-30X90-RLV,Capitol Arena 30x90 Relieve,1,0,visible,,,taxable,parent,1,,0,0,20.22,0,,,,,https://raw.githubusercontent.com/kumen360/ESMALTO/main/catalogo/img/capitol/rev/esmalto-pz-capitol-rev-arena-30x90.webp,ESM-CAPITOL,109,Color,Arena,1,1,,Formato,30x90,1,1,,Tipo de pieza,Relieve,1,1,,,,,,,,,,,,,,,,,,,,,,,,,,,,,,,,,,,,,,,,,,,,,,,,,,,,,,,,,,,,,,,,,,,,,,,,,,,,,1.35,20.22,5,63,85.05,1298.86,15,30x90,9 mm,Pasta blanca,Mate,Pavimento y revestimiento,,,,
,variation,ESM-CAPITOL-BLANCO-30X90-RLV,Capitol Blanco 30x90 Relieve,1,0,visible,,,taxable,parent,1,,0,0,20.22,0,,,,,https://raw.githubusercontent.com/kumen360/ESMALTO/main/catalogo/img/capitol/rev/esmalto-pz-capitol-rev-blanco-30x90.webp,ESM-CAPITOL,110,Color,Blanco,1,1,,Formato,30x90,1,1,,Tipo de pieza,Relieve,1,1,,,,,,,,,,,,,,,,,,,,,,,,,,,,,,,,,,,,,,,,,,,,,,,,,,,,,,,,,,,,,,,,,,,,,,,,,,,,,1.35,20.22,5,63,85.05,1298.86,15,30x90,9 mm,Pasta blanca,Mate,Pavimento y revestimiento,,,,
,variation,ESM-CAPITOL-HUESO-30X90-RLV,Capitol Hueso 30x90 Relieve,1,0,visible,,,taxable,parent,1,,0,0,20.22,0,,,,,https://raw.githubusercontent.com/kumen360/ESMALTO/main/catalogo/img/capitol/rev/esmalto-pz-capitol-rev-hueso-30x90.webp,ESM-CAPITOL,111,Color,Hueso,1,1,,Formato,30x90,1,1,,Tipo de pieza,Relieve,1,1,,,,,,,,,,,,,,,,,,,,,,,,,,,,,,,,,,,,,,,,,,,,,,,,,,,,,,,,,,,,,,,,,,,,,,,,,,,,,1.35,20.22,5,63,85.05,1298.86,15,30x90,9 mm,Pasta blanca,Mate,Pavimento y revestimiento,,,,
,variation,ESM-CAPITOL-PERLA-30X90-RLV,Capitol Perla 30x90 Relieve,1,0,visible,,,taxable,parent,1,,0,0,20.22,0,,,,,https://raw.githubusercontent.com/kumen360/ESMALTO/main/catalogo/img/capitol/rev/esmalto-pz-capitol-rev-perla-30x90.webp,ESM-CAPITOL,112,Color,Perla,1,1,,Formato,30x90,1,1,,Tipo de pieza,Relieve,1,1,,,,,,,,,,,,,,,,,,,,,,,,,,,,,,,,,,,,,,,,,,,,,,,,,,,,,,,,,,,,,,,,,,,,,,,,,,,,,1.35,20.22,5,63,85.05,1298.86,15,30x90,9 mm,Pasta blanca,Mate,Pavimento y revestimiento,,,,
,variable,ESM-CLAYTON,Clayton,1,0,visible,"Serie Clayton en porcelánico, acabado mate. 5 colores y 1 formato.","<p>La serie <strong>Clayton</strong> está fabricada en porcelánico con acabado mate. Se presenta en 5 colores y 1 formato, con un total de 5 referencias.</p><h3>Características técnicas</h3><ul><li><strong>Material:</strong> Porcelánico</li><li><strong>Acabado:</strong> Mate</li><li><strong>Uso:</strong> Pavimento y revestimiento</li><li><strong>Espesor:</strong> 9 MM</li><li><strong>Antideslizante:</strong> No</li><li><strong>Versión antideslizante:</strong> No</li><li><strong>Tipo de pieza:</strong> Baldosa</li><li><strong>Familia:</strong> Eco Woods</li></ul><p><strong>Colores disponibles:</strong> Gris, Blanco, Haya, Honey, Taupe.<br><strong>Formatos:</strong> 23x120.</p><p><strong>Espacios recomendados:</strong> Interior: salón, dormitorio, cocina y baño; efecto madera.</p><h3>Datos de embalaje</h3><table><thead><tr><th>Formato</th><th>Pz/caja</th><th>m²/caja</th><th>Kg/caja</th><th>Cajas/palet</th><th>m²/palet</th><th>Kg/palet</th></tr></thead><tbody><tr><td>23x120</td><td>5</td><td>1,38</td><td>26,20</td><td>48</td><td>66,24</td><td>1286,60</td></tr></tbody></table>",taxable,,1,,0,0,,0,,,Pavimentos y revestimientos > Eco Woods,,"https://raw.githubusercontent.com/kumen360/ESMALTO/main/catalogo/img/clayton/esmalto-amb-clayton-gris.webp, https://raw.githubusercontent.com/kumen360/ESMALTO/main/catalogo/img/clayton/esmalto-amb-clayton-haya-detalle.webp, https://raw.githubusercontent.com/kumen360/ESMALTO/main/catalogo/img/clayton/esmalto-amb-clayton-honey-detalle.webp, https://raw.githubusercontent.com/kumen360/ESMALTO/main/catalogo/img/clayton/esmalto-amb-clayton-taupe.webp, https://raw.githubusercontent.com/kumen360/ESMALTO/main/catalogo/img/clayton/esmalto-pz-clayton-blanco.webp, https://raw.githubusercontent.com/kumen360/ESMALTO/main/catalogo/img/clayton/esmalto-pz-clayton-gris.webp, https://raw.githubusercontent.com/kumen360/ESMALTO/main/catalogo/img/clayton/esmalto-pz-clayton-haya.webp, https://raw.githubusercontent.com/kumen360/ESMALTO/main/catalogo/img/clayton/esmalto-pz-clayton-honey.webp, https://raw.githubusercontent.com/kumen360/ESMALTO/main/catalogo/img/clayton/esmalto-pz-clayton-taupe.webp",,10,Color,"Gris, Blanco, Haya, Honey, Taupe",1,1,Gris,Formato,23x120,1,1,,Tipo de pieza,Baldosa,1,1,,Espesor,9 mm,1,1,,Acabado,Mate,1,1,,Material,Porcelánico,1,1,,Uso,"Pavimento, Revestimiento",1,1,,Familia,Eco Woods,1,1,,Estilo,Madera,1,1,,Tono,"Gris, Blanco, Marrón",0,1,,Espacio,"Baño, Cocina, Salón, Dormitorio",1,1,,Ubicación,Interior,1,1,,Antideslizante,No,1,1,,Versión antideslizante,No,1,0,,,,,,,,,,,,"Interior: salón, dormitorio, cocina y baño; efecto madera",Eco Woods,Clayton,Esmalto,Ecoceramic,fichas/esmalto-ficha-clayton.pdf,Madera,Material: Porcelánico | Acabado: Mate | Uso: Pavimento y revestimiento | Espesor: 9 MM | Antideslizante: No | Versión antideslizante disponible: No | Tipo de pieza: Baldosa,Clayton | Porcelánico Eco Woods | Esmalto,"Serie Clayton en porcelánico, acabado mate. 5 colores y 1 formato.",,,,,,,,,,,,,,,,
,variation,ESM-CLAYTON-BLANCO-23X120,Clayton Blanco 23x120,1,0,visible,,,taxable,parent,1,,0,0,26.2,0,,,,,https://raw.githubusercontent.com/kumen360/ESMALTO/main/catalogo/img/clayton/esmalto-pz-clayton-blanco.webp,ESM-CLAYTON,113,Color,Blanco,1,1,,,,,,,,,,,,,,,,,,,,,,,,,,,,,,,,,,,,,,,,,,,,,,,,,,,,,,,,,,,,,,,,,,,,,,,,,,,,,,,,,,,,,,,1.38,26.2,5,48,66.24,1286.60,30,23x120,9 mm,Porcelánico,Mate,Pavimento y revestimiento,,No,No,
,variation,ESM-CLAYTON-GRIS-23X120,Clayton Gris 23x120,1,0,visible,,,taxable,parent,1,,0,0,26.2,0,,,,,https://raw.githubusercontent.com/kumen360/ESMALTO/main/catalogo/img/clayton/esmalto-pz-clayton-gris.webp,ESM-CLAYTON,114,Color,Gris,1,1,,,,,,,,,,,,,,,,,,,,,,,,,,,,,,,,,,,,,,,,,,,,,,,,,,,,,,,,,,,,,,,,,,,,,,,,,,,,,,,,,,,,,,,1.38,26.2,5,48,66.24,1286.60,30,23x120,9 mm,Porcelánico,Mate,Pavimento y revestimiento,,No,No,
,variation,ESM-CLAYTON-HAYA-23X120,Clayton Haya 23x120,1,0,visible,,,taxable,parent,1,,0,0,26.2,0,,,,,https://raw.githubusercontent.com/kumen360/ESMALTO/main/catalogo/img/clayton/esmalto-pz-clayton-haya.webp,ESM-CLAYTON,115,Color,Haya,1,1,,,,,,,,,,,,,,,,,,,,,,,,,,,,,,,,,,,,,,,,,,,,,,,,,,,,,,,,,,,,,,,,,,,,,,,,,,,,,,,,,,,,,,,1.38,26.2,5,48,66.24,1286.60,30,23x120,9 mm,Porcelánico,Mate,Pavimento y revestimiento,,No,No,
,variation,ESM-CLAYTON-HONEY-23X120,Clayton Honey 23x120,1,0,visible,,,taxable,parent,1,,0,0,26.2,0,,,,,https://raw.githubusercontent.com/kumen360/ESMALTO/main/catalogo/img/clayton/esmalto-pz-clayton-honey.webp,ESM-CLAYTON,116,Color,Honey,1,1,,,,,,,,,,,,,,,,,,,,,,,,,,,,,,,,,,,,,,,,,,,,,,,,,,,,,,,,,,,,,,,,,,,,,,,,,,,,,,,,,,,,,,,1.38,26.2,5,48,66.24,1286.60,30,23x120,9 mm,Porcelánico,Mate,Pavimento y revestimiento,,No,No,
,variation,ESM-CLAYTON-TAUPE-23X120,Clayton Taupe 23x120,1,0,visible,,,taxable,parent,1,,0,0,26.2,0,,,,,https://raw.githubusercontent.com/kumen360/ESMALTO/main/catalogo/img/clayton/esmalto-pz-clayton-taupe.webp,ESM-CLAYTON,117,Color,Taupe,1,1,,,,,,,,,,,,,,,,,,,,,,,,,,,,,,,,,,,,,,,,,,,,,,,,,,,,,,,,,,,,,,,,,,,,,,,,,,,,,,,,,,,,,,,1.38,26.2,5,48,66.24,1286.60,30,23x120,9 mm,Porcelánico,Mate,Pavimento y revestimiento,,No,No,
,variable,ESM-CORALINA,Coralina,1,0,visible,"Serie Coralina en porcelánico, acabado mate. 3 colores y 4 formatos.","<p>La serie <strong>Coralina</strong> está fabricada en porcelánico con acabado mate. Se presenta en 3 colores y 4 formatos, con un total de 12 referencias.</p><h3>Características técnicas</h3><ul><li><strong>Material:</strong> Porcelánico</li><li><strong>Acabado:</strong> Mate</li><li><strong>Uso:</strong> Pavimento y revestimiento</li><li><strong>Espesor:</strong> 9 MM</li><li><strong>Antideslizante:</strong> No</li><li><strong>Versión antideslizante:</strong> Sí</li><li><strong>Tipo de pieza:</strong> Baldosa</li><li><strong>Familia:</strong> Porcelain</li></ul><p><strong>Colores disponibles:</strong> Blanco, Perla, Beige.<br><strong>Formatos:</strong> 60x120, 90x90, 60x60, 30x60.</p><p><strong>Espacios recomendados:</strong> Interior y exterior: salón, cocina, baño, terraza y fachada.</p><h3>Datos de embalaje</h3><table><thead><tr><th>Formato</th><th>Pz/caja</th><th>m²/caja</th><th>Kg/caja</th><th>Cajas/palet</th><th>m²/palet</th><th>Kg/palet</th></tr></thead><tbody><tr><td>30x60</td><td>6</td><td>1,08</td><td>22,63</td><td>48</td><td>51,84</td><td>1106</td></tr><tr><td>60x120</td><td>2</td><td>1,44</td><td>28,68</td><td>36</td><td>51,84</td><td>1055</td></tr><tr><td>60x60</td><td>3</td><td>1,08</td><td>43</td><td>20</td><td>21,60</td><td>880</td></tr><tr><td>60x90</td><td>2</td><td>1,08</td><td>45</td><td>22</td><td>23,76</td><td>1015</td></tr><tr><td>90x90</td><td>2</td><td>1,62</td><td>33</td><td>32</td><td>51,84</td><td>1081</td></tr></tbody></table>",taxable,,1,,0,0,,0,,,Pavimentos y revestimientos > Porcelain,,"https://raw.githubusercontent.com/kumen360/ESMALTO/main/catalogo/img/coralina/esmalto-amb-coralina-beige-90x90.webp, https://raw.githubusercontent.com/kumen360/ESMALTO/main/catalogo/img/coralina/esmalto-amb-coralina-beige-90x90-indoor.webp, https://raw.githubusercontent.com/kumen360/ESMALTO/main/catalogo/img/coralina/esmalto-amb-coralina-blanco-90x90.webp, https://raw.githubusercontent.com/kumen360/ESMALTO/main/catalogo/img/coralina/esmalto-amb-coralina-perla-90x90.webp, https://raw.githubusercontent.com/kumen360/ESMALTO/main/catalogo/img/coralina/esmalto-amb-coralina-perla-90x90-outdoor.webp, https://raw.githubusercontent.com/kumen360/ESMALTO/main/catalogo/img/coralina/esmalto-pz-coralina-beige-30x60-01.webp, https://raw.githubusercontent.com/kumen360/ESMALTO/main/catalogo/img/coralina/esmalto-pz-coralina-beige-60x120-01.webp, https://raw.githubusercontent.com/kumen360/ESMALTO/main/catalogo/img/coralina/esmalto-pz-coralina-beige-60x60-01.webp, https://raw.githubusercontent.com/kumen360/ESMALTO/main/catalogo/img/coralina/esmalto-pz-coralina-beige-90x90-01.webp, https://raw.githubusercontent.com/kumen360/ESMALTO/main/catalogo/img/coralina/esmalto-pz-coralina-blanco-30x60-01.webp, https://raw.githubusercontent.com/kumen360/ESMALTO/main/catalogo/img/coralina/esmalto-pz-coralina-blanco-60x120-01.webp, https://raw.githubusercontent.com/kumen360/ESMALTO/main/catalogo/img/coralina/esmalto-pz-coralina-blanco-60x60-01.webp, https://raw.githubusercontent.com/kumen360/ESMALTO/main/catalogo/img/coralina/esmalto-pz-coralina-blanco-90x90-01.webp, https://raw.githubusercontent.com/kumen360/ESMALTO/main/catalogo/img/coralina/esmalto-pz-coralina-perla-30x60-01.webp, https://raw.githubusercontent.com/kumen360/ESMALTO/main/catalogo/img/coralina/esmalto-pz-coralina-perla-60x120-01.webp, https://raw.githubusercontent.com/kumen360/ESMALTO/main/catalogo/img/coralina/esmalto-pz-coralina-perla-60x60-01.webp, https://raw.githubusercontent.com/kumen360/ESMALTO/main/catalogo/img/coralina/esmalto-pz-coralina-perla-90x90-01.webp",,11,Color,"Blanco, Perla, Beige",1,1,Blanco,Formato,"60x120, 90x90, 60x60, 30x60",1,1,60x120,Tipo de pieza,Baldosa,1,1,,Espesor,9 mm,1,1,,Acabado,Mate,1,1,,Material,Porcelánico,1,1,,Uso,"Pavimento, Revestimiento",1,1,,Familia,Porcelain,1,1,,Estilo,Piedra,1,1,,Tono,"Blanco, Gris, Beige",0,1,,Espacio,"Baño, Cocina, Salón, Terraza, Fachada",1,1,,Ubicación,"Interior, Exterior",1,1,,Antideslizante,No,1,1,,Versión antideslizante,Sí,1,0,,,,,,,,,,,,"Interior y exterior: salón, cocina, baño, terraza y fachada",Porcelain,Coralina,Esmalto,Ecoceramic,fichas/esmalto-ficha-coralina.pdf,Piedra,Material: Porcelánico | Acabado: Mate | Uso: Pavimento y revestimiento | Espesor: 9 MM | Antideslizante: No | Versión antideslizante disponible: Sí | Tipo de pieza: Baldosa,Coralina | Porcelánico Porcelain | Esmalto,"Serie Coralina en porcelánico, acabado mate. 3 colores y 4 formatos.",,,,,,,,,,,,,,,,
,variation,ESM-CORALINA-BEIGE-30X60,Coralina Beige 30x60,1,0,visible,,,taxable,parent,1,,0,0,22.63,0,,,,,https://raw.githubusercontent.com/kumen360/ESMALTO/main/catalogo/img/coralina/esmalto-pz-coralina-beige-30x60-01.webp,ESM-CORALINA,120,Color,Beige,1,1,,Formato,30x60,1,1,,,,,,,,,,,,,,,,,,,,,,,,,,,,,,,,,,,,,,,,,,,,,,,,,,,,,,,,,,,,,,,,,,,,,,,,,,,,,,,,,,1.08,22.63,6,48,51.84,1106,56,30x60,9 mm,Porcelánico,Mate,Pavimento y revestimiento,,No,Sí,
,variation,ESM-CORALINA-BLANCO-30X60,Coralina Blanco 30x60,1,0,visible,,,taxable,parent,1,,0,0,,0,,,,,https://raw.githubusercontent.com/kumen360/ESMALTO/main/catalogo/img/coralina/esmalto-pz-coralina-blanco-30x60-01.webp,ESM-CORALINA,121,Color,Blanco,1,1,,Formato,30x60,1,1,,,,,,,,,,,,,,,,,,,,,,,,,,,,,,,,,,,,,,,,,,,,,,,,,,,,,,,,,,,,,,,,,,,,,,,,,,,,,,,,,,,,6,48,51.84,1106,56,30x60,9 mm,,,Pavimento y revestimiento,,,,
,variation,ESM-CORALINA-PERLA-30X60,Coralina Perla 30x60,1,0,visible,,,taxable,parent,1,,0,0,22.63,0,,,,,https://raw.githubusercontent.com/kumen360/ESMALTO/main/catalogo/img/coralina/esmalto-pz-coralina-perla-30x60-01.webp,ESM-CORALINA,122,Color,Perla,1,1,,Formato,30x60,1,1,,,,,,,,,,,,,,,,,,,,,,,,,,,,,,,,,,,,,,,,,,,,,,,,,,,,,,,,,,,,,,,,,,,,,,,,,,,,,,,,,,1.08,22.63,6,48,51.84,1106,56,30x60,9 mm,Porcelánico,Mate,Pavimento y revestimiento,,No,Sí,
,variation,ESM-CORALINA-BEIGE-60X120,Coralina Beige 60x120,1,0,visible,,,taxable,parent,1,,0,0,28.62,0,,,,,https://raw.githubusercontent.com/kumen360/ESMALTO/main/catalogo/img/coralina/esmalto-pz-coralina-beige-60x120-01.webp,ESM-CORALINA,123,Color,Beige,1,1,,Formato,60x120,1,1,,,,,,,,,,,,,,,,,,,,,,,,,,,,,,,,,,,,,,,,,,,,,,,,,,,,,,,,,,,,,,,,,,,,,,,,,,,,,,,,,,1.44,28.62,2,36,51.84,1055,14,60x120,9 mm,Porcelánico,Mate,Pavimento y revestimiento,,No,Sí,
,variation,ESM-CORALINA-BLANCO-60X120,Coralina Blanco 60x120,1,0,visible,,,taxable,parent,1,,0,0,28.62,0,,,,,https://raw.githubusercontent.com/kumen360/ESMALTO/main/catalogo/img/coralina/esmalto-pz-coralina-blanco-60x120-01.webp,ESM-CORALINA,124,Color,Blanco,1,1,,Formato,60x120,1,1,,,,,,,,,,,,,,,,,,,,,,,,,,,,,,,,,,,,,,,,,,,,,,,,,,,,,,,,,,,,,,,,,,,,,,,,,,,,,,,,,,1.44,28.62,2,36,51.84,1055,14,60x120,9 mm,Porcelánico,Mate,Pavimento y revestimiento,,No,Sí,
,variation,ESM-CORALINA-PERLA-60X120,Coralina Perla 60x120,1,0,visible,,,taxable,parent,1,,0,0,28.62,0,,,,,https://raw.githubusercontent.com/kumen360/ESMALTO/main/catalogo/img/coralina/esmalto-pz-coralina-perla-60x120-01.webp,ESM-CORALINA,125,Color,Perla,1,1,,Formato,60x120,1,1,,,,,,,,,,,,,,,,,,,,,,,,,,,,,,,,,,,,,,,,,,,,,,,,,,,,,,,,,,,,,,,,,,,,,,,,,,,,,,,,,,1.44,28.62,2,36,51.84,1055,14,60x120,9 mm,Porcelánico,Mate,Pavimento y revestimiento,,No,Sí,
,variation,ESM-CORALINA-BEIGE-60X60,Coralina Beige 60x60,1,0,visible,,,taxable,parent,1,,0,0,30,0,,,,,https://raw.githubusercontent.com/kumen360/ESMALTO/main/catalogo/img/coralina/esmalto-pz-coralina-beige-60x60-01.webp,ESM-CORALINA,126,Color,Beige,1,1,,Formato,60x60,1,1,,,,,,,,,,,,,,,,,,,,,,,,,,,,,,,,,,,,,,,,,,,,,,,,,,,,,,,,,,,,,,,,,,,,,,,,,,,,,,,,,,1.44,30,4,30,43.20,912,28,60x60,9 mm,Porcelánico,Mate,Pavimento y revestimiento,,No,Sí,
,variation,ESM-CORALINA-BLANCO-60X60,Coralina Blanco 60x60,1,0,visible,,,taxable,parent,1,,0,0,,0,,,,,https://raw.githubusercontent.com/kumen360/ESMALTO/main/catalogo/img/coralina/esmalto-pz-coralina-blanco-60x60-01.webp,ESM-CORALINA,127,Color,Blanco,1,1,,Formato,60x60,1,1,,,,,,,,,,,,,,,,,,,,,,,,,,,,,,,,,,,,,,,,,,,,,,,,,,,,,,,,,,,,,,,,,,,,,,,,,,,,,,,,,,,,4,30,43.20,912,28,60x60,9 mm,,,Pavimento y revestimiento,,,,
,variation,ESM-CORALINA-PERLA-60X60,Coralina Perla 60x60,1,0,visible,,,taxable,parent,1,,0,0,30,0,,,,,https://raw.githubusercontent.com/kumen360/ESMALTO/main/catalogo/img/coralina/esmalto-pz-coralina-perla-60x60-01.webp,ESM-CORALINA,128,Color,Perla,1,1,,Formato,60x60,1,1,,,,,,,,,,,,,,,,,,,,,,,,,,,,,,,,,,,,,,,,,,,,,,,,,,,,,,,,,,,,,,,,,,,,,,,,,,,,,,,,,,1.44,30,4,30,43.20,912,28,60x60,9 mm,Porcelánico,Mate,Pavimento y revestimiento,,No,Sí,
,variation,ESM-CORALINA-BEIGE-90X90,Coralina Beige 90x90,1,0,visible,,,taxable,parent,1,,0,0,33,0,,,,,https://raw.githubusercontent.com/kumen360/ESMALTO/main/catalogo/img/coralina/esmalto-pz-coralina-beige-90x90-01.webp,ESM-CORALINA,129,Color,Beige,1,1,,Formato,90x90,1,1,,,,,,,,,,,,,,,,,,,,,,,,,,,,,,,,,,,,,,,,,,,,,,,,,,,,,,,,,,,,,,,,,,,,,,,,,,,,,,,,,,1.62,33,2,32,51.84,1081,7,90x90,9 mm,Porcelánico,Mate,Pavimento y revestimiento,,No,Sí,
,variation,ESM-CORALINA-BLANCO-90X90,Coralina Blanco 90x90,1,0,visible,,,taxable,parent,1,,0,0,33,0,,,,,https://raw.githubusercontent.com/kumen360/ESMALTO/main/catalogo/img/coralina/esmalto-pz-coralina-blanco-90x90-01.webp,ESM-CORALINA,130,Color,Blanco,1,1,,Formato,90x90,1,1,,,,,,,,,,,,,,,,,,,,,,,,,,,,,,,,,,,,,,,,,,,,,,,,,,,,,,,,,,,,,,,,,,,,,,,,,,,,,,,,,,1.62,33,2,32,51.84,1081,7,90x90,9 mm,Porcelánico,Mate,Pavimento y revestimiento,,No,Sí,
,variation,ESM-CORALINA-PERLA-90X90,Coralina Perla 90x90,1,0,visible,,,taxable,parent,1,,0,0,33,0,,,,,https://raw.githubusercontent.com/kumen360/ESMALTO/main/catalogo/img/coralina/esmalto-pz-coralina-perla-90x90-01.webp,ESM-CORALINA,131,Color,Perla,1,1,,Formato,90x90,1,1,,,,,,,,,,,,,,,,,,,,,,,,,,,,,,,,,,,,,,,,,,,,,,,,,,,,,,,,,,,,,,,,,,,,,,,,,,,,,,,,,,1.62,33,2,32,51.84,1081,7,90x90,9 mm,Porcelánico,Mate,Pavimento y revestimiento,,No,Sí,
,variable,ESM-CREMA-MARFIL,Crema Marfil,1,0,visible,"Serie Crema Marfil en porcelánico, acabado brillo. 1 color y 1 formato.","<p>La serie <strong>Crema Marfil</strong> está fabricada en porcelánico con acabado brillo. Se presenta en 1 color y 1 formato, con una única referencia.</p><h3>Características técnicas</h3><ul><li><strong>Material:</strong> Porcelánico</li><li><strong>Acabado:</strong> Brillo</li><li><strong>Uso:</strong> Pavimento y revestimiento</li><li><strong>Espesor:</strong> 9 MM</li><li><strong>Antideslizante:</strong> No</li><li><strong>Versión antideslizante:</strong> No</li><li><strong>Tipo de pieza:</strong> Baldosa</li><li><strong>Familia:</strong> Porcelain</li></ul><p><strong>Colores disponibles:</strong> Crema Marfil.<br><strong>Formatos:</strong> 60x120.</p><p><strong>Espacios recomendados:</strong> Interior y exterior: salón, cocina, baño, terraza y fachada.</p><h3>Datos de embalaje</h3><table><thead><tr><th>Formato</th><th>Pz/caja</th><th>m²/caja</th><th>Kg/caja</th><th>Cajas/palet</th><th>m²/palet</th><th>Kg/palet</th></tr></thead><tbody><tr><td>60.8x60.8</td><td>4</td><td>1,48</td><td>29,90</td><td>30</td><td>44,40</td><td>911</td></tr><tr><td>60x120</td><td>2</td><td>1,44</td><td>28,68</td><td>36</td><td>51,84</td><td>1030,32</td></tr></tbody></table>",taxable,,1,,0,0,,0,,,Pavimentos y revestimientos > Porcelain,,"https://raw.githubusercontent.com/kumen360/ESMALTO/main/catalogo/img/crema-marfil/esmalto-amb-crema-marfil.webp, https://raw.githubusercontent.com/kumen360/ESMALTO/main/catalogo/img/crema-marfil/esmalto-amb-crema-marfil-02.webp, https://raw.githubusercontent.com/kumen360/ESMALTO/main/catalogo/img/crema-marfil/esmalto-amb-crema-marfil-90x90.webp, https://raw.githubusercontent.com/kumen360/ESMALTO/main/catalogo/img/crema-marfil/esmalto-amb-crema-marfil-v2.webp, https://raw.githubusercontent.com/kumen360/ESMALTO/main/catalogo/img/crema-marfil/esmalto-pz-crema-marfil.webp, https://raw.githubusercontent.com/kumen360/ESMALTO/main/catalogo/img/crema-marfil/esmalto-pz-crema-marfil-60x60.webp, https://raw.githubusercontent.com/kumen360/ESMALTO/main/catalogo/img/crema-marfil/esmalto-pz-crema-marfil-60x60-v2.webp, https://raw.githubusercontent.com/kumen360/ESMALTO/main/catalogo/img/crema-marfil/esmalto-pz-crema-marfil-75x75.webp, https://raw.githubusercontent.com/kumen360/ESMALTO/main/catalogo/img/crema-marfil/esmalto-pz-crema-marfil-90x90.webp, https://raw.githubusercontent.com/kumen360/ESMALTO/main/catalogo/img/crema-marfil/esmalto-pz-crema-marfil-brillo.webp, https://raw.githubusercontent.com/kumen360/ESMALTO/main/catalogo/img/crema-marfil/esmalto-pz-crema-marfil-brillo-60x120.webp, https://raw.githubusercontent.com/kumen360/ESMALTO/main/catalogo/img/crema-marfil/esmalto-pz-crema-marfil-mate.webp, https://raw.githubusercontent.com/kumen360/ESMALTO/main/catalogo/img/crema-marfil/esmalto-pz-crema-marfil-mate-30x60.webp, https://raw.githubusercontent.com/kumen360/ESMALTO/main/catalogo/img/crema-marfil/esmalto-pz-crema-marfil-mate-45x45.webp, https://raw.githubusercontent.com/kumen360/ESMALTO/main/catalogo/img/crema-marfil/esmalto-pz-crema-marfil-rodapie.webp",,12,Color,Crema Marfil,1,1,Crema Marfil,Formato,60x120,1,1,,Tipo de pieza,Baldosa,1,1,,Espesor,9 mm,1,1,,Acabado,Brillo,1,1,,Material,Porcelánico,1,1,,Uso,"Pavimento, Revestimiento",1,1,,Familia,Porcelain,1,1,,Estilo,Mármol,1,1,,Tono,Beige,0,1,,Espacio,"Baño, Cocina, Salón, Terraza, Fachada",1,1,,Ubicación,"Interior, Exterior",1,1,,Antideslizante,No,1,1,,Versión antideslizante,No,1,0,,,,,,,,,,,,"Interior y exterior: salón, cocina, baño, terraza y fachada",Porcelain,Crema Marfil,Esmalto,Ecoceramic,fichas/esmalto-ficha-crema-marfil.pdf,Mármol,Material: Porcelánico | Acabado: Brillo | Uso: Pavimento y revestimiento | Espesor: 9 MM | Antideslizante: No | Versión antideslizante disponible: No | Tipo de pieza: Baldosa,Crema Marfil | Porcelánico Porcelain | Esmalto,"Serie Crema Marfil en porcelánico, acabado brillo. 1 color y 1 formato.",,,,,,,,,,,,,,,,
,variation,ESM-CREMA-MARFIL-CREMA-MARFIL-60X120-BRI,Crema Marfil Crema Marfil 60x120 Brillo,1,0,visible,,,taxable,parent,1,,0,0,28.62,0,,,,,https://raw.githubusercontent.com/kumen360/ESMALTO/main/catalogo/img/crema-marfil/esmalto-pz-crema-marfil-brillo-60x120.webp,ESM-CREMA-MARFIL,132,Color,Crema Marfil,1,1,,,,,,,,,,,,,,,,,,,,,,,,,,,,,,,,,,,,,,,,,,,,,,,,,,,,,,,,,,,,,,,,,,,,,,,,,,,,,,,,,,,,,,,1.44,28.62,2,36,51.84,1030.32,5,60x120,9 mm,Porcelánico,Brillo,Pavimento y revestimiento,,No,No,
,variable,ESM-FIKA,Fika,1,0,visible,"Serie Fika en porcelánico, acabado mate. 4 colores y 2 formatos.","<p>La serie <strong>Fika</strong> está fabricada en porcelánico con acabado mate. Se presenta en 4 colores y 2 formatos, con un total de 8 referencias.</p><h3>Características técnicas</h3><ul><li><strong>Material:</strong> Porcelánico</li><li><strong>Acabado:</strong> Mate</li><li><strong>Uso:</strong> Pavimento y revestimiento</li><li><strong>Espesor:</strong> 9 MM</li><li><strong>Antideslizante:</strong> No</li><li><strong>Versión antideslizante:</strong> Sí / No</li><li><strong>Tipo de pieza:</strong> Baldosa</li><li><strong>Familia:</strong> Eco Woods</li></ul><p><strong>Colores disponibles:</strong> Haya, Maple, Natural, Taupe.<br><strong>Formatos:</strong> 20x120, 30x180.</p><p><strong>Espacios recomendados:</strong> Interior: salón, dormitorio, cocina y baño; efecto madera.</p><h3>Datos de embalaje</h3><table><thead><tr><th>Formato</th><th>Pz/caja</th><th>m²/caja</th><th>Kg/caja</th><th>Cajas/palet</th><th>m²/palet</th><th>Kg/palet</th></tr></thead><tbody><tr><td>20x120</td><td>7</td><td>1,68</td><td>32</td><td>44</td><td>73,92</td><td>1437</td></tr><tr><td>30x180</td><td>3</td><td>1,62</td><td>40</td><td>30</td><td>48,60</td><td>1260</td></tr></tbody></table>",taxable,,1,,0,0,,0,,,Pavimentos y revestimientos > Eco Woods,,"https://raw.githubusercontent.com/kumen360/ESMALTO/main/catalogo/img/fika/esmalto-amb-fika-haya-20x120-02.webp, https://raw.githubusercontent.com/kumen360/ESMALTO/main/catalogo/img/fika/esmalto-amb-fika-haya-20x120-bathroom.webp, https://raw.githubusercontent.com/kumen360/ESMALTO/main/catalogo/img/fika/esmalto-amb-fika-haya-30x180-01.webp, https://raw.githubusercontent.com/kumen360/ESMALTO/main/catalogo/img/fika/esmalto-amb-fika-haya-30x180-02.webp, https://raw.githubusercontent.com/kumen360/ESMALTO/main/catalogo/img/fika/esmalto-amb-fika-haya-30x180-03.webp, https://raw.githubusercontent.com/kumen360/ESMALTO/main/catalogo/img/fika/esmalto-amb-fika-maple-20x120-02.webp, https://raw.githubusercontent.com/kumen360/ESMALTO/main/catalogo/img/fika/esmalto-amb-fika-maple-30x180-01.webp, https://raw.githubusercontent.com/kumen360/ESMALTO/main/catalogo/img/fika/esmalto-amb-fika-maple-30x180-02.webp, https://raw.githubusercontent.com/kumen360/ESMALTO/main/catalogo/img/fika/esmalto-amb-fika-maple-30x180-03.webp, https://raw.githubusercontent.com/kumen360/ESMALTO/main/catalogo/img/capitol/esmalto-amb-fika-maple-hueso-20x120-30x90.webp, https://raw.githubusercontent.com/kumen360/ESMALTO/main/catalogo/img/fika/esmalto-amb-fika-natural-20x120-02.webp, https://raw.githubusercontent.com/kumen360/ESMALTO/main/catalogo/img/fika/esmalto-amb-fika-natural-20x120-120x280-outdoor.webp, https://raw.githubusercontent.com/kumen360/ESMALTO/main/catalogo/img/fika/esmalto-amb-fika-natural-30x180-01.webp, https://raw.githubusercontent.com/kumen360/ESMALTO/main/catalogo/img/fika/esmalto-amb-fika-natural-30x180-02.webp, https://raw.githubusercontent.com/kumen360/ESMALTO/main/catalogo/img/fika/esmalto-amb-fika-natural-30x180-03.webp, https://raw.githubusercontent.com/kumen360/ESMALTO/main/catalogo/img/capitol/esmalto-amb-fika-natural-hueso-20x120-30x90.webp, https://raw.githubusercontent.com/kumen360/ESMALTO/main/catalogo/img/fika/esmalto-amb-fika-taupe-20x120-02.webp, https://raw.githubusercontent.com/kumen360/ESMALTO/main/catalogo/img/fika/esmalto-amb-fika-taupe-20x120-120x280-outdoor.webp, https://raw.githubusercontent.com/kumen360/ESMALTO/main/catalogo/img/fika/esmalto-amb-fika-taupe-30x180-01.webp, https://raw.githubusercontent.com/kumen360/ESMALTO/main/catalogo/img/fika/esmalto-amb-fika-taupe-30x180-02.webp, https://raw.githubusercontent.com/kumen360/ESMALTO/main/catalogo/img/fika/esmalto-amb-fika-taupe-30x180-03.webp, https://raw.githubusercontent.com/kumen360/ESMALTO/main/catalogo/img/fika/esmalto-pz-fika-haya-20x120.webp, https://raw.githubusercontent.com/kumen360/ESMALTO/main/catalogo/img/fika/esmalto-pz-fika-haya-30x180.webp, https://raw.githubusercontent.com/kumen360/ESMALTO/main/catalogo/img/fika/esmalto-pz-fika-maple-20x120.webp, https://raw.githubusercontent.com/kumen360/ESMALTO/main/catalogo/img/fika/esmalto-pz-fika-maple-30x180.webp, https://raw.githubusercontent.com/kumen360/ESMALTO/main/catalogo/img/fika/esmalto-pz-fika-natural-20x120.webp, https://raw.githubusercontent.com/kumen360/ESMALTO/main/catalogo/img/fika/esmalto-pz-fika-natural-30x180.webp, https://raw.githubusercontent.com/kumen360/ESMALTO/main/catalogo/img/fika/esmalto-pz-fika-taupe-20x120.webp, https://raw.githubusercontent.com/kumen360/ESMALTO/main/catalogo/img/fika/esmalto-pz-fika-taupe-30x180.webp, https://raw.githubusercontent.com/kumen360/ESMALTO/main/catalogo/img/fika/esmalto-pz-fika-zocalo-haya.webp, https://raw.githubusercontent.com/kumen360/ESMALTO/main/catalogo/img/fika/esmalto-pz-fika-zocalo-natural.webp, https://raw.githubusercontent.com/kumen360/ESMALTO/main/catalogo/img/fika/esmalto-pz-fika-zocalo-taupe.webp",,13,Color,"Haya, Maple, Natural, Taupe",1,1,Haya,Formato,"20x120, 30x180",1,1,20x120,Tipo de pieza,Baldosa,1,1,,Espesor,9 mm,1,1,,Acabado,Mate,1,1,,Material,Porcelánico,1,1,,Uso,"Pavimento, Revestimiento",1,1,,Familia,Eco Woods,1,1,,Estilo,Madera,1,1,,Tono,"Marrón, Beige",0,1,,Espacio,"Baño, Cocina, Salón, Dormitorio",1,1,,Ubicación,Interior,1,1,,Antideslizante,No,1,1,,Versión antideslizante,"Sí, No",1,0,,,,,,,,,,,,"Interior: salón, dormitorio, cocina y baño; efecto madera",Eco Woods,Fika,Esmalto,Ecoceramic,fichas/esmalto-ficha-fika.pdf,Madera,Material: Porcelánico | Acabado: Mate | Uso: Pavimento y revestimiento | Espesor: 9 MM | Antideslizante: No | Versión antideslizante disponible: Sí | Tipo de pieza: Baldosa,Fika | Porcelánico Eco Woods | Esmalto,"Serie Fika en porcelánico, acabado mate. 4 colores y 2 formatos.",,,,,,,,,,,,,,,,
,variation,ESM-FIKA-HAYA-20X120,Fika Haya 20x120,1,0,visible,,,taxable,parent,1,,0,0,32,0,,,,,https://raw.githubusercontent.com/kumen360/ESMALTO/main/catalogo/img/fika/esmalto-pz-fika-haya-20x120.webp,ESM-FIKA,133,Color,Haya,1,1,,Formato,20x120,1,1,,,,,,,,,,,,,,,,,,,,,,,,,,,,,,,,,,,,,,,,,,,,,,,,,,,,,,,,,,,,,,,,,,,,,,,,,,,,,,,,,,1.68,32,7,44,73.92,1437,15,20x120,9 mm,Porcelánico,Mate,Pavimento y revestimiento,,No,Sí,
,variation,ESM-FIKA-MAPLE-20X120,Fika Maple 20x120,1,0,visible,,,taxable,parent,1,,0,0,32,0,,,,,https://raw.githubusercontent.com/kumen360/ESMALTO/main/catalogo/img/fika/esmalto-pz-fika-maple-20x120.webp,ESM-FIKA,134,Color,Maple,1,1,,Formato,20x120,1,1,,,,,,,,,,,,,,,,,,,,,,,,,,,,,,,,,,,,,,,,,,,,,,,,,,,,,,,,,,,,,,,,,,,,,,,,,,,,,,,,,,1.68,32,7,44,73.92,1437,15,20x120,9 mm,Porcelánico,Mate,Pavimento y revestimiento,,No,Sí,
,variation,ESM-FIKA-NATURAL-20X120,Fika Natural 20x120,1,0,visible,,,taxable,parent,1,,0,0,32,0,,,,,https://raw.githubusercontent.com/kumen360/ESMALTO/main/catalogo/img/fika/esmalto-pz-fika-natural-20x120.webp,ESM-FIKA,135,Color,Natural,1,1,,Formato,20x120,1,1,,,,,,,,,,,,,,,,,,,,,,,,,,,,,,,,,,,,,,,,,,,,,,,,,,,,,,,,,,,,,,,,,,,,,,,,,,,,,,,,,,1.68,32,7,44,73.92,1437,15,20x120,9 mm,Porcelánico,Mate,Pavimento y revestimiento,,No,Sí,
,variation,ESM-FIKA-TAUPE-20X120,Fika Taupe 20x120,1,0,visible,,,taxable,parent,1,,0,0,32,0,,,,,https://raw.githubusercontent.com/kumen360/ESMALTO/main/catalogo/img/fika/esmalto-pz-fika-taupe-20x120.webp,ESM-FIKA,136,Color,Taupe,1,1,,Formato,20x120,1,1,,,,,,,,,,,,,,,,,,,,,,,,,,,,,,,,,,,,,,,,,,,,,,,,,,,,,,,,,,,,,,,,,,,,,,,,,,,,,,,,,,1.68,32,7,44,73.92,1437,15,20x120,9 mm,Porcelánico,Mate,Pavimento y revestimiento,,No,Sí,
,variation,ESM-FIKA-HAYA-30X180,Fika Haya 30x180,1,0,visible,,,taxable,parent,1,,0,0,40,0,,,,,https://raw.githubusercontent.com/kumen360/ESMALTO/main/catalogo/img/fika/esmalto-pz-fika-haya-30x180.webp,ESM-FIKA,137,Color,Haya,1,1,,Formato,30x180,1,1,,,,,,,,,,,,,,,,,,,,,,,,,,,,,,,,,,,,,,,,,,,,,,,,,,,,,,,,,,,,,,,,,,,,,,,,,,,,,,,,,,1.62,40,3,30,48.60,1260,15,30x180,9 mm,Porcelánico,Mate,Pavimento y revestimiento,,No,No,
,variation,ESM-FIKA-MAPLE-30X180,Fika Maple 30x180,1,0,visible,,,taxable,parent,1,,0,0,40,0,,,,,https://raw.githubusercontent.com/kumen360/ESMALTO/main/catalogo/img/fika/esmalto-pz-fika-maple-30x180.webp,ESM-FIKA,138,Color,Maple,1,1,,Formato,30x180,1,1,,,,,,,,,,,,,,,,,,,,,,,,,,,,,,,,,,,,,,,,,,,,,,,,,,,,,,,,,,,,,,,,,,,,,,,,,,,,,,,,,,1.62,40,3,30,48.60,1260,15,30x180,9 mm,Porcelánico,Mate,Pavimento y revestimiento,,No,No,
,variation,ESM-FIKA-NATURAL-30X180,Fika Natural 30x180,1,0,visible,,,taxable,parent,1,,0,0,40,0,,,,,https://raw.githubusercontent.com/kumen360/ESMALTO/main/catalogo/img/fika/esmalto-pz-fika-natural-30x180.webp,ESM-FIKA,139,Color,Natural,1,1,,Formato,30x180,1,1,,,,,,,,,,,,,,,,,,,,,,,,,,,,,,,,,,,,,,,,,,,,,,,,,,,,,,,,,,,,,,,,,,,,,,,,,,,,,,,,,,1.62,40,3,30,48.60,1260,15,30x180,9 mm,Porcelánico,Mate,Pavimento y revestimiento,,No,No,
,variation,ESM-FIKA-TAUPE-30X180,Fika Taupe 30x180,1,0,visible,,,taxable,parent,1,,0,0,40,0,,,,,https://raw.githubusercontent.com/kumen360/ESMALTO/main/catalogo/img/fika/esmalto-pz-fika-taupe-30x180.webp,ESM-FIKA,140,Color,Taupe,1,1,,Formato,30x180,1,1,,,,,,,,,,,,,,,,,,,,,,,,,,,,,,,,,,,,,,,,,,,,,,,,,,,,,,,,,,,,,,,,,,,,,,,,,,,,,,,,,,1.62,40,3,30,48.60,1260,15,30x180,9 mm,Porcelánico,Mate,Pavimento y revestimiento,,No,No,
,variable,ESM-HELSINKI,Helsinki,1,0,visible,"Serie Helsinki en porcelánico, acabado mate. 7 colores y 3 formatos.","<p>La serie <strong>Helsinki</strong> está fabricada en porcelánico con acabado mate. Se presenta en 7 colores y 3 formatos, con un total de 18 referencias.</p><h3>Características técnicas</h3><ul><li><strong>Material:</strong> Porcelánico</li><li><strong>Acabado:</strong> Mate</li><li><strong>Uso:</strong> Pavimento y revestimiento</li><li><strong>Espesor:</strong> 9 MM</li><li><strong>Antideslizante:</strong> No</li><li><strong>Versión antideslizante:</strong> No / Sí</li><li><strong>Tipo de pieza:</strong> Baldosa</li><li><strong>Familia:</strong> Eco Woods</li></ul><p><strong>Colores disponibles:</strong> Haya, Natural, Taupe, Encina, Blanco, Perla, Gris.<br><strong>Formatos:</strong> 20x120, 25x150, 60x120.</p><p><strong>Espacios recomendados:</strong> Interior: salón, dormitorio, cocina y baño; efecto madera.</p><h3>Datos de embalaje</h3><table><thead><tr><th>Formato</th><th>Pz/caja</th><th>m²/caja</th><th>Kg/caja</th><th>Cajas/palet</th><th>m²/palet</th><th>Kg/palet</th></tr></thead><tbody><tr><td>20x120</td><td>7</td><td>1,68</td><td>32</td><td>44</td><td>73,92</td><td>1437</td></tr><tr><td>25x150</td><td>4</td><td>1,50</td><td>35</td><td>40</td><td>60</td><td>1464</td></tr></tbody></table>",taxable,,1,,0,0,,0,,,Pavimentos y revestimientos > Eco Woods,,"https://raw.githubusercontent.com/kumen360/ESMALTO/main/catalogo/img/arenisca/por/esmalto-amb-arenisca-por-perla.webp, https://raw.githubusercontent.com/kumen360/ESMALTO/main/catalogo/img/helsinki/esmalto-amb-helsinki.webp, https://raw.githubusercontent.com/kumen360/ESMALTO/main/catalogo/img/helsinki/esmalto-amb-helsinki-120x120-60x120-living.webp, https://raw.githubusercontent.com/kumen360/ESMALTO/main/catalogo/img/helsinki/esmalto-amb-helsinki-60x120-20x120.webp, https://raw.githubusercontent.com/kumen360/ESMALTO/main/catalogo/img/helsinki/esmalto-amb-helsinki-blanco.webp, https://raw.githubusercontent.com/kumen360/ESMALTO/main/catalogo/img/helsinki/esmalto-amb-helsinki-blanco-taupe-fachada.webp, https://raw.githubusercontent.com/kumen360/ESMALTO/main/catalogo/img/helsinki/esmalto-amb-helsinki-encina-bedroom.webp, https://raw.githubusercontent.com/kumen360/ESMALTO/main/catalogo/img/helsinki/esmalto-amb-helsinki-gris-bedroom.webp, https://raw.githubusercontent.com/kumen360/ESMALTO/main/catalogo/img/helsinki/esmalto-amb-helsinki-haya.webp, https://raw.githubusercontent.com/kumen360/ESMALTO/main/catalogo/img/helsinki/esmalto-amb-helsinki-haya-bathroom.webp, https://raw.githubusercontent.com/kumen360/ESMALTO/main/catalogo/img/helsinki/esmalto-amb-helsinki-living.webp, https://raw.githubusercontent.com/kumen360/ESMALTO/main/catalogo/img/helsinki/esmalto-amb-helsinki-malla-rq-taupe-20x120.webp, https://raw.githubusercontent.com/kumen360/ESMALTO/main/catalogo/img/helsinki/esmalto-amb-helsinki-malla-rq-taupe-detalle.webp, https://raw.githubusercontent.com/kumen360/ESMALTO/main/catalogo/img/helsinki/esmalto-amb-helsinki-perla-bedroom.webp, https://raw.githubusercontent.com/kumen360/ESMALTO/main/catalogo/img/helsinki/esmalto-amb-helsinki-polished-120x280-120x120-kitchen.webp, https://raw.githubusercontent.com/kumen360/ESMALTO/main/catalogo/img/helsinki/esmalto-amb-helsinki-rlv-haya-60x120-120x120-03.webp, https://raw.githubusercontent.com/kumen360/ESMALTO/main/catalogo/img/helsinki/esmalto-amb-helsinki-rlv-haya-60x120-20x120-01.webp, https://raw.githubusercontent.com/kumen360/ESMALTO/main/catalogo/img/helsinki/esmalto-amb-helsinki-rlv-haya-60x120-20x120-02.webp, https://raw.githubusercontent.com/kumen360/ESMALTO/main/catalogo/img/helsinki/esmalto-amb-helsinki-rlv-natural-60x120-120x120-03.webp, https://raw.githubusercontent.com/kumen360/ESMALTO/main/catalogo/img/helsinki/esmalto-amb-helsinki-rlv-natural-60x120-20x120-01.webp, https://raw.githubusercontent.com/kumen360/ESMALTO/main/catalogo/img/helsinki/esmalto-amb-helsinki-rlv-natural-60x120-20x120-02.webp, https://raw.githubusercontent.com/kumen360/ESMALTO/main/catalogo/img/helsinki/esmalto-amb-helsinki-rlv-perla-60x120-120x120-03.webp, https://raw.githubusercontent.com/kumen360/ESMALTO/main/catalogo/img/helsinki/esmalto-amb-helsinki-rlv-perla-gris-60x120-20x120-01.webp, https://raw.githubusercontent.com/kumen360/ESMALTO/main/catalogo/img/helsinki/esmalto-amb-helsinki-rlv-perla-gris-60x120-20x120-02.webp, https://raw.githubusercontent.com/kumen360/ESMALTO/main/catalogo/img/helsinki/esmalto-amb-helsinki-rlv-taupe-60x120-120x120-03.webp, https://raw.githubusercontent.com/kumen360/ESMALTO/main/catalogo/img/helsinki/esmalto-amb-helsinki-rlv-taupe-60x120-20x120-01.webp, https://raw.githubusercontent.com/kumen360/ESMALTO/main/catalogo/img/helsinki/esmalto-amb-helsinki-rlv-taupe-60x120-20x120-02.webp, https://raw.githubusercontent.com/kumen360/ESMALTO/main/catalogo/img/helsinki/esmalto-amb-helsinki-taupe.webp, https://raw.githubusercontent.com/kumen360/ESMALTO/main/catalogo/img/helsinki/esmalto-amb-helsinki-v2.webp, https://raw.githubusercontent.com/kumen360/ESMALTO/main/catalogo/img/helsinki/esmalto-pz-helsinki-blanco-20x120.webp, https://raw.githubusercontent.com/kumen360/ESMALTO/main/catalogo/img/helsinki/esmalto-pz-helsinki-encina-20x120.webp, https://raw.githubusercontent.com/kumen360/ESMALTO/main/catalogo/img/helsinki/esmalto-pz-helsinki-gris-20x120.webp, https://raw.githubusercontent.com/kumen360/ESMALTO/main/catalogo/img/helsinki/esmalto-pz-helsinki-haya-20x120.webp, https://raw.githubusercontent.com/kumen360/ESMALTO/main/catalogo/img/helsinki/esmalto-pz-helsinki-natural-20x120.webp, https://raw.githubusercontent.com/kumen360/ESMALTO/main/catalogo/img/helsinki/esmalto-pz-helsinki-perla-20x120.webp, https://raw.githubusercontent.com/kumen360/ESMALTO/main/catalogo/img/helsinki/esmalto-pz-helsinki-rlv-haya-60x120.webp, https://raw.githubusercontent.com/kumen360/ESMALTO/main/catalogo/img/helsinki/esmalto-pz-helsinki-rlv-natural-60x120.webp, https://raw.githubusercontent.com/kumen360/ESMALTO/main/catalogo/img/helsinki/esmalto-pz-helsinki-rlv-perla-60x120.webp, https://raw.githubusercontent.com/kumen360/ESMALTO/main/catalogo/img/helsinki/esmalto-pz-helsinki-rlv-taupe-60x120.webp, https://raw.githubusercontent.com/kumen360/ESMALTO/main/catalogo/img/helsinki/esmalto-pz-helsinki-taupe-20x120.webp, https://raw.githubusercontent.com/kumen360/ESMALTO/main/catalogo/img/helsinki/peldano/esmalto-pz-helsinki-peldano-extrusionado-gris-32x120.webp, https://raw.githubusercontent.com/kumen360/ESMALTO/main/catalogo/img/helsinki/peldano/esmalto-pz-helsinki-peldano-extrusionado-natural-32x120.webp",,14,Color,"Haya, Natural, Taupe, Encina, Blanco, Perla, Gris",1,1,Haya,Formato,"20x120, 25x150, 60x120",1,1,20x120,Tipo de pieza,Baldosa,1,1,,Espesor,9 mm,1,1,,Acabado,Mate,1,1,,Material,Porcelánico,1,1,,Uso,"Pavimento, Revestimiento",1,1,,Familia,Eco Woods,1,1,,Estilo,Madera,1,1,,Tono,"Marrón, Blanco, Gris",0,1,,Espacio,"Baño, Cocina, Salón, Dormitorio",1,1,,Ubicación,Interior,1,1,,Antideslizante,No,1,1,,Versión antideslizante,"No, Sí",1,0,,,,,,,,,,,,"Interior: salón, dormitorio, cocina y baño; efecto madera",Eco Woods,Helsinki,Esmalto,Ecoceramic,fichas/esmalto-ficha-helsinki.pdf,Madera,Material: Porcelánico | Acabado: Mate | Uso: Pavimento y revestimiento | Espesor: 9 MM | Antideslizante: No | Versión antideslizante disponible: No | Tipo de pieza: Baldosa,Helsinki | Porcelánico Eco Woods | Esmalto,"Serie Helsinki en porcelánico, acabado mate. 7 colores y 3 formatos.",,,,,,,,,,,,,,,,
,variation,ESM-HELSINKI-BLANCO-20X120,Helsinki Blanco 20x120,1,0,visible,,,taxable,parent,1,,0,0,32,0,,,,,https://raw.githubusercontent.com/kumen360/ESMALTO/main/catalogo/img/helsinki/esmalto-pz-helsinki-blanco-20x120.webp,ESM-HELSINKI,147,Color,Blanco,1,1,,Formato,20x120,1,1,,,,,,,,,,,,,,,,,,,,,,,,,,,,,,,,,,,,,,,,,,,,,,,,,,,,,,,,,,,,,,,,,,,,,,,,,,,,,,,,,,1.68,32,7,44,73.92,1437,33,20x120,9 mm,Porcelánico,Mate,Pavimento y revestimiento,,No,No,
,variation,ESM-HELSINKI-ENCINA-20X120,Helsinki Encina 20x120,1,0,visible,,,taxable,parent,1,,0,0,32,0,,,,,https://raw.githubusercontent.com/kumen360/ESMALTO/main/catalogo/img/helsinki/esmalto-pz-helsinki-encina-20x120.webp,ESM-HELSINKI,148,Color,Encina,1,1,,Formato,20x120,1,1,,,,,,,,,,,,,,,,,,,,,,,,,,,,,,,,,,,,,,,,,,,,,,,,,,,,,,,,,,,,,,,,,,,,,,,,,,,,,,,,,,1.68,32,7,44,73.92,1437,33,20x120,9 mm,Porcelánico,Mate,Pavimento y revestimiento,,No,No,
,variation,ESM-HELSINKI-GRIS-20X120,Helsinki Gris 20x120,1,0,visible,,,taxable,parent,1,,0,0,32,0,,,,,https://raw.githubusercontent.com/kumen360/ESMALTO/main/catalogo/img/helsinki/esmalto-pz-helsinki-gris-20x120.webp,ESM-HELSINKI,149,Color,Gris,1,1,,Formato,20x120,1,1,,,,,,,,,,,,,,,,,,,,,,,,,,,,,,,,,,,,,,,,,,,,,,,,,,,,,,,,,,,,,,,,,,,,,,,,,,,,,,,,,,1.68,32,7,44,73.92,1437,33,20x120,9 mm,Porcelánico,Mate,Pavimento y revestimiento,,No,Sí,
,variation,ESM-HELSINKI-HAYA-20X120,Helsinki Haya 20x120,1,0,visible,,,taxable,parent,1,,0,0,32,0,,,,,https://raw.githubusercontent.com/kumen360/ESMALTO/main/catalogo/img/helsinki/esmalto-pz-helsinki-haya-20x120.webp,ESM-HELSINKI,150,Color,Haya,1,1,,Formato,20x120,1,1,,,,,,,,,,,,,,,,,,,,,,,,,,,,,,,,,,,,,,,,,,,,,,,,,,,,,,,,,,,,,,,,,,,,,,,,,,,,,,,,,,1.68,32,7,44,73.92,1437,33,20x120,9 mm,Porcelánico,Mate,Pavimento y revestimiento,,No,No,
,variation,ESM-HELSINKI-NATURAL-20X120,Helsinki Natural 20x120,1,0,visible,,,taxable,parent,1,,0,0,32,0,,,,,https://raw.githubusercontent.com/kumen360/ESMALTO/main/catalogo/img/helsinki/esmalto-pz-helsinki-natural-20x120.webp,ESM-HELSINKI,151,Color,Natural,1,1,,Formato,20x120,1,1,,,,,,,,,,,,,,,,,,,,,,,,,,,,,,,,,,,,,,,,,,,,,,,,,,,,,,,,,,,,,,,,,,,,,,,,,,,,,,,,,,1.68,32,7,44,73.92,1437,33,20x120,9 mm,Porcelánico,Mate,Pavimento y revestimiento,,No,Sí,
,variation,ESM-HELSINKI-PERLA-20X120,Helsinki Perla 20x120,1,0,visible,,,taxable,parent,1,,0,0,32,0,,,,,https://raw.githubusercontent.com/kumen360/ESMALTO/main/catalogo/img/helsinki/esmalto-pz-helsinki-perla-20x120.webp,ESM-HELSINKI,152,Color,Perla,1,1,,Formato,20x120,1,1,,,,,,,,,,,,,,,,,,,,,,,,,,,,,,,,,,,,,,,,,,,,,,,,,,,,,,,,,,,,,,,,,,,,,,,,,,,,,,,,,,1.68,32,7,44,73.92,1437,33,20x120,9 mm,Porcelánico,Mate,Pavimento y revestimiento,,No,No,
,variation,ESM-HELSINKI-TAUPE-20X120,Helsinki Taupe 20x120,1,0,visible,,,taxable,parent,1,,0,0,32,0,,,,,https://raw.githubusercontent.com/kumen360/ESMALTO/main/catalogo/img/helsinki/esmalto-pz-helsinki-taupe-20x120.webp,ESM-HELSINKI,153,Color,Taupe,1,1,,Formato,20x120,1,1,,,,,,,,,,,,,,,,,,,,,,,,,,,,,,,,,,,,,,,,,,,,,,,,,,,,,,,,,,,,,,,,,,,,,,,,,,,,,,,,,,1.68,32,7,44,73.92,1437,33,20x120,9 mm,Porcelánico,Mate,Pavimento y revestimiento,,No,Sí,
,variation,ESM-HELSINKI-BLANCO-25X150,Helsinki Blanco 25x150,1,0,visible,,,taxable,parent,1,,0,0,35,0,,,,,https://raw.githubusercontent.com/kumen360/ESMALTO/main/catalogo/img/helsinki/esmalto-pz-helsinki-blanco-20x120.webp,ESM-HELSINKI,154,Color,Blanco,1,1,,Formato,25x150,1,1,,,,,,,,,,,,,,,,,,,,,,,,,,,,,,,,,,,,,,,,,,,,,,,,,,,,,,,,,,,,,,,,,,,,,,,,,,,,,,,,,,1.5,35,4,40,60,1464,33,25x150,9 mm,Porcelánico,Mate,Pavimento y revestimiento,,No,No,
,variation,ESM-HELSINKI-ENCINA-25X150,Helsinki Encina 25x150,1,0,visible,,,taxable,parent,1,,0,0,35,0,,,,,https://raw.githubusercontent.com/kumen360/ESMALTO/main/catalogo/img/helsinki/esmalto-pz-helsinki-encina-20x120.webp,ESM-HELSINKI,155,Color,Encina,1,1,,Formato,25x150,1,1,,,,,,,,,,,,,,,,,,,,,,,,,,,,,,,,,,,,,,,,,,,,,,,,,,,,,,,,,,,,,,,,,,,,,,,,,,,,,,,,,,1.5,35,4,40,60,1464,33,25x150,9 mm,Porcelánico,Mate,Pavimento y revestimiento,,No,No,
,variation,ESM-HELSINKI-GRIS-25X150,Helsinki Gris 25x150,1,0,visible,,,taxable,parent,1,,0,0,35,0,,,,,https://raw.githubusercontent.com/kumen360/ESMALTO/main/catalogo/img/helsinki/esmalto-pz-helsinki-gris-20x120.webp,ESM-HELSINKI,156,Color,Gris,1,1,,Formato,25x150,1,1,,,,,,,,,,,,,,,,,,,,,,,,,,,,,,,,,,,,,,,,,,,,,,,,,,,,,,,,,,,,,,,,,,,,,,,,,,,,,,,,,,1.5,35,4,40,60,1464,33,25x150,9 mm,Porcelánico,Mate,Pavimento y revestimiento,,No,No,
,variation,ESM-HELSINKI-HAYA-25X150,Helsinki Haya 25x150,1,0,visible,,,taxable,parent,1,,0,0,35,0,,,,,https://raw.githubusercontent.com/kumen360/ESMALTO/main/catalogo/img/helsinki/esmalto-pz-helsinki-haya-20x120.webp,ESM-HELSINKI,157,Color,Haya,1,1,,Formato,25x150,1,1,,,,,,,,,,,,,,,,,,,,,,,,,,,,,,,,,,,,,,,,,,,,,,,,,,,,,,,,,,,,,,,,,,,,,,,,,,,,,,,,,,1.5,35,4,40,60,1464,33,25x150,9 mm,Porcelánico,Mate,Pavimento y revestimiento,,No,No,
,variation,ESM-HELSINKI-NATURAL-25X150,Helsinki Natural 25x150,1,0,visible,,,taxable,parent,1,,0,0,35,0,,,,,https://raw.githubusercontent.com/kumen360/ESMALTO/main/catalogo/img/helsinki/esmalto-pz-helsinki-natural-20x120.webp,ESM-HELSINKI,158,Color,Natural,1,1,,Formato,25x150,1,1,,,,,,,,,,,,,,,,,,,,,,,,,,,,,,,,,,,,,,,,,,,,,,,,,,,,,,,,,,,,,,,,,,,,,,,,,,,,,,,,,,1.5,35,4,40,60,1464,33,25x150,9 mm,Porcelánico,Mate,Pavimento y revestimiento,,No,No,
,variation,ESM-HELSINKI-PERLA-25X150,Helsinki Perla 25x150,1,0,visible,,,taxable,parent,1,,0,0,35,0,,,,,https://raw.githubusercontent.com/kumen360/ESMALTO/main/catalogo/img/helsinki/esmalto-pz-helsinki-perla-20x120.webp,ESM-HELSINKI,159,Color,Perla,1,1,,Formato,25x150,1,1,,,,,,,,,,,,,,,,,,,,,,,,,,,,,,,,,,,,,,,,,,,,,,,,,,,,,,,,,,,,,,,,,,,,,,,,,,,,,,,,,,1.5,35,4,40,60,1464,33,25x150,9 mm,Porcelánico,Mate,Pavimento y revestimiento,,No,No,
,variation,ESM-HELSINKI-TAUPE-25X150,Helsinki Taupe 25x150,1,0,visible,,,taxable,parent,1,,0,0,35,0,,,,,https://raw.githubusercontent.com/kumen360/ESMALTO/main/catalogo/img/helsinki/esmalto-pz-helsinki-taupe-20x120.webp,ESM-HELSINKI,160,Color,Taupe,1,1,,Formato,25x150,1,1,,,,,,,,,,,,,,,,,,,,,,,,,,,,,,,,,,,,,,,,,,,,,,,,,,,,,,,,,,,,,,,,,,,,,,,,,,,,,,,,,,1.5,35,4,40,60,1464,33,25x150,9 mm,Porcelánico,Mate,Pavimento y revestimiento,,No,No,
,variation,ESM-HELSINKI-HAYA-60X120,Helsinki Haya 60x120,1,0,visible,,,taxable,parent,1,,0,0,28.62,0,,,,,https://raw.githubusercontent.com/kumen360/ESMALTO/main/catalogo/img/helsinki/esmalto-pz-helsinki-haya-20x120.webp,ESM-HELSINKI,161,Color,Haya,1,1,,Formato,60x120,1,1,,,,,,,,,,,,,,,,,,,,,,,,,,,,,,,,,,,,,,,,,,,,,,,,,,,,,,,,,,,,,,,,,,,,,,,,,,,,,,,,,,1.44,28.62,,,,,,60x120,9 mm,Porcelánico,Mate,Pavimento y revestimiento,,No,No,
,variation,ESM-HELSINKI-NATURAL-60X120,Helsinki Natural 60x120,1,0,visible,,,taxable,parent,1,,0,0,28.62,0,,,,,https://raw.githubusercontent.com/kumen360/ESMALTO/main/catalogo/img/helsinki/esmalto-pz-helsinki-natural-20x120.webp,ESM-HELSINKI,162,Color,Natural,1,1,,Formato,60x120,1,1,,,,,,,,,,,,,,,,,,,,,,,,,,,,,,,,,,,,,,,,,,,,,,,,,,,,,,,,,,,,,,,,,,,,,,,,,,,,,,,,,,1.44,28.62,,,,,,60x120,9 mm,Porcelánico,Mate,Pavimento y revestimiento,,No,No,
,variation,ESM-HELSINKI-PERLA-60X120,Helsinki Perla 60x120,1,0,visible,,,taxable,parent,1,,0,0,28.62,0,,,,,https://raw.githubusercontent.com/kumen360/ESMALTO/main/catalogo/img/helsinki/esmalto-pz-helsinki-perla-20x120.webp,ESM-HELSINKI,163,Color,Perla,1,1,,Formato,60x120,1,1,,,,,,,,,,,,,,,,,,,,,,,,,,,,,,,,,,,,,,,,,,,,,,,,,,,,,,,,,,,,,,,,,,,,,,,,,,,,,,,,,,1.44,28.62,,,,,,60x120,9 mm,Porcelánico,Mate,Pavimento y revestimiento,,No,No,
,variation,ESM-HELSINKI-TAUPE-60X120,Helsinki Taupe 60x120,1,0,visible,,,taxable,parent,1,,0,0,28.62,0,,,,,https://raw.githubusercontent.com/kumen360/ESMALTO/main/catalogo/img/helsinki/esmalto-pz-helsinki-taupe-20x120.webp,ESM-HELSINKI,164,Color,Taupe,1,1,,Formato,60x120,1,1,,,,,,,,,,,,,,,,,,,,,,,,,,,,,,,,,,,,,,,,,,,,,,,,,,,,,,,,,,,,,,,,,,,,,,,,,,,,,,,,,,1.44,28.62,,,,,,60x120,9 mm,Porcelánico,Mate,Pavimento y revestimiento,,No,No,
,variable,ESM-IKON,Ikon,1,0,visible,"Serie Ikon en porcelánico, acabado mate. 5 colores y 2 formatos.","<p>La serie <strong>Ikon</strong> está fabricada en porcelánico con acabado mate. Se presenta en 5 colores y 2 formatos, con un total de 10 referencias.</p><h3>Características técnicas</h3><ul><li><strong>Material:</strong> Porcelánico</li><li><strong>Acabado:</strong> Mate</li><li><strong>Uso:</strong> Pavimento y revestimiento</li><li><strong>Espesor:</strong> 9 MM</li><li><strong>Antideslizante:</strong> No</li><li><strong>Versión antideslizante:</strong> No</li><li><strong>Tipo de pieza:</strong> Baldosa</li><li><strong>Familia:</strong> Eco Woods</li></ul><p><strong>Colores disponibles:</strong> Hueso, Almond, Straw, Nogal, Moka.<br><strong>Formatos:</strong> 20x120, 25x150.</p><p><strong>Espacios recomendados:</strong> Interior: salón, dormitorio, cocina y baño; efecto madera.</p><h3>Datos de embalaje</h3><table><thead><tr><th>Formato</th><th>Pz/caja</th><th>m²/caja</th><th>Kg/caja</th><th>Cajas/palet</th><th>m²/palet</th><th>Kg/palet</th></tr></thead><tbody><tr><td>20x120</td><td>7</td><td>1,68</td><td>32</td><td>44</td><td>73,92</td><td>1437</td></tr><tr><td>25x150</td><td>4</td><td>1,50</td><td>35</td><td>40</td><td>60</td><td>1464</td></tr></tbody></table>",taxable,,1,,0,0,,0,,,Pavimentos y revestimientos > Eco Woods,,"https://raw.githubusercontent.com/kumen360/ESMALTO/main/catalogo/img/ikon/15x90/esmalto-amb-ikon-almond-15x90.webp, https://raw.githubusercontent.com/kumen360/ESMALTO/main/catalogo/img/ikon/15x90/esmalto-amb-ikon-hueso-15x90.webp, https://raw.githubusercontent.com/kumen360/ESMALTO/main/catalogo/img/ikon/15x90/esmalto-amb-ikon-nogal-15x90.webp, https://raw.githubusercontent.com/kumen360/ESMALTO/main/catalogo/img/ikon/20x120/esmalto-amb-ikon-20x120-mate-120x280.webp, https://raw.githubusercontent.com/kumen360/ESMALTO/main/catalogo/img/ikon/20x120/esmalto-amb-ikon-almond-20x120-120x280.webp, https://raw.githubusercontent.com/kumen360/ESMALTO/main/catalogo/img/ikon/20x120/esmalto-amb-ikon-almond-20x120-detalle.webp, https://raw.githubusercontent.com/kumen360/ESMALTO/main/catalogo/img/ikon/20x120/esmalto-amb-ikon-hueso-20x120-120x280.webp, https://raw.githubusercontent.com/kumen360/ESMALTO/main/catalogo/img/ikon/20x120/esmalto-amb-ikon-hueso-20x120-detalle.webp, https://raw.githubusercontent.com/kumen360/ESMALTO/main/catalogo/img/ikon/20x120/esmalto-amb-ikon-moka-20x120-120x280.webp, https://raw.githubusercontent.com/kumen360/ESMALTO/main/catalogo/img/ikon/20x120/esmalto-amb-ikon-moka-20x120-detalle.webp, https://raw.githubusercontent.com/kumen360/ESMALTO/main/catalogo/img/ikon/20x120/esmalto-amb-ikon-nogal-20x120-120x280.webp, https://raw.githubusercontent.com/kumen360/ESMALTO/main/catalogo/img/ikon/20x120/esmalto-amb-ikon-nogal-20x120-detalle.webp, https://raw.githubusercontent.com/kumen360/ESMALTO/main/catalogo/img/ikon/20x120/esmalto-amb-ikon-straw-20x120-120x280.webp, https://raw.githubusercontent.com/kumen360/ESMALTO/main/catalogo/img/ikon/20x120/esmalto-amb-ikon-straw-20x120-detalle.webp, https://raw.githubusercontent.com/kumen360/ESMALTO/main/catalogo/img/ikon/15x90/esmalto-pz-ikon-almond-15x90-01.webp, https://raw.githubusercontent.com/kumen360/ESMALTO/main/catalogo/img/ikon/15x90/esmalto-pz-ikon-hueso-15x90-01.webp, https://raw.githubusercontent.com/kumen360/ESMALTO/main/catalogo/img/ikon/15x90/esmalto-pz-ikon-nogal-15x90-01.webp, https://raw.githubusercontent.com/kumen360/ESMALTO/main/catalogo/img/ikon/20x120/esmalto-pz-ikon-almond-20x120.webp, https://raw.githubusercontent.com/kumen360/ESMALTO/main/catalogo/img/ikon/20x120/esmalto-pz-ikon-hueso-20x120.webp, https://raw.githubusercontent.com/kumen360/ESMALTO/main/catalogo/img/ikon/20x120/esmalto-pz-ikon-moka-20x120.webp, https://raw.githubusercontent.com/kumen360/ESMALTO/main/catalogo/img/ikon/20x120/esmalto-pz-ikon-nogal-20x120.webp, https://raw.githubusercontent.com/kumen360/ESMALTO/main/catalogo/img/ikon/20x120/esmalto-pz-ikon-straw-20x120.webp",,15,Color,"Hueso, Almond, Straw, Nogal, Moka",1,1,Hueso,Formato,"20x120, 25x150",1,1,20x120,Tipo de pieza,Baldosa,1,1,,Espesor,9 mm,1,1,,Acabado,Mate,1,1,,Material,Porcelánico,1,1,,Uso,"Pavimento, Revestimiento",1,1,,Familia,Eco Woods,1,1,,Estilo,Madera,1,1,,Tono,"Beige, Marrón",0,1,,Espacio,"Baño, Cocina, Salón, Dormitorio",1,1,,Ubicación,Interior,1,1,,Antideslizante,No,1,1,,Versión antideslizante,No,1,0,,,,,,,,,,,,"Interior: salón, dormitorio, cocina y baño; efecto madera",Eco Woods,Ikon,Esmalto,Ecoceramic,fichas/esmalto-ficha-ikon.pdf,Madera,Material: Porcelánico | Acabado: Mate | Uso: Pavimento y revestimiento | Espesor: 9 MM | Antideslizante: No | Versión antideslizante disponible: No | Tipo de pieza: Baldosa,Ikon | Porcelánico Eco Woods | Esmalto,"Serie Ikon en porcelánico, acabado mate. 5 colores y 2 formatos.",,,,,,,,,,,,,,,,
,variation,ESM-IKON-ALMOND-20X120,Ikon Almond 20x120,1,0,visible,,,taxable,parent,1,,0,0,32,0,,,,,https://raw.githubusercontent.com/kumen360/ESMALTO/main/catalogo/img/ikon/20x120/esmalto-pz-ikon-almond-20x120.webp,ESM-IKON,165,Color,Almond,1,1,,Formato,20x120,1,1,,,,,,,,,,,,,,,,,,,,,,,,,,,,,,,,,,,,,,,,,,,,,,,,,,,,,,,,,,,,,,,,,,,,,,,,,,,,,,,,,,1.68,32,7,44,73.92,1437,21,20x120,9 mm,Porcelánico,Mate,Pavimento y revestimiento,,No,No,
,variation,ESM-IKON-HUESO-20X120,Ikon Hueso 20x120,1,0,visible,,,taxable,parent,1,,0,0,32,0,,,,,https://raw.githubusercontent.com/kumen360/ESMALTO/main/catalogo/img/ikon/20x120/esmalto-pz-ikon-hueso-20x120.webp,ESM-IKON,166,Color,Hueso,1,1,,Formato,20x120,1,1,,,,,,,,,,,,,,,,,,,,,,,,,,,,,,,,,,,,,,,,,,,,,,,,,,,,,,,,,,,,,,,,,,,,,,,,,,,,,,,,,,1.68,32,7,44,73.92,1437,21,20x120,9 mm,Porcelánico,Mate,Pavimento y revestimiento,,No,No,
,variation,ESM-IKON-MOKA-20X120,Ikon Moka 20x120,1,0,visible,,,taxable,parent,1,,0,0,32,0,,,,,https://raw.githubusercontent.com/kumen360/ESMALTO/main/catalogo/img/ikon/20x120/esmalto-pz-ikon-moka-20x120.webp,ESM-IKON,167,Color,Moka,1,1,,Formato,20x120,1,1,,,,,,,,,,,,,,,,,,,,,,,,,,,,,,,,,,,,,,,,,,,,,,,,,,,,,,,,,,,,,,,,,,,,,,,,,,,,,,,,,,1.68,32,7,44,73.92,1437,21,20x120,9 mm,Porcelánico,Mate,Pavimento y revestimiento,,No,No,
,variation,ESM-IKON-NOGAL-20X120,Ikon Nogal 20x120,1,0,visible,,,taxable,parent,1,,0,0,32,0,,,,,https://raw.githubusercontent.com/kumen360/ESMALTO/main/catalogo/img/ikon/20x120/esmalto-pz-ikon-nogal-20x120.webp,ESM-IKON,168,Color,Nogal,1,1,,Formato,20x120,1,1,,,,,,,,,,,,,,,,,,,,,,,,,,,,,,,,,,,,,,,,,,,,,,,,,,,,,,,,,,,,,,,,,,,,,,,,,,,,,,,,,,1.68,32,7,44,73.92,1437,21,20x120,9 mm,Porcelánico,Mate,Pavimento y revestimiento,,No,No,
,variation,ESM-IKON-STRAW-20X120,Ikon Straw 20x120,1,0,visible,,,taxable,parent,1,,0,0,32,0,,,,,https://raw.githubusercontent.com/kumen360/ESMALTO/main/catalogo/img/ikon/20x120/esmalto-pz-ikon-straw-20x120.webp,ESM-IKON,169,Color,Straw,1,1,,Formato,20x120,1,1,,,,,,,,,,,,,,,,,,,,,,,,,,,,,,,,,,,,,,,,,,,,,,,,,,,,,,,,,,,,,,,,,,,,,,,,,,,,,,,,,,1.68,32,7,44,73.92,1437,21,20x120,9 mm,Porcelánico,Mate,Pavimento y revestimiento,,No,No,
,variation,ESM-IKON-ALMOND-25X150,Ikon Almond 25x150,1,0,visible,,,taxable,parent,1,,0,0,35,0,,,,,https://raw.githubusercontent.com/kumen360/ESMALTO/main/catalogo/img/ikon/15x90/esmalto-pz-ikon-almond-15x90-01.webp,ESM-IKON,170,Color,Almond,1,1,,Formato,25x150,1,1,,,,,,,,,,,,,,,,,,,,,,,,,,,,,,,,,,,,,,,,,,,,,,,,,,,,,,,,,,,,,,,,,,,,,,,,,,,,,,,,,,1.5,35,4,40,60,1464,22,25x150,9 mm,Porcelánico,Mate,Pavimento y revestimiento,,No,No,
,variation,ESM-IKON-HUESO-25X150,Ikon Hueso 25x150,1,0,visible,,,taxable,parent,1,,0,0,35,0,,,,,https://raw.githubusercontent.com/kumen360/ESMALTO/main/catalogo/img/ikon/15x90/esmalto-pz-ikon-hueso-15x90-01.webp,ESM-IKON,171,Color,Hueso,1,1,,Formato,25x150,1,1,,,,,,,,,,,,,,,,,,,,,,,,,,,,,,,,,,,,,,,,,,,,,,,,,,,,,,,,,,,,,,,,,,,,,,,,,,,,,,,,,,1.5,35,4,40,60,1464,22,25x150,9 mm,Porcelánico,Mate,Pavimento y revestimiento,,No,No,
,variation,ESM-IKON-MOKA-25X150,Ikon Moka 25x150,1,0,visible,,,taxable,parent,1,,0,0,35,0,,,,,https://raw.githubusercontent.com/kumen360/ESMALTO/main/catalogo/img/ikon/20x120/esmalto-pz-ikon-moka-20x120.webp,ESM-IKON,172,Color,Moka,1,1,,Formato,25x150,1,1,,,,,,,,,,,,,,,,,,,,,,,,,,,,,,,,,,,,,,,,,,,,,,,,,,,,,,,,,,,,,,,,,,,,,,,,,,,,,,,,,,1.5,35,4,40,60,1464,22,25x150,9 mm,Porcelánico,Mate,Pavimento y revestimiento,,No,No,
,variation,ESM-IKON-NOGAL-25X150,Ikon Nogal 25x150,1,0,visible,,,taxable,parent,1,,0,0,35,0,,,,,https://raw.githubusercontent.com/kumen360/ESMALTO/main/catalogo/img/ikon/15x90/esmalto-pz-ikon-nogal-15x90-01.webp,ESM-IKON,173,Color,Nogal,1,1,,Formato,25x150,1,1,,,,,,,,,,,,,,,,,,,,,,,,,,,,,,,,,,,,,,,,,,,,,,,,,,,,,,,,,,,,,,,,,,,,,,,,,,,,,,,,,,1.5,35,4,40,60,1464,22,25x150,9 mm,Porcelánico,Mate,Pavimento y revestimiento,,No,No,
,variation,ESM-IKON-STRAW-25X150,Ikon Straw 25x150,1,0,visible,,,taxable,parent,1,,0,0,35,0,,,,,https://raw.githubusercontent.com/kumen360/ESMALTO/main/catalogo/img/ikon/20x120/esmalto-pz-ikon-straw-20x120.webp,ESM-IKON,174,Color,Straw,1,1,,Formato,25x150,1,1,,,,,,,,,,,,,,,,,,,,,,,,,,,,,,,,,,,,,,,,,,,,,,,,,,,,,,,,,,,,,,,,,,,,,,,,,,,,,,,,,,1.5,35,4,40,60,1464,22,25x150,9 mm,Porcelánico,Mate,Pavimento y revestimiento,,No,No,
,variable,ESM-KOOTENAI,Kootenai,1,0,visible,"Serie Kootenai en porcelánico, acabado mate. 7 colores y 1 formato.","<p>La serie <strong>Kootenai</strong> está fabricada en porcelánico con acabado mate. Se presenta en 7 colores y 1 formato, con un total de 7 referencias.</p><h3>Características técnicas</h3><ul><li><strong>Material:</strong> Porcelánico</li><li><strong>Acabado:</strong> Mate</li><li><strong>Uso:</strong> Pavimento y revestimiento</li><li><strong>Espesor:</strong> 9 MM</li><li><strong>Antideslizante:</strong> No</li><li><strong>Versión antideslizante:</strong> No / Sí</li><li><strong>Tipo de pieza:</strong> Baldosa</li><li><strong>Familia:</strong> Eco Woods</li></ul><p><strong>Colores disponibles:</strong> White, Pearl, Haya, Natural, Straw, Taupe, Cerezo.<br><strong>Formatos:</strong> 20x120.</p><p><strong>Espacios recomendados:</strong> Interior: salón, dormitorio, cocina y baño; efecto madera.</p><h3>Datos de embalaje</h3><table><thead><tr><th>Formato</th><th>Pz/caja</th><th>m²/caja</th><th>Kg/caja</th><th>Cajas/palet</th><th>m²/palet</th><th>Kg/palet</th></tr></thead><tbody><tr><td>20x120</td><td>7</td><td>1,68</td><td>32</td><td>44</td><td>73,92</td><td>1437</td></tr><tr><td>8X44.2</td><td>30</td><td>1,06</td><td>19,90</td><td>65</td><td>68,90</td><td>1313,50</td></tr></tbody></table>",taxable,,1,,0,0,,0,,,Pavimentos y revestimientos > Eco Woods,,"https://raw.githubusercontent.com/kumen360/ESMALTO/main/catalogo/img/kootenai/20x120/esmalto-amb-kootenai-20x120.webp, https://raw.githubusercontent.com/kumen360/ESMALTO/main/catalogo/img/kootenai/20x120/esmalto-amb-kootenai-20x120-haya.webp, https://raw.githubusercontent.com/kumen360/ESMALTO/main/catalogo/img/kootenai/20x120/esmalto-amb-kootenai-20x120-haya-v2.webp, https://raw.githubusercontent.com/kumen360/ESMALTO/main/catalogo/img/kootenai/20x120/esmalto-amb-kootenai-20x120-rlv.webp, https://raw.githubusercontent.com/kumen360/ESMALTO/main/catalogo/img/kootenai/20x120/esmalto-amb-kootenai-20x120-straw.webp, https://raw.githubusercontent.com/kumen360/ESMALTO/main/catalogo/img/kootenai/20x120/esmalto-amb-kootenai-20x120-v2.webp, https://raw.githubusercontent.com/kumen360/ESMALTO/main/catalogo/img/kootenai/20x120/esmalto-amb-kootenai-20x120-white.webp, https://raw.githubusercontent.com/kumen360/ESMALTO/main/catalogo/img/kootenai/8x442/esmalto-amb-kootenai-8x442.webp, https://raw.githubusercontent.com/kumen360/ESMALTO/main/catalogo/img/kootenai/8x442/esmalto-amb-kootenai-8x442-haya.webp, https://raw.githubusercontent.com/kumen360/ESMALTO/main/catalogo/img/kootenai/8x442/esmalto-amb-kootenai-8x442-natural.webp, https://raw.githubusercontent.com/kumen360/ESMALTO/main/catalogo/img/kootenai/8x442/esmalto-amb-kootenai-8x442-peldano-extrusionado-natural-30x120-30x90.webp, https://raw.githubusercontent.com/kumen360/ESMALTO/main/catalogo/img/kootenai/8x442/esmalto-amb-kootenai-8x442-peldano-extrusionado-natural-30x120-30x90-detalle.webp, https://raw.githubusercontent.com/kumen360/ESMALTO/main/catalogo/img/kootenai/8x442/esmalto-amb-kootenai-8x442-straw.webp, https://raw.githubusercontent.com/kumen360/ESMALTO/main/catalogo/img/kootenai/8x442/esmalto-amb-kootenai-8x442-taupe.webp, https://raw.githubusercontent.com/kumen360/ESMALTO/main/catalogo/img/kootenai/8x442/esmalto-amb-kootenai-8x442-white.webp, https://raw.githubusercontent.com/kumen360/ESMALTO/main/catalogo/img/kootenai/8x442/esmalto-amb-kootenai-cerezo-8x44.2.webp, https://raw.githubusercontent.com/kumen360/ESMALTO/main/catalogo/img/kootenai/8x442/esmalto-amb-kootenai-cerezo-8x44.2-v2.webp, https://raw.githubusercontent.com/kumen360/ESMALTO/main/catalogo/img/kootenai/8x442/esmalto-amb-kootenai-haya-8x44.2.webp, https://raw.githubusercontent.com/kumen360/ESMALTO/main/catalogo/img/kootenai/8x442/esmalto-amb-kootenai-natural-8x44.2.webp, https://raw.githubusercontent.com/kumen360/ESMALTO/main/catalogo/img/kootenai/8x442/esmalto-amb-kootenai-natural-8x44.2-detalle.webp, https://raw.githubusercontent.com/kumen360/ESMALTO/main/catalogo/img/kootenai/8x442/esmalto-amb-kootenai-natural-8x44.2-v2.webp, https://raw.githubusercontent.com/kumen360/ESMALTO/main/catalogo/img/kootenai/8x442/esmalto-amb-kootenai-straw-8x44.2.webp, https://raw.githubusercontent.com/kumen360/ESMALTO/main/catalogo/img/kootenai/20x120/esmalto-pz-kootenai-20x120-cerezo.webp, https://raw.githubusercontent.com/kumen360/ESMALTO/main/catalogo/img/kootenai/20x120/esmalto-pz-kootenai-20x120-haya.webp, https://raw.githubusercontent.com/kumen360/ESMALTO/main/catalogo/img/kootenai/20x120/esmalto-pz-kootenai-20x120-natural.webp, https://raw.githubusercontent.com/kumen360/ESMALTO/main/catalogo/img/kootenai/20x120/esmalto-pz-kootenai-20x120-pearl.webp, https://raw.githubusercontent.com/kumen360/ESMALTO/main/catalogo/img/kootenai/20x120/esmalto-pz-kootenai-20x120-straw.webp, https://raw.githubusercontent.com/kumen360/ESMALTO/main/catalogo/img/kootenai/20x120/esmalto-pz-kootenai-20x120-taupe.webp, https://raw.githubusercontent.com/kumen360/ESMALTO/main/catalogo/img/kootenai/20x120/esmalto-pz-kootenai-20x120-white.webp, https://raw.githubusercontent.com/kumen360/ESMALTO/main/catalogo/img/kootenai/20x120/esmalto-pz-kootenai-haya-20x120-detalle.webp, https://raw.githubusercontent.com/kumen360/ESMALTO/main/catalogo/img/kootenai/20x120/esmalto-pz-kootenai-natural-20x120-detalle.webp, https://raw.githubusercontent.com/kumen360/ESMALTO/main/catalogo/img/kootenai/20x120/esmalto-pz-kootenai-white-20x120-detalle.webp, https://raw.githubusercontent.com/kumen360/ESMALTO/main/catalogo/img/kootenai/8x442/esmalto-pz-kootenai-8x442-cerezo-8x44.webp, https://raw.githubusercontent.com/kumen360/ESMALTO/main/catalogo/img/kootenai/8x442/esmalto-pz-kootenai-8x442-haya-8x44.webp, https://raw.githubusercontent.com/kumen360/ESMALTO/main/catalogo/img/kootenai/8x442/esmalto-pz-kootenai-8x442-natural-8x44.webp, https://raw.githubusercontent.com/kumen360/ESMALTO/main/catalogo/img/kootenai/8x442/esmalto-pz-kootenai-8x442-straw-8x44.webp, https://raw.githubusercontent.com/kumen360/ESMALTO/main/catalogo/img/kootenai/peldano/esmalto-pz-kootenai-peldano-extrusionado-cerezo-32x120.webp, https://raw.githubusercontent.com/kumen360/ESMALTO/main/catalogo/img/kootenai/peldano/esmalto-pz-kootenai-peldano-extrusionado-haya-32x120.webp, https://raw.githubusercontent.com/kumen360/ESMALTO/main/catalogo/img/kootenai/peldano/esmalto-pz-kootenai-peldano-extrusionado-haya-32x120-01.webp, https://raw.githubusercontent.com/kumen360/ESMALTO/main/catalogo/img/kootenai/peldano/esmalto-pz-kootenai-peldano-extrusionado-haya-32x120-02.webp, https://raw.githubusercontent.com/kumen360/ESMALTO/main/catalogo/img/kootenai/peldano/esmalto-pz-kootenai-peldano-extrusionado-natural-32x120.webp, https://raw.githubusercontent.com/kumen360/ESMALTO/main/catalogo/img/kootenai/peldano/esmalto-pz-kootenai-peldano-extrusionado-natural-32x120-01.webp, https://raw.githubusercontent.com/kumen360/ESMALTO/main/catalogo/img/kootenai/peldano/esmalto-pz-kootenai-peldano-extrusionado-natural-32x120-02.webp, https://raw.githubusercontent.com/kumen360/ESMALTO/main/catalogo/img/kootenai/peldano/esmalto-pz-kootenai-peldano-extrusionado-straw-32x120.webp, https://raw.githubusercontent.com/kumen360/ESMALTO/main/catalogo/img/kootenai/peldano/esmalto-pz-kootenai-peldano-extrusionado-taupe-32x120.webp",,16,Color,"White, Pearl, Haya, Natural, Straw, Taupe, Cerezo",1,1,White,Formato,20x120,1,1,,Tipo de pieza,Baldosa,1,1,,Espesor,9 mm,1,1,,Acabado,Mate,1,1,,Material,Porcelánico,1,1,,Uso,"Pavimento, Revestimiento",1,1,,Familia,Eco Woods,1,1,,Estilo,Madera,1,1,,Tono,"Blanco, Gris, Marrón, Beige",0,1,,Espacio,"Baño, Cocina, Salón, Dormitorio",1,1,,Ubicación,Interior,1,1,,Antideslizante,No,1,1,,Versión antideslizante,"No, Sí",1,0,,,,,,,,,,,,"Interior: salón, dormitorio, cocina y baño; efecto madera",Eco Woods,Kootenai,Esmalto,Ecoceramic,fichas/esmalto-ficha-kootenai.pdf,Madera,Material: Porcelánico | Acabado: Mate | Uso: Pavimento y revestimiento | Espesor: 9 MM | Antideslizante: No | Versión antideslizante disponible: No | Tipo de pieza: Baldosa,Kootenai | Porcelánico Eco Woods | Esmalto,"Serie Kootenai en porcelánico, acabado mate. 7 colores y 1 formato.",,,,,,,,,,,,,,,,
,variation,ESM-KOOTENAI-CEREZO-20X120,Kootenai Cerezo 20x120,1,0,visible,,,taxable,parent,1,,0,0,32,0,,,,,https://raw.githubusercontent.com/kumen360/ESMALTO/main/catalogo/img/kootenai/20x120/esmalto-pz-kootenai-20x120-cerezo.webp,ESM-KOOTENAI,177,Color,Cerezo,1,1,,,,,,,,,,,,,,,,,,,,,,,,,,,,,,,,,,,,,,,,,,,,,,,,,,,,,,,,,,,,,,,,,,,,,,,,,,,,,,,,,,,,,,,1.68,32,7,44,73.92,1437,18,20x120,9 mm,Porcelánico,Mate,Pavimento y revestimiento,,No,No,
,variation,ESM-KOOTENAI-HAYA-20X120,Kootenai Haya 20x120,1,0,visible,,,taxable,parent,1,,0,0,32,0,,,,,https://raw.githubusercontent.com/kumen360/ESMALTO/main/catalogo/img/kootenai/20x120/esmalto-pz-kootenai-haya-20x120-detalle.webp,ESM-KOOTENAI,178,Color,Haya,1,1,,,,,,,,,,,,,,,,,,,,,,,,,,,,,,,,,,,,,,,,,,,,,,,,,,,,,,,,,,,,,,,,,,,,,,,,,,,,,,,,,,,,,,,1.68,32,7,44,73.92,1437,18,20x120,9 mm,Porcelánico,Mate,Pavimento y revestimiento,,No,Sí,
,variation,ESM-KOOTENAI-NATURAL-20X120,Kootenai Natural 20x120,1,0,visible,,,taxable,parent,1,,0,0,32,0,,,,,https://raw.githubusercontent.com/kumen360/ESMALTO/main/catalogo/img/kootenai/20x120/esmalto-pz-kootenai-natural-20x120-detalle.webp,ESM-KOOTENAI,179,Color,Natural,1,1,,,,,,,,,,,,,,,,,,,,,,,,,,,,,,,,,,,,,,,,,,,,,,,,,,,,,,,,,,,,,,,,,,,,,,,,,,,,,,,,,,,,,,,1.68,32,7,44,73.92,1437,18,20x120,9 mm,Porcelánico,Mate,Pavimento y revestimiento,,No,Sí,
,variation,ESM-KOOTENAI-PEARL-20X120,Kootenai Pearl 20x120,1,0,visible,,,taxable,parent,1,,0,0,32,0,,,,,https://raw.githubusercontent.com/kumen360/ESMALTO/main/catalogo/img/kootenai/20x120/esmalto-pz-kootenai-20x120-pearl.webp,ESM-KOOTENAI,180,Color,Pearl,1,1,,,,,,,,,,,,,,,,,,,,,,,,,,,,,,,,,,,,,,,,,,,,,,,,,,,,,,,,,,,,,,,,,,,,,,,,,,,,,,,,,,,,,,,1.68,32,7,44,73.92,1437,18,20x120,9 mm,Porcelánico,Mate,Pavimento y revestimiento,,No,No,
,variation,ESM-KOOTENAI-STRAW-20X120,Kootenai Straw 20x120,1,0,visible,,,taxable,parent,1,,0,0,32,0,,,,,https://raw.githubusercontent.com/kumen360/ESMALTO/main/catalogo/img/kootenai/20x120/esmalto-pz-kootenai-20x120-straw.webp,ESM-KOOTENAI,181,Color,Straw,1,1,,,,,,,,,,,,,,,,,,,,,,,,,,,,,,,,,,,,,,,,,,,,,,,,,,,,,,,,,,,,,,,,,,,,,,,,,,,,,,,,,,,,,,,1.68,32,7,44,73.92,1437,18,20x120,9 mm,Porcelánico,Mate,Pavimento y revestimiento,,No,Sí,
,variation,ESM-KOOTENAI-TAUPE-20X120,Kootenai Taupe 20x120,1,0,visible,,,taxable,parent,1,,0,0,32,0,,,,,https://raw.githubusercontent.com/kumen360/ESMALTO/main/catalogo/img/kootenai/20x120/esmalto-pz-kootenai-20x120-taupe.webp,ESM-KOOTENAI,182,Color,Taupe,1,1,,,,,,,,,,,,,,,,,,,,,,,,,,,,,,,,,,,,,,,,,,,,,,,,,,,,,,,,,,,,,,,,,,,,,,,,,,,,,,,,,,,,,,,1.68,32,7,44,73.92,1437,18,20x120,9 mm,Porcelánico,Mate,Pavimento y revestimiento,,No,No,
,variation,ESM-KOOTENAI-WHITE-20X120,Kootenai White 20x120,1,0,visible,,,taxable,parent,1,,0,0,32,0,,,,,https://raw.githubusercontent.com/kumen360/ESMALTO/main/catalogo/img/kootenai/20x120/esmalto-pz-kootenai-white-20x120-detalle.webp,ESM-KOOTENAI,183,Color,White,1,1,,,,,,,,,,,,,,,,,,,,,,,,,,,,,,,,,,,,,,,,,,,,,,,,,,,,,,,,,,,,,,,,,,,,,,,,,,,,,,,,,,,,,,,1.68,32,7,44,73.92,1437,18,20x120,9 mm,Porcelánico,Mate,Pavimento y revestimiento,,No,No,
,variable,ESM-LOIRE,Loire,1,0,visible,"Serie Loire en porcelánico, acabado mate. 3 colores y 1 formato.","<p>La serie <strong>Loire</strong> está fabricada en porcelánico con acabado mate. Se presenta en 3 colores y 1 formato, con un total de 3 referencias.</p><h3>Características técnicas</h3><ul><li><strong>Material:</strong> Porcelánico</li><li><strong>Acabado:</strong> Mate</li><li><strong>Uso:</strong> Pavimento y revestimiento</li><li><strong>Espesor:</strong> 9 MM</li><li><strong>Antideslizante:</strong> No</li><li><strong>Versión antideslizante:</strong> No</li><li><strong>Tipo de pieza:</strong> Baldosa</li><li><strong>Familia:</strong> Eco Woods</li></ul><p><strong>Colores disponibles:</strong> Pearl, Maple, Oak.<br><strong>Formatos:</strong> 60x120.</p><p><strong>Espacios recomendados:</strong> Interior: salón, dormitorio, cocina y baño; efecto madera.</p><h3>Datos de embalaje</h3><table><thead><tr><th>Formato</th><th>Pz/caja</th><th>m²/caja</th><th>Kg/caja</th><th>Cajas/palet</th><th>m²/palet</th><th>Kg/palet</th></tr></thead><tbody><tr><td>60x120</td><td>2</td><td>1,44</td><td>28,62</td><td>36</td><td>51,84</td><td>1055,32</td></tr></tbody></table>",taxable,,1,,0,0,,0,,,Pavimentos y revestimientos > Eco Woods,,"https://raw.githubusercontent.com/kumen360/ESMALTO/main/catalogo/img/loire/esmalto-amb-loire.webp, https://raw.githubusercontent.com/kumen360/ESMALTO/main/catalogo/img/loire/esmalto-amb-loire-60x120.webp, https://raw.githubusercontent.com/kumen360/ESMALTO/main/catalogo/img/loire/esmalto-amb-loire-maple.webp, https://raw.githubusercontent.com/kumen360/ESMALTO/main/catalogo/img/loire/esmalto-amb-loire-maple-60x120.webp, https://raw.githubusercontent.com/kumen360/ESMALTO/main/catalogo/img/loire/esmalto-amb-loire-maple-bathroom.webp, https://raw.githubusercontent.com/kumen360/ESMALTO/main/catalogo/img/loire/esmalto-amb-loire-maple-kitchen.webp, https://raw.githubusercontent.com/kumen360/ESMALTO/main/catalogo/img/loire/esmalto-amb-loire-maple-living.webp, https://raw.githubusercontent.com/kumen360/ESMALTO/main/catalogo/img/loire/esmalto-amb-loire-oak-bedroom.webp, https://raw.githubusercontent.com/kumen360/ESMALTO/main/catalogo/img/loire/esmalto-amb-loire-oak-living.webp, https://raw.githubusercontent.com/kumen360/ESMALTO/main/catalogo/img/loire/esmalto-amb-loire-pearl-living.webp, https://raw.githubusercontent.com/kumen360/ESMALTO/main/catalogo/img/loire/esmalto-pz-loire-maple-60x120.webp, https://raw.githubusercontent.com/kumen360/ESMALTO/main/catalogo/img/loire/esmalto-pz-loire-oak-60x120.webp, https://raw.githubusercontent.com/kumen360/ESMALTO/main/catalogo/img/loire/esmalto-pz-loire-pearl-60x120.webp, https://raw.githubusercontent.com/kumen360/ESMALTO/main/catalogo/img/loire/caras/esmalto-pz-loire-caras-maple-60x120.webp, https://raw.githubusercontent.com/kumen360/ESMALTO/main/catalogo/img/loire/caras/esmalto-pz-loire-caras-oak-60x120.webp, https://raw.githubusercontent.com/kumen360/ESMALTO/main/catalogo/img/loire/caras/esmalto-pz-loire-caras-pearl-60x120.webp",,17,Color,"Pearl, Maple, Oak",1,1,Pearl,Formato,60x120,1,1,,Tipo de pieza,Baldosa,1,1,,Espesor,9 mm,1,1,,Acabado,Mate,1,1,,Material,Porcelánico,1,1,,Uso,"Pavimento, Revestimiento",1,1,,Familia,Eco Woods,1,1,,Estilo,Madera,1,1,,Tono,"Gris, Beige, Marrón",0,1,,Espacio,"Baño, Cocina, Salón, Dormitorio",1,1,,Ubicación,Interior,1,1,,Antideslizante,No,1,1,,Versión antideslizante,No,1,0,,,,,,,,,,,,"Interior: salón, dormitorio, cocina y baño; efecto madera",Eco Woods,Loire,Esmalto,Ecoceramic,fichas/esmalto-ficha-loire.pdf,Madera,Material: Porcelánico | Acabado: Mate | Uso: Pavimento y revestimiento | Espesor: 9 MM | Antideslizante: No | Versión antideslizante disponible: No | Tipo de pieza: Baldosa,Loire | Porcelánico Eco Woods | Esmalto,"Serie Loire en porcelánico, acabado mate. 3 colores y 1 formato.",,,,,,,,,,,,,,,,
,variation,ESM-LOIRE-MAPLE-60X120,Loire Maple 60x120,1,0,visible,,,taxable,parent,1,,0,0,28.62,0,,,,,https://raw.githubusercontent.com/kumen360/ESMALTO/main/catalogo/img/loire/esmalto-pz-loire-maple-60x120.webp,ESM-LOIRE,184,Color,Maple,1,1,,,,,,,,,,,,,,,,,,,,,,,,,,,,,,,,,,,,,,,,,,,,,,,,,,,,,,,,,,,,,,,,,,,,,,,,,,,,,,,,,,,,,,,1.44,28.62,2,36,51.84,1055.32,31,60x120,9 mm,Porcelánico,Mate,Pavimento y revestimiento,,No,No,
,variation,ESM-LOIRE-OAK-60X120,Loire Oak 60x120,1,0,visible,,,taxable,parent,1,,0,0,28.62,0,,,,,https://raw.githubusercontent.com/kumen360/ESMALTO/main/catalogo/img/loire/esmalto-pz-loire-oak-60x120.webp,ESM-LOIRE,185,Color,Oak,1,1,,,,,,,,,,,,,,,,,,,,,,,,,,,,,,,,,,,,,,,,,,,,,,,,,,,,,,,,,,,,,,,,,,,,,,,,,,,,,,,,,,,,,,,1.44,28.62,2,36,51.84,1055.32,31,60x120,9 mm,Porcelánico,Mate,Pavimento y revestimiento,,No,No,
,variation,ESM-LOIRE-PEARL-60X120,Loire Pearl 60x120,1,0,visible,,,taxable,parent,1,,0,0,28.62,0,,,,,https://raw.githubusercontent.com/kumen360/ESMALTO/main/catalogo/img/loire/esmalto-pz-loire-pearl-60x120.webp,ESM-LOIRE,186,Color,Pearl,1,1,,,,,,,,,,,,,,,,,,,,,,,,,,,,,,,,,,,,,,,,,,,,,,,,,,,,,,,,,,,,,,,,,,,,,,,,,,,,,,,,,,,,,,,1.44,28.62,2,36,51.84,1055.32,31,60x120,9 mm,Porcelánico,Mate,Pavimento y revestimiento,,No,No,
,variable,ESM-LUCCA,Lucca,0,0,visible,"Serie Lucca en porcelánico y pasta blanca, acabado mate. 4 colores y 3 formatos.","<p>Lucca combina suavidad, equilibrio y una inspiración natural. Su versión en pasta blanca para revestimiento, con relieves delicados, añade riqueza táctil y visual a paredes que buscan calidez y calma.</p><h3>Características técnicas</h3><ul><li><strong>Material:</strong> Porcelánico y Pasta blanca</li><li><strong>Acabado:</strong> Mate</li><li><strong>Uso:</strong> Revestimiento</li><li><strong>Espesor:</strong> 9 MM</li><li><strong>Rectificado:</strong> Sí</li><li><strong>Antideslizante:</strong> No</li><li><strong>Versión antideslizante:</strong> No</li><li><strong>Destonificación:</strong> V2 Suave</li><li><strong>Tipo de pieza:</strong> Baldosa y Relieve</li></ul><p><strong>Colores disponibles:</strong> Marfil, Taupe, Blanco, Perla.<br><strong>Formatos:</strong> 60x120, 100x100, 33.3x100.</p><p><strong>Espacios recomendados:</strong> Interior: salón, baño, cocina.</p>",taxable,,1,,0,0,,0,,,Pavimentos y revestimientos > Cerámica,,,,18,Color,"Marfil, Taupe, Blanco, Perla",1,1,Marfil,Formato,"60x120, 100x100, 33.3x100",1,1,60x120,Tipo de pieza,"Baldosa, Relieve",1,1,Baldosa,Espesor,9 mm,1,1,,Acabado,Mate,1,1,,Material,"Porcelánico, Pasta blanca",1,1,,Uso,Revestimiento,1,1,,Familia,Cerámica,1,1,,Estilo,Piedra,1,1,,Tono,"Beige, Marrón, Blanco, Gris",0,1,,Espacio,"Baño, Cocina, Salón",1,1,,Ubicación,Interior,1,1,,Antideslizante,No,1,1,,Rectificado,Sí,1,0,,Destonificación,V2 Suave,1,0,,Versión antideslizante,No,1,0,,"Interior: salón, baño, cocina",Cerámica,Lucca,Esmalto,Ecoceramic,,Piedra,Material: Porcelánico | Acabado: Mate | Uso: Revestimiento | Espesor: 9 MM | Rectificado: Sí | Antideslizante: No | Versión antideslizante disponible: No | Destonificación: V2 Suave | Tipo de pieza: Baldosa,Lucca | Porcelánico  | Esmalto,"Serie Lucca en porcelánico y pasta blanca, acabado mate. 4 colores y 3 formatos.",,,,,,,,,,,,,,,,
,variation,ESM-LUCCA-BLANCO-100X100,Lucca Blanco 100x100,1,0,visible,,,taxable,parent,1,,0,0,41.15,0,,,,,,ESM-LUCCA,187,Color,Blanco,1,1,,Formato,100x100,1,1,,Tipo de pieza,Baldosa,1,1,,,,,,,,,,,,,,,,,,,,,,,,,,,,,,,,,,,,,,,,,,,,,,,,,,,,,,,,,,,,,,,,,,,,,,,,,,,,,2,41.15,,,,,,100x100,9 mm,Porcelánico,Mate,Revestimiento,Sí,No,No,V2 Suave
,variation,ESM-LUCCA-MARFIL-100X100,Lucca Marfil 100x100,1,0,visible,,,taxable,parent,1,,0,0,41.15,0,,,,,,ESM-LUCCA,188,Color,Marfil,1,1,,Formato,100x100,1,1,,Tipo de pieza,Baldosa,1,1,,,,,,,,,,,,,,,,,,,,,,,,,,,,,,,,,,,,,,,,,,,,,,,,,,,,,,,,,,,,,,,,,,,,,,,,,,,,,2,41.15,,,,,,100x100,9 mm,Porcelánico,Mate,Revestimiento,Sí,No,No,V2 Suave
,variation,ESM-LUCCA-PERLA-100X100,Lucca Perla 100x100,1,0,visible,,,taxable,parent,1,,0,0,41.15,0,,,,,,ESM-LUCCA,189,Color,Perla,1,1,,Formato,100x100,1,1,,Tipo de pieza,Baldosa,1,1,,,,,,,,,,,,,,,,,,,,,,,,,,,,,,,,,,,,,,,,,,,,,,,,,,,,,,,,,,,,,,,,,,,,,,,,,,,,,2,41.15,,,,,,100x100,9 mm,Porcelánico,Mate,Revestimiento,Sí,No,No,V2 Suave
,variation,ESM-LUCCA-TAUPE-100X100,Lucca Taupe 100x100,1,0,visible,,,taxable,parent,1,,0,0,41.15,0,,,,,,ESM-LUCCA,190,Color,Taupe,1,1,,Formato,100x100,1,1,,Tipo de pieza,Baldosa,1,1,,,,,,,,,,,,,,,,,,,,,,,,,,,,,,,,,,,,,,,,,,,,,,,,,,,,,,,,,,,,,,,,,,,,,,,,,,,,,2,41.15,,,,,,100x100,9 mm,Porcelánico,Mate,Revestimiento,Sí,No,No,V2 Suave
,variation,ESM-LUCCA-BLANCO-333X100,Lucca Blanco 33.3x100,1,0,visible,,,taxable,parent,1,,0,0,25,0,,,,,,ESM-LUCCA,191,Color,Blanco,1,1,,Formato,33.3x100,1,1,,Tipo de pieza,Baldosa,1,1,,,,,,,,,,,,,,,,,,,,,,,,,,,,,,,,,,,,,,,,,,,,,,,,,,,,,,,,,,,,,,,,,,,,,,,,,,,,,2,25,,,,,,33.3x100,9 mm,Pasta blanca,Mate,Revestimiento,Sí,,,V2 Suave
,variation,ESM-LUCCA-MARFIL-333X100,Lucca Marfil 33.3x100,1,0,visible,,,taxable,parent,1,,0,0,25,0,,,,,,ESM-LUCCA,192,Color,Marfil,1,1,,Formato,33.3x100,1,1,,Tipo de pieza,Baldosa,1,1,,,,,,,,,,,,,,,,,,,,,,,,,,,,,,,,,,,,,,,,,,,,,,,,,,,,,,,,,,,,,,,,,,,,,,,,,,,,,2,25,,,,,,33.3x100,9 mm,Pasta blanca,Mate,Revestimiento,Sí,,,V2 Suave
,variation,ESM-LUCCA-PERLA-333X100,Lucca Perla 33.3x100,1,0,visible,,,taxable,parent,1,,0,0,25,0,,,,,,ESM-LUCCA,193,Color,Perla,1,1,,Formato,33.3x100,1,1,,Tipo de pieza,Baldosa,1,1,,,,,,,,,,,,,,,,,,,,,,,,,,,,,,,,,,,,,,,,,,,,,,,,,,,,,,,,,,,,,,,,,,,,,,,,,,,,,2,25,,,,,,33.3x100,9 mm,Pasta blanca,Mate,Revestimiento,Sí,,,V2 Suave
,variation,ESM-LUCCA-TAUPE-333X100,Lucca Taupe 33.3x100,1,0,visible,,,taxable,parent,1,,0,0,25,0,,,,,,ESM-LUCCA,194,Color,Taupe,1,1,,Formato,33.3x100,1,1,,Tipo de pieza,Baldosa,1,1,,,,,,,,,,,,,,,,,,,,,,,,,,,,,,,,,,,,,,,,,,,,,,,,,,,,,,,,,,,,,,,,,,,,,,,,,,,,,2,25,,,,,,33.3x100,9 mm,Pasta blanca,Mate,Revestimiento,Sí,,,V2 Suave
,variation,ESM-LUCCA-BLANCO-60X120,Lucca Blanco 60x120,1,0,visible,,,taxable,parent,1,,0,0,28.62,0,,,,,,ESM-LUCCA,195,Color,Blanco,1,1,,Formato,60x120,1,1,,Tipo de pieza,Baldosa,1,1,,,,,,,,,,,,,,,,,,,,,,,,,,,,,,,,,,,,,,,,,,,,,,,,,,,,,,,,,,,,,,,,,,,,,,,,,,,,,1.44,28.62,,,,,,60x120,9 mm,Porcelánico,Mate,Revestimiento,Sí,No,No,V2 Suave
,variation,ESM-LUCCA-MARFIL-60X120,Lucca Marfil 60x120,1,0,visible,,,taxable,parent,1,,0,0,28.62,0,,,,,,ESM-LUCCA,196,Color,Marfil,1,1,,Formato,60x120,1,1,,Tipo de pieza,Baldosa,1,1,,,,,,,,,,,,,,,,,,,,,,,,,,,,,,,,,,,,,,,,,,,,,,,,,,,,,,,,,,,,,,,,,,,,,,,,,,,,,1.44,28.62,,,,,,60x120,9 mm,Porcelánico,Mate,Revestimiento,Sí,No,No,V2 Suave
,variation,ESM-LUCCA-PERLA-60X120,Lucca Perla 60x120,1,0,visible,,,taxable,parent,1,,0,0,28.62,0,,,,,,ESM-LUCCA,197,Color,Perla,1,1,,Formato,60x120,1,1,,Tipo de pieza,Baldosa,1,1,,,,,,,,,,,,,,,,,,,,,,,,,,,,,,,,,,,,,,,,,,,,,,,,,,,,,,,,,,,,,,,,,,,,,,,,,,,,,1.44,28.62,,,,,,60x120,9 mm,Porcelánico,Mate,Revestimiento,Sí,No,No,V2 Suave
,variation,ESM-LUCCA-TAUPE-60X120,Lucca Taupe 60x120,1,0,visible,,,taxable,parent,1,,0,0,28.62,0,,,,,,ESM-LUCCA,198,Color,Taupe,1,1,,Formato,60x120,1,1,,Tipo de pieza,Baldosa,1,1,,,,,,,,,,,,,,,,,,,,,,,,,,,,,,,,,,,,,,,,,,,,,,,,,,,,,,,,,,,,,,,,,,,,,,,,,,,,,1.44,28.62,,,,,,60x120,9 mm,Porcelánico,Mate,Revestimiento,Sí,No,No,V2 Suave
,variation,ESM-LUCCA-BLANCO-333X100-RLV,Lucca Blanco 33.3x100 Relieve,1,0,visible,,,taxable,parent,1,,0,0,25,0,,,,,,ESM-LUCCA,199,Color,Blanco,1,1,,Formato,33.3x100,1,1,,Tipo de pieza,Relieve,1,1,,,,,,,,,,,,,,,,,,,,,,,,,,,,,,,,,,,,,,,,,,,,,,,,,,,,,,,,,,,,,,,,,,,,,,,,,,,,,2,25,,,,,,33.3x100,9 mm,Pasta blanca,Mate,Revestimiento,Sí,,,V2 Suave
,variation,ESM-LUCCA-MARFIL-333X100-RLV,Lucca Marfil 33.3x100 Relieve,1,0,visible,,,taxable,parent,1,,0,0,25,0,,,,,,ESM-LUCCA,200,Color,Marfil,1,1,,Formato,33.3x100,1,1,,Tipo de pieza,Relieve,1,1,,,,,,,,,,,,,,,,,,,,,,,,,,,,,,,,,,,,,,,,,,,,,,,,,,,,,,,,,,,,,,,,,,,,,,,,,,,,,2,25,,,,,,33.3x100,9 mm,Pasta blanca,Mate,Revestimiento,Sí,,,V2 Suave
,variation,ESM-LUCCA-PERLA-333X100-RLV,Lucca Perla 33.3x100 Relieve,1,0,visible,,,taxable,parent,1,,0,0,25,0,,,,,,ESM-LUCCA,201,Color,Perla,1,1,,Formato,33.3x100,1,1,,Tipo de pieza,Relieve,1,1,,,,,,,,,,,,,,,,,,,,,,,,,,,,,,,,,,,,,,,,,,,,,,,,,,,,,,,,,,,,,,,,,,,,,,,,,,,,,2,25,,,,,,33.3x100,9 mm,Pasta blanca,Mate,Revestimiento,Sí,,,V2 Suave
,variation,ESM-LUCCA-TAUPE-333X100-RLV,Lucca Taupe 33.3x100 Relieve,1,0,visible,,,taxable,parent,1,,0,0,25,0,,,,,,ESM-LUCCA,202,Color,Taupe,1,1,,Formato,33.3x100,1,1,,Tipo de pieza,Relieve,1,1,,,,,,,,,,,,,,,,,,,,,,,,,,,,,,,,,,,,,,,,,,,,,,,,,,,,,,,,,,,,,,,,,,,,,,,,,,,,,2,25,,,,,,33.3x100,9 mm,Pasta blanca,Mate,Revestimiento,Sí,,,V2 Suave
,variable,ESM-MANLEY,Manley,1,0,visible,"Serie Manley en porcelánico, acabado mate. 5 colores y 4 formatos.","<p>La serie <strong>Manley</strong> está fabricada en porcelánico con acabado mate. Se presenta en 5 colores y 4 formatos, con un total de 20 referencias.</p><h3>Características técnicas</h3><ul><li><strong>Material:</strong> Porcelánico</li><li><strong>Acabado:</strong> Mate</li><li><strong>Uso:</strong> Pavimento y revestimiento</li><li><strong>Espesor:</strong> 9 MM</li><li><strong>Antideslizante:</strong> No</li><li><strong>Versión antideslizante:</strong> No</li><li><strong>Tipo de pieza:</strong> Baldosa</li><li><strong>Familia:</strong> Porcelain</li></ul><p><strong>Colores disponibles:</strong> Blanco, Marfil, Perla, Gris, Negro.<br><strong>Formatos:</strong> 60x120, 45x90, 60x60, 30x60.</p><p><strong>Espacios recomendados:</strong> Interior y exterior: salón, cocina, baño, terraza y fachada.</p><h3>Datos de embalaje</h3><table><thead><tr><th>Formato</th><th>Pz/caja</th><th>m²/caja</th><th>Kg/caja</th><th>Cajas/palet</th><th>m²/palet</th><th>Kg/palet</th></tr></thead><tbody><tr><td>30x60</td><td>6</td><td>1,08</td><td>22,63</td><td>48</td><td>51,84</td><td>1086,24</td></tr><tr><td>45x90</td><td>3</td><td>1,21</td><td>25</td><td>55</td><td>66,55</td><td>1395</td></tr><tr><td>60x120</td><td>2</td><td>1,44</td><td>28,62</td><td>36</td><td>51,84</td><td>1055</td></tr><tr><td>60x60</td><td>4</td><td>1,44</td><td>29,75</td><td>30</td><td>43,20</td><td>892,5</td></tr></tbody></table>",taxable,,1,,0,0,,0,,,Pavimentos y revestimientos > Porcelain,,"https://raw.githubusercontent.com/kumen360/ESMALTO/main/catalogo/img/helsinki/esmalto-amb-helsinki-blanco-taupe-fachada.webp, https://raw.githubusercontent.com/kumen360/ESMALTO/main/catalogo/img/manley/esmalto-amb-manley-mix.webp, https://raw.githubusercontent.com/kumen360/ESMALTO/main/catalogo/img/manley/esmalto-amb-manley-negro-blanco.webp, https://raw.githubusercontent.com/kumen360/ESMALTO/main/catalogo/img/manley/esmalto-amb-manley-negro-marfil.webp, https://raw.githubusercontent.com/kumen360/ESMALTO/main/catalogo/img/manley/esmalto-amb-manley-perla-gris-60x120.webp, https://raw.githubusercontent.com/kumen360/ESMALTO/main/catalogo/img/manley/esmalto-pz-manley-blanco-30x60.webp, https://raw.githubusercontent.com/kumen360/ESMALTO/main/catalogo/img/manley/esmalto-pz-manley-blanco-60x60.webp, https://raw.githubusercontent.com/kumen360/ESMALTO/main/catalogo/img/manley/esmalto-pz-manley-gris-30x60.webp, https://raw.githubusercontent.com/kumen360/ESMALTO/main/catalogo/img/manley/esmalto-pz-manley-gris-60x60.webp, https://raw.githubusercontent.com/kumen360/ESMALTO/main/catalogo/img/manley/esmalto-pz-manley-marfil-30x60.webp, https://raw.githubusercontent.com/kumen360/ESMALTO/main/catalogo/img/manley/esmalto-pz-manley-marfil-60x60.webp, https://raw.githubusercontent.com/kumen360/ESMALTO/main/catalogo/img/manley/esmalto-pz-manley-negro-30x60.webp, https://raw.githubusercontent.com/kumen360/ESMALTO/main/catalogo/img/manley/esmalto-pz-manley-negro-60x60.webp, https://raw.githubusercontent.com/kumen360/ESMALTO/main/catalogo/img/manley/esmalto-pz-manley-perla-30x60.webp, https://raw.githubusercontent.com/kumen360/ESMALTO/main/catalogo/img/manley/esmalto-pz-manley-perla-60x60.webp",,19,Color,"Blanco, Marfil, Perla, Gris, Negro",1,1,Blanco,Formato,"60x120, 45x90, 60x60, 30x60",1,1,60x120,Tipo de pieza,Baldosa,1,1,,Espesor,9 mm,1,1,,Acabado,Mate,1,1,,Material,Porcelánico,1,1,,Uso,"Pavimento, Revestimiento",1,1,,Familia,Porcelain,1,1,,Estilo,Liso,1,1,,Tono,"Blanco, Beige, Gris, Negro",0,1,,Espacio,"Baño, Cocina, Salón, Terraza, Fachada",1,1,,Ubicación,"Interior, Exterior",1,1,,Antideslizante,No,1,1,,Versión antideslizante,No,1,0,,,,,,,,,,,,"Interior y exterior: salón, cocina, baño, terraza y fachada",Porcelain,Manley,Esmalto,Ecoceramic,fichas/esmalto-ficha-manley.pdf,Liso,Material: Porcelánico | Acabado: Mate | Uso: Pavimento y revestimiento | Espesor: 9 MM | Antideslizante: No | Versión antideslizante disponible: No | Tipo de pieza: Baldosa,Manley | Porcelánico Porcelain | Esmalto,"Serie Manley en porcelánico, acabado mate. 5 colores y 4 formatos.",,,,,,,,,,,,,,,,
,variation,ESM-MANLEY-BLANCO-30X60,Manley Blanco 30x60,1,0,visible,,,taxable,parent,1,,0,0,22.63,0,,,,,https://raw.githubusercontent.com/kumen360/ESMALTO/main/catalogo/img/manley/esmalto-pz-manley-blanco-30x60.webp,ESM-MANLEY,203,Color,Blanco,1,1,,Formato,30x60,1,1,,,,,,,,,,,,,,,,,,,,,,,,,,,,,,,,,,,,,,,,,,,,,,,,,,,,,,,,,,,,,,,,,,,,,,,,,,,,,,,,,,1.08,22.63,6,48,51.84,1086.24,1,30x60,9 mm,Porcelánico,Mate,Pavimento y revestimiento,,No,No,
,variation,ESM-MANLEY-GRIS-30X60,Manley Gris 30x60,1,0,visible,,,taxable,parent,1,,0,0,22.63,0,,,,,https://raw.githubusercontent.com/kumen360/ESMALTO/main/catalogo/img/manley/esmalto-pz-manley-gris-30x60.webp,ESM-MANLEY,204,Color,Gris,1,1,,Formato,30x60,1,1,,,,,,,,,,,,,,,,,,,,,,,,,,,,,,,,,,,,,,,,,,,,,,,,,,,,,,,,,,,,,,,,,,,,,,,,,,,,,,,,,,1.08,22.63,6,48,51.84,1086.24,1,30x60,9 mm,Porcelánico,Mate,Pavimento y revestimiento,,No,No,
,variation,ESM-MANLEY-MARFIL-30X60,Manley Marfil 30x60,1,0,visible,,,taxable,parent,1,,0,0,22.63,0,,,,,https://raw.githubusercontent.com/kumen360/ESMALTO/main/catalogo/img/manley/esmalto-pz-manley-marfil-30x60.webp,ESM-MANLEY,205,Color,Marfil,1,1,,Formato,30x60,1,1,,,,,,,,,,,,,,,,,,,,,,,,,,,,,,,,,,,,,,,,,,,,,,,,,,,,,,,,,,,,,,,,,,,,,,,,,,,,,,,,,,1.08,22.63,6,48,51.84,1086.24,1,30x60,9 mm,Porcelánico,Mate,Pavimento y revestimiento,,No,No,
,variation,ESM-MANLEY-NEGRO-30X60,Manley Negro 30x60,1,0,visible,,,taxable,parent,1,,0,0,22.63,0,,,,,https://raw.githubusercontent.com/kumen360/ESMALTO/main/catalogo/img/manley/esmalto-pz-manley-negro-30x60.webp,ESM-MANLEY,206,Color,Negro,1,1,,Formato,30x60,1,1,,,,,,,,,,,,,,,,,,,,,,,,,,,,,,,,,,,,,,,,,,,,,,,,,,,,,,,,,,,,,,,,,,,,,,,,,,,,,,,,,,1.08,22.63,6,48,51.84,1086.24,1,30x60,9 mm,Porcelánico,Mate,Pavimento y revestimiento,,No,No,
,variation,ESM-MANLEY-PERLA-30X60,Manley Perla 30x60,1,0,visible,,,taxable,parent,1,,0,0,22.63,0,,,,,https://raw.githubusercontent.com/kumen360/ESMALTO/main/catalogo/img/manley/esmalto-pz-manley-perla-30x60.webp,ESM-MANLEY,207,Color,Perla,1,1,,Formato,30x60,1,1,,,,,,,,,,,,,,,,,,,,,,,,,,,,,,,,,,,,,,,,,,,,,,,,,,,,,,,,,,,,,,,,,,,,,,,,,,,,,,,,,,1.08,22.63,6,48,51.84,1086.24,1,30x60,9 mm,Porcelánico,Mate,Pavimento y revestimiento,,No,No,
,variation,ESM-MANLEY-BLANCO-45X90,Manley Blanco 45x90,1,0,visible,,,taxable,parent,1,,0,0,25,0,,,,,https://raw.githubusercontent.com/kumen360/ESMALTO/main/catalogo/img/manley/esmalto-pz-manley-blanco-30x60.webp,ESM-MANLEY,208,Color,Blanco,1,1,,Formato,45x90,1,1,,,,,,,,,,,,,,,,,,,,,,,,,,,,,,,,,,,,,,,,,,,,,,,,,,,,,,,,,,,,,,,,,,,,,,,,,,,,,,,,,,1.21,25,3,55,66.55,1395,1,45x90,9 mm,Porcelánico,Mate,Pavimento y revestimiento,,No,No,
,variation,ESM-MANLEY-GRIS-45X90,Manley Gris 45x90,1,0,visible,,,taxable,parent,1,,0,0,25,0,,,,,https://raw.githubusercontent.com/kumen360/ESMALTO/main/catalogo/img/manley/esmalto-pz-manley-gris-30x60.webp,ESM-MANLEY,209,Color,Gris,1,1,,Formato,45x90,1,1,,,,,,,,,,,,,,,,,,,,,,,,,,,,,,,,,,,,,,,,,,,,,,,,,,,,,,,,,,,,,,,,,,,,,,,,,,,,,,,,,,1.21,25,3,55,66.55,1395,1,45x90,9 mm,Porcelánico,Mate,Pavimento y revestimiento,,No,No,
,variation,ESM-MANLEY-MARFIL-45X90,Manley Marfil 45x90,1,0,visible,,,taxable,parent,1,,0,0,25,0,,,,,https://raw.githubusercontent.com/kumen360/ESMALTO/main/catalogo/img/manley/esmalto-pz-manley-marfil-30x60.webp,ESM-MANLEY,210,Color,Marfil,1,1,,Formato,45x90,1,1,,,,,,,,,,,,,,,,,,,,,,,,,,,,,,,,,,,,,,,,,,,,,,,,,,,,,,,,,,,,,,,,,,,,,,,,,,,,,,,,,,1.21,25,3,55,66.55,1395,1,45x90,9 mm,Porcelánico,Mate,Pavimento y revestimiento,,No,No,
,variation,ESM-MANLEY-NEGRO-45X90,Manley Negro 45x90,1,0,visible,,,taxable,parent,1,,0,0,25,0,,,,,https://raw.githubusercontent.com/kumen360/ESMALTO/main/catalogo/img/manley/esmalto-pz-manley-negro-30x60.webp,ESM-MANLEY,211,Color,Negro,1,1,,Formato,45x90,1,1,,,,,,,,,,,,,,,,,,,,,,,,,,,,,,,,,,,,,,,,,,,,,,,,,,,,,,,,,,,,,,,,,,,,,,,,,,,,,,,,,,1.21,25,3,55,66.55,1395,1,45x90,9 mm,Porcelánico,Mate,Pavimento y revestimiento,,No,No,
,variation,ESM-MANLEY-PERLA-45X90,Manley Perla 45x90,1,0,visible,,,taxable,parent,1,,0,0,25,0,,,,,https://raw.githubusercontent.com/kumen360/ESMALTO/main/catalogo/img/manley/esmalto-pz-manley-perla-30x60.webp,ESM-MANLEY,212,Color,Perla,1,1,,Formato,45x90,1,1,,,,,,,,,,,,,,,,,,,,,,,,,,,,,,,,,,,,,,,,,,,,,,,,,,,,,,,,,,,,,,,,,,,,,,,,,,,,,,,,,,1.21,25,3,55,66.55,1395,1,45x90,9 mm,Porcelánico,Mate,Pavimento y revestimiento,,No,No,
,variation,ESM-MANLEY-BLANCO-60X120,Manley Blanco 60x120,1,0,visible,,,taxable,parent,1,,0,0,28.62,0,,,,,https://raw.githubusercontent.com/kumen360/ESMALTO/main/catalogo/img/manley/esmalto-pz-manley-blanco-30x60.webp,ESM-MANLEY,213,Color,Blanco,1,1,,Formato,60x120,1,1,,,,,,,,,,,,,,,,,,,,,,,,,,,,,,,,,,,,,,,,,,,,,,,,,,,,,,,,,,,,,,,,,,,,,,,,,,,,,,,,,,1.44,28.62,2,36,51.84,1055,1,60x120,9 mm,Porcelánico,Mate,Pavimento y revestimiento,,No,No,
,variation,ESM-MANLEY-GRIS-60X120,Manley Gris 60x120,1,0,visible,,,taxable,parent,1,,0,0,28.62,0,,,,,https://raw.githubusercontent.com/kumen360/ESMALTO/main/catalogo/img/manley/esmalto-pz-manley-gris-30x60.webp,ESM-MANLEY,214,Color,Gris,1,1,,Formato,60x120,1,1,,,,,,,,,,,,,,,,,,,,,,,,,,,,,,,,,,,,,,,,,,,,,,,,,,,,,,,,,,,,,,,,,,,,,,,,,,,,,,,,,,1.44,28.62,2,36,51.84,1055,1,60x120,9 mm,Porcelánico,Mate,Pavimento y revestimiento,,No,No,
,variation,ESM-MANLEY-MARFIL-60X120,Manley Marfil 60x120,1,0,visible,,,taxable,parent,1,,0,0,28.62,0,,,,,https://raw.githubusercontent.com/kumen360/ESMALTO/main/catalogo/img/manley/esmalto-pz-manley-marfil-30x60.webp,ESM-MANLEY,215,Color,Marfil,1,1,,Formato,60x120,1,1,,,,,,,,,,,,,,,,,,,,,,,,,,,,,,,,,,,,,,,,,,,,,,,,,,,,,,,,,,,,,,,,,,,,,,,,,,,,,,,,,,1.44,28.62,2,36,51.84,1055,1,60x120,9 mm,Porcelánico,Mate,Pavimento y revestimiento,,No,No,
,variation,ESM-MANLEY-NEGRO-60X120,Manley Negro 60x120,1,0,visible,,,taxable,parent,1,,0,0,28.62,0,,,,,https://raw.githubusercontent.com/kumen360/ESMALTO/main/catalogo/img/manley/esmalto-pz-manley-negro-30x60.webp,ESM-MANLEY,216,Color,Negro,1,1,,Formato,60x120,1,1,,,,,,,,,,,,,,,,,,,,,,,,,,,,,,,,,,,,,,,,,,,,,,,,,,,,,,,,,,,,,,,,,,,,,,,,,,,,,,,,,,1.44,28.62,2,36,51.84,1055,1,60x120,9 mm,Porcelánico,Mate,Pavimento y revestimiento,,No,No,
,variation,ESM-MANLEY-PERLA-60X120,Manley Perla 60x120,1,0,visible,,,taxable,parent,1,,0,0,28.62,0,,,,,https://raw.githubusercontent.com/kumen360/ESMALTO/main/catalogo/img/manley/esmalto-pz-manley-perla-30x60.webp,ESM-MANLEY,217,Color,Perla,1,1,,Formato,60x120,1,1,,,,,,,,,,,,,,,,,,,,,,,,,,,,,,,,,,,,,,,,,,,,,,,,,,,,,,,,,,,,,,,,,,,,,,,,,,,,,,,,,,1.44,28.62,2,36,51.84,1055,1,60x120,9 mm,Porcelánico,Mate,Pavimento y revestimiento,,No,No,
,variation,ESM-MANLEY-BLANCO-60X60,Manley Blanco 60x60,1,0,visible,,,taxable,parent,1,,0,0,30,0,,,,,https://raw.githubusercontent.com/kumen360/ESMALTO/main/catalogo/img/manley/esmalto-pz-manley-blanco-60x60.webp,ESM-MANLEY,218,Color,Blanco,1,1,,Formato,60x60,1,1,,,,,,,,,,,,,,,,,,,,,,,,,,,,,,,,,,,,,,,,,,,,,,,,,,,,,,,,,,,,,,,,,,,,,,,,,,,,,,,,,,1.44,30,4,30,43.20,892.5,1,60x60,9 mm,Porcelánico,Mate,Pavimento y revestimiento,,No,No,
,variation,ESM-MANLEY-GRIS-60X60,Manley Gris 60x60,1,0,visible,,,taxable,parent,1,,0,0,30,0,,,,,https://raw.githubusercontent.com/kumen360/ESMALTO/main/catalogo/img/manley/esmalto-pz-manley-gris-60x60.webp,ESM-MANLEY,219,Color,Gris,1,1,,Formato,60x60,1,1,,,,,,,,,,,,,,,,,,,,,,,,,,,,,,,,,,,,,,,,,,,,,,,,,,,,,,,,,,,,,,,,,,,,,,,,,,,,,,,,,,1.44,30,4,30,43.20,892.5,1,60x60,9 mm,Porcelánico,Mate,Pavimento y revestimiento,,No,No,
,variation,ESM-MANLEY-MARFIL-60X60,Manley Marfil 60x60,1,0,visible,,,taxable,parent,1,,0,0,30,0,,,,,https://raw.githubusercontent.com/kumen360/ESMALTO/main/catalogo/img/manley/esmalto-pz-manley-marfil-60x60.webp,ESM-MANLEY,220,Color,Marfil,1,1,,Formato,60x60,1,1,,,,,,,,,,,,,,,,,,,,,,,,,,,,,,,,,,,,,,,,,,,,,,,,,,,,,,,,,,,,,,,,,,,,,,,,,,,,,,,,,,1.44,30,4,30,43.20,892.5,1,60x60,9 mm,Porcelánico,Mate,Pavimento y revestimiento,,No,No,
,variation,ESM-MANLEY-NEGRO-60X60,Manley Negro 60x60,1,0,visible,,,taxable,parent,1,,0,0,30,0,,,,,https://raw.githubusercontent.com/kumen360/ESMALTO/main/catalogo/img/manley/esmalto-pz-manley-negro-60x60.webp,ESM-MANLEY,221,Color,Negro,1,1,,Formato,60x60,1,1,,,,,,,,,,,,,,,,,,,,,,,,,,,,,,,,,,,,,,,,,,,,,,,,,,,,,,,,,,,,,,,,,,,,,,,,,,,,,,,,,,1.44,30,4,30,43.20,892.5,1,60x60,9 mm,Porcelánico,Mate,Pavimento y revestimiento,,No,No,
,variation,ESM-MANLEY-PERLA-60X60,Manley Perla 60x60,1,0,visible,,,taxable,parent,1,,0,0,30,0,,,,,https://raw.githubusercontent.com/kumen360/ESMALTO/main/catalogo/img/manley/esmalto-pz-manley-perla-60x60.webp,ESM-MANLEY,222,Color,Perla,1,1,,Formato,60x60,1,1,,,,,,,,,,,,,,,,,,,,,,,,,,,,,,,,,,,,,,,,,,,,,,,,,,,,,,,,,,,,,,,,,,,,,,,,,,,,,,,,,,1.44,30,4,30,43.20,892.5,1,60x60,9 mm,Porcelánico,Mate,Pavimento y revestimiento,,No,No,
,variable,ESM-NIARA,Niara,1,0,visible,"Serie Niara en porcelánico, acabado mate. 4 colores y 1 formato.","<p>La serie <strong>Niara</strong> está fabricada en porcelánico con acabado mate. Se presenta en 4 colores y 1 formato, con un total de 4 referencias.</p><h3>Características técnicas</h3><ul><li><strong>Material:</strong> Porcelánico</li><li><strong>Acabado:</strong> Mate</li><li><strong>Uso:</strong> Pavimento y revestimiento</li><li><strong>Espesor:</strong> 9 MM</li><li><strong>Antideslizante:</strong> No</li><li><strong>Versión antideslizante:</strong> No</li><li><strong>Tipo de pieza:</strong> Baldosa</li><li><strong>Familia:</strong> Eco Woods</li></ul><p><strong>Colores disponibles:</strong> Blanco, Haya, Natural, Nut.<br><strong>Formatos:</strong> 23x120.</p><p><strong>Espacios recomendados:</strong> Interior: salón, dormitorio, cocina y baño; efecto madera.</p><h3>Datos de embalaje</h3><table><thead><tr><th>Formato</th><th>Pz/caja</th><th>m²/caja</th><th>Kg/caja</th><th>Cajas/palet</th><th>m²/palet</th><th>Kg/palet</th></tr></thead><tbody><tr><td>23x120</td><td>5</td><td>1,38</td><td>26,20</td><td>48</td><td>66,24</td><td>1286,60</td></tr></tbody></table>",taxable,,1,,0,0,,0,,,Pavimentos y revestimientos > Eco Woods,,"https://raw.githubusercontent.com/kumen360/ESMALTO/main/catalogo/img/niara/esmalto-amb-niara-blanco-detalle.webp, https://raw.githubusercontent.com/kumen360/ESMALTO/main/catalogo/img/niara/esmalto-amb-niara-haya.webp, https://raw.githubusercontent.com/kumen360/ESMALTO/main/catalogo/img/niara/esmalto-amb-niara-natural.webp, https://raw.githubusercontent.com/kumen360/ESMALTO/main/catalogo/img/niara/esmalto-amb-niara-nut.webp, https://raw.githubusercontent.com/kumen360/ESMALTO/main/catalogo/img/niara/esmalto-pz-niara-blanco-23x120.webp, https://raw.githubusercontent.com/kumen360/ESMALTO/main/catalogo/img/niara/esmalto-pz-niara-haya-23x120.webp, https://raw.githubusercontent.com/kumen360/ESMALTO/main/catalogo/img/niara/esmalto-pz-niara-natural-23x120.webp, https://raw.githubusercontent.com/kumen360/ESMALTO/main/catalogo/img/niara/esmalto-pz-niara-nut-23x120.webp",,20,Color,"Blanco, Haya, Natural, Nut",1,1,Blanco,Formato,23x120,1,1,,Tipo de pieza,Baldosa,1,1,,Espesor,9 mm,1,1,,Acabado,Mate,1,1,,Material,Porcelánico,1,1,,Uso,"Pavimento, Revestimiento",1,1,,Familia,Eco Woods,1,1,,Estilo,Madera,1,1,,Tono,"Blanco, Marrón",0,1,,Espacio,"Baño, Cocina, Salón, Dormitorio",1,1,,Ubicación,Interior,1,1,,Antideslizante,No,1,1,,Versión antideslizante,No,1,0,,,,,,,,,,,,"Interior: salón, dormitorio, cocina y baño; efecto madera",Eco Woods,Niara,Esmalto,Ecoceramic,fichas/esmalto-ficha-niara.pdf,Madera,Material: Porcelánico | Acabado: Mate | Uso: Pavimento y revestimiento | Espesor: 9 MM | Antideslizante: No | Versión antideslizante disponible: No | Tipo de pieza: Baldosa,Niara | Porcelánico Eco Woods | Esmalto,"Serie Niara en porcelánico, acabado mate. 4 colores y 1 formato.",,,,,,,,,,,,,,,,
,variation,ESM-NIARA-BLANCO-23X120,Niara Blanco 23x120,1,0,visible,,,taxable,parent,1,,0,0,26.2,0,,,,,https://raw.githubusercontent.com/kumen360/ESMALTO/main/catalogo/img/niara/esmalto-pz-niara-blanco-23x120.webp,ESM-NIARA,223,Color,Blanco,1,1,,,,,,,,,,,,,,,,,,,,,,,,,,,,,,,,,,,,,,,,,,,,,,,,,,,,,,,,,,,,,,,,,,,,,,,,,,,,,,,,,,,,,,,1.38,26.2,5,48,66.24,1286.60,31,23x120,9 mm,Porcelánico,Mate,Pavimento y revestimiento,,No,No,
,variation,ESM-NIARA-HAYA-23X120,Niara Haya 23x120,1,0,visible,,,taxable,parent,1,,0,0,26.2,0,,,,,https://raw.githubusercontent.com/kumen360/ESMALTO/main/catalogo/img/niara/esmalto-pz-niara-haya-23x120.webp,ESM-NIARA,224,Color,Haya,1,1,,,,,,,,,,,,,,,,,,,,,,,,,,,,,,,,,,,,,,,,,,,,,,,,,,,,,,,,,,,,,,,,,,,,,,,,,,,,,,,,,,,,,,,1.38,26.2,5,48,66.24,1286.60,31,23x120,9 mm,Porcelánico,Mate,Pavimento y revestimiento,,No,No,
,variation,ESM-NIARA-NATURAL-23X120,Niara Natural 23x120,1,0,visible,,,taxable,parent,1,,0,0,26.2,0,,,,,https://raw.githubusercontent.com/kumen360/ESMALTO/main/catalogo/img/niara/esmalto-pz-niara-natural-23x120.webp,ESM-NIARA,225,Color,Natural,1,1,,,,,,,,,,,,,,,,,,,,,,,,,,,,,,,,,,,,,,,,,,,,,,,,,,,,,,,,,,,,,,,,,,,,,,,,,,,,,,,,,,,,,,,1.38,26.2,5,48,66.24,1286.60,31,23x120,9 mm,Porcelánico,Mate,Pavimento y revestimiento,,No,No,
,variation,ESM-NIARA-NUT-23X120,Niara Nut 23x120,1,0,visible,,,taxable,parent,1,,0,0,26.2,0,,,,,https://raw.githubusercontent.com/kumen360/ESMALTO/main/catalogo/img/niara/esmalto-pz-niara-nut-23x120.webp,ESM-NIARA,226,Color,Nut,1,1,,,,,,,,,,,,,,,,,,,,,,,,,,,,,,,,,,,,,,,,,,,,,,,,,,,,,,,,,,,,,,,,,,,,,,,,,,,,,,,,,,,,,,,1.38,26.2,5,48,66.24,1286.60,31,23x120,9 mm,Porcelánico,Mate,Pavimento y revestimiento,,No,No,
,variable,ESM-NIVALA,Nivala,1,0,visible,"Serie Nivala en porcelánico, acabado mate. 3 colores y 1 formato.","<p>La serie <strong>Nivala</strong> está fabricada en porcelánico con acabado mate. Se presenta en 3 colores y 1 formato, con un total de 3 referencias.</p><h3>Características técnicas</h3><ul><li><strong>Material:</strong> Porcelánico</li><li><strong>Acabado:</strong> Mate</li><li><strong>Uso:</strong> Pavimento y revestimiento</li><li><strong>Espesor:</strong> 9 MM</li><li><strong>Antideslizante:</strong> No</li><li><strong>Versión antideslizante:</strong> Sí</li><li><strong>Tipo de pieza:</strong> Baldosa</li><li><strong>Familia:</strong> Eco Woods</li></ul><p><strong>Colores disponibles:</strong> Haya, Natural, Taupe.<br><strong>Formatos:</strong> 20x120.</p><p><strong>Espacios recomendados:</strong> Interior: salón, dormitorio, cocina y baño; efecto madera.</p><h3>Datos de embalaje</h3><table><thead><tr><th>Formato</th><th>Pz/caja</th><th>m²/caja</th><th>Kg/caja</th><th>Cajas/palet</th><th>m²/palet</th><th>Kg/palet</th></tr></thead><tbody><tr><td>20x120</td><td>7</td><td>1,68</td><td>32</td><td>44</td><td>73,92</td><td>1437</td></tr></tbody></table>",taxable,,1,,0,0,,0,,,Pavimentos y revestimientos > Eco Woods,,"https://raw.githubusercontent.com/kumen360/ESMALTO/main/catalogo/img/nivala/esmalto-amb-nivala-haya-20x120.webp, https://raw.githubusercontent.com/kumen360/ESMALTO/main/catalogo/img/nivala/esmalto-amb-nivala-natural-20x120.webp, https://raw.githubusercontent.com/kumen360/ESMALTO/main/catalogo/img/nivala/esmalto-amb-nivala-natural-20x120-detalle.webp, https://raw.githubusercontent.com/kumen360/ESMALTO/main/catalogo/img/nivala/esmalto-pz-nivala-haya-20x120.webp, https://raw.githubusercontent.com/kumen360/ESMALTO/main/catalogo/img/nivala/esmalto-pz-nivala-natural-20x120.webp, https://raw.githubusercontent.com/kumen360/ESMALTO/main/catalogo/img/nivala/esmalto-pz-nivala-taupe-20x120.webp",,21,Color,"Haya, Natural, Taupe",1,1,Haya,Formato,20x120,1,1,,Tipo de pieza,Baldosa,1,1,,Espesor,9 mm,1,1,,Acabado,Mate,1,1,,Material,Porcelánico,1,1,,Uso,"Pavimento, Revestimiento",1,1,,Familia,Eco Woods,1,1,,Estilo,Madera,1,1,,Tono,Marrón,0,1,,Espacio,"Baño, Cocina, Salón, Dormitorio",1,1,,Ubicación,Interior,1,1,,Antideslizante,No,1,1,,Versión antideslizante,Sí,1,0,,,,,,,,,,,,"Interior: salón, dormitorio, cocina y baño; efecto madera",Eco Woods,Nivala,Esmalto,Ecoceramic,fichas/esmalto-ficha-nivala.pdf,Madera,Material: Porcelánico | Acabado: Mate | Uso: Pavimento y revestimiento | Espesor: 9 MM | Antideslizante: No | Versión antideslizante disponible: Sí | Tipo de pieza: Baldosa,Nivala | Porcelánico Eco Woods | Esmalto,"Serie Nivala en porcelánico, acabado mate. 3 colores y 1 formato.",,,,,,,,,,,,,,,,
,variation,ESM-NIVALA-HAYA-20X120,Nivala Haya 20x120,1,0,visible,,,taxable,parent,1,,0,0,32,0,,,,,https://raw.githubusercontent.com/kumen360/ESMALTO/main/catalogo/img/nivala/esmalto-pz-nivala-haya-20x120.webp,ESM-NIVALA,227,Color,Haya,1,1,,,,,,,,,,,,,,,,,,,,,,,,,,,,,,,,,,,,,,,,,,,,,,,,,,,,,,,,,,,,,,,,,,,,,,,,,,,,,,,,,,,,,,,1.68,32,7,44,73.92,1437,21,20x120,9 mm,Porcelánico,Mate,Pavimento y revestimiento,,No,Sí,
,variation,ESM-NIVALA-NATURAL-20X120,Nivala Natural 20x120,1,0,visible,,,taxable,parent,1,,0,0,32,0,,,,,https://raw.githubusercontent.com/kumen360/ESMALTO/main/catalogo/img/nivala/esmalto-pz-nivala-natural-20x120.webp,ESM-NIVALA,228,Color,Natural,1,1,,,,,,,,,,,,,,,,,,,,,,,,,,,,,,,,,,,,,,,,,,,,,,,,,,,,,,,,,,,,,,,,,,,,,,,,,,,,,,,,,,,,,,,1.68,32,7,44,73.92,1437,21,20x120,9 mm,Porcelánico,Mate,Pavimento y revestimiento,,No,Sí,
,variation,ESM-NIVALA-TAUPE-20X120,Nivala Taupe 20x120,1,0,visible,,,taxable,parent,1,,0,0,32,0,,,,,https://raw.githubusercontent.com/kumen360/ESMALTO/main/catalogo/img/nivala/esmalto-pz-nivala-taupe-20x120.webp,ESM-NIVALA,229,Color,Taupe,1,1,,,,,,,,,,,,,,,,,,,,,,,,,,,,,,,,,,,,,,,,,,,,,,,,,,,,,,,,,,,,,,,,,,,,,,,,,,,,,,,,,,,,,,,1.68,32,7,44,73.92,1437,21,20x120,9 mm,Porcelánico,Mate,Pavimento y revestimiento,,No,Sí,
,variable,ESM-NORWAY,Norway,1,0,visible,"Serie Norway en porcelánico, acabado mate. 3 colores y 2 formatos.","<p>La serie <strong>Norway</strong> está fabricada en porcelánico con acabado mate. Se presenta en 3 colores y 2 formatos, con un total de 6 referencias.</p><h3>Características técnicas</h3><ul><li><strong>Material:</strong> Porcelánico</li><li><strong>Acabado:</strong> Mate</li><li><strong>Uso:</strong> Pavimento y revestimiento</li><li><strong>Espesor:</strong> 9 MM</li><li><strong>Antideslizante:</strong> No</li><li><strong>Versión antideslizante:</strong> No</li><li><strong>Tipo de pieza:</strong> Baldosa</li><li><strong>Familia:</strong> Eco Woods</li></ul><p><strong>Colores disponibles:</strong> Maple, Straw, Taupe.<br><strong>Formatos:</strong> 20x120, 60x120.</p><p><strong>Espacios recomendados:</strong> Interior: salón, dormitorio, cocina y baño; efecto madera.</p><h3>Datos de embalaje</h3><table><thead><tr><th>Formato</th><th>Pz/caja</th><th>m²/caja</th><th>Kg/caja</th><th>Cajas/palet</th><th>m²/palet</th><th>Kg/palet</th></tr></thead><tbody><tr><td>20x120</td><td>7</td><td>1,68</td><td>32</td><td>44</td><td>73,92</td><td>1437</td></tr></tbody></table>",taxable,,1,,0,0,,0,,,Pavimentos y revestimientos > Eco Woods,,"https://raw.githubusercontent.com/kumen360/ESMALTO/main/catalogo/img/norway/esmalto-amb-norway-60x120-20x120-outdoor.webp, https://raw.githubusercontent.com/kumen360/ESMALTO/main/catalogo/img/norway/esmalto-amb-norway-maple-20x120.webp, https://raw.githubusercontent.com/kumen360/ESMALTO/main/catalogo/img/norway/esmalto-amb-norway-peldano-romo-30x120.webp, https://raw.githubusercontent.com/kumen360/ESMALTO/main/catalogo/img/norway/esmalto-amb-norway-peldano-romo-30x120-detalle.webp, https://raw.githubusercontent.com/kumen360/ESMALTO/main/catalogo/img/norway/esmalto-amb-norway-rlv-straw-20x120-60x120.webp, https://raw.githubusercontent.com/kumen360/ESMALTO/main/catalogo/img/norway/esmalto-amb-norway-rlv-straw-20x120-60x120-v2.webp, https://raw.githubusercontent.com/kumen360/ESMALTO/main/catalogo/img/norway/esmalto-amb-norway-rlv-straw-20x120-60x120-v3.webp, https://raw.githubusercontent.com/kumen360/ESMALTO/main/catalogo/img/norway/esmalto-amb-norway-rlv-straw-60x120-20x120-02.webp, https://raw.githubusercontent.com/kumen360/ESMALTO/main/catalogo/img/norway/esmalto-amb-norway-rlv-taupe-60x120-20x120-02.webp, https://raw.githubusercontent.com/kumen360/ESMALTO/main/catalogo/img/norway/esmalto-amb-norway-straw-20x120-60x120.webp, https://raw.githubusercontent.com/kumen360/ESMALTO/main/catalogo/img/norway/esmalto-pz-norway-ceniza-20x120.webp, https://raw.githubusercontent.com/kumen360/ESMALTO/main/catalogo/img/norway/esmalto-pz-norway-gris-20x120.webp, https://raw.githubusercontent.com/kumen360/ESMALTO/main/catalogo/img/norway/esmalto-pz-norway-maple-20x120.webp, https://raw.githubusercontent.com/kumen360/ESMALTO/main/catalogo/img/norway/esmalto-pz-norway-rlv-ceniza-60x120.webp, https://raw.githubusercontent.com/kumen360/ESMALTO/main/catalogo/img/norway/esmalto-pz-norway-rlv-gris-60x120.webp, https://raw.githubusercontent.com/kumen360/ESMALTO/main/catalogo/img/norway/esmalto-pz-norway-rlv-maple-60x120.webp, https://raw.githubusercontent.com/kumen360/ESMALTO/main/catalogo/img/norway/esmalto-pz-norway-rlv-straw-60x120.webp, https://raw.githubusercontent.com/kumen360/ESMALTO/main/catalogo/img/norway/esmalto-pz-norway-rlv-taupe-60x120.webp, https://raw.githubusercontent.com/kumen360/ESMALTO/main/catalogo/img/norway/esmalto-pz-norway-straw-20x120.webp, https://raw.githubusercontent.com/kumen360/ESMALTO/main/catalogo/img/norway/esmalto-pz-norway-taupe-20x120.webp",,22,Color,"Maple, Straw, Taupe",1,1,Maple,Formato,"20x120, 60x120",1,1,20x120,Tipo de pieza,Baldosa,1,1,,Espesor,9 mm,1,1,,Acabado,Mate,1,1,,Material,Porcelánico,1,1,,Uso,"Pavimento, Revestimiento",1,1,,Familia,Eco Woods,1,1,,Estilo,Madera,1,1,,Tono,"Beige, Marrón",0,1,,Espacio,"Baño, Cocina, Salón, Dormitorio",1,1,,Ubicación,Interior,1,1,,Antideslizante,No,1,1,,Versión antideslizante,No,1,0,,,,,,,,,,,,"Interior: salón, dormitorio, cocina y baño; efecto madera",Eco Woods,Norway,Esmalto,Ecoceramic,fichas/esmalto-ficha-norway.pdf,Madera,Material: Porcelánico | Acabado: Mate | Uso: Pavimento y revestimiento | Espesor: 9 MM | Antideslizante: No | Versión antideslizante disponible: No | Tipo de pieza: Baldosa,Norway | Porcelánico Eco Woods | Esmalto,"Serie Norway en porcelánico, acabado mate. 3 colores y 2 formatos.",,,,,,,,,,,,,,,,
,variation,ESM-NORWAY-MAPLE-20X120,Norway Maple 20x120,1,0,visible,,,taxable,parent,1,,0,0,32,0,,,,,https://raw.githubusercontent.com/kumen360/ESMALTO/main/catalogo/img/norway/esmalto-pz-norway-maple-20x120.webp,ESM-NORWAY,230,Color,Maple,1,1,,Formato,20x120,1,1,,,,,,,,,,,,,,,,,,,,,,,,,,,,,,,,,,,,,,,,,,,,,,,,,,,,,,,,,,,,,,,,,,,,,,,,,,,,,,,,,,1.68,32,7,44,73.92,1437,24,20x120,9 mm,Porcelánico,Mate,Pavimento y revestimiento,,No,No,
,variation,ESM-NORWAY-STRAW-20X120,Norway Straw 20x120,1,0,visible,,,taxable,parent,1,,0,0,32,0,,,,,https://raw.githubusercontent.com/kumen360/ESMALTO/main/catalogo/img/norway/esmalto-pz-norway-straw-20x120.webp,ESM-NORWAY,231,Color,Straw,1,1,,Formato,20x120,1,1,,,,,,,,,,,,,,,,,,,,,,,,,,,,,,,,,,,,,,,,,,,,,,,,,,,,,,,,,,,,,,,,,,,,,,,,,,,,,,,,,,1.68,32,7,44,73.92,1437,24,20x120,9 mm,Porcelánico,Mate,Pavimento y revestimiento,,No,No,
,variation,ESM-NORWAY-TAUPE-20X120,Norway Taupe 20x120,1,0,visible,,,taxable,parent,1,,0,0,32,0,,,,,https://raw.githubusercontent.com/kumen360/ESMALTO/main/catalogo/img/norway/esmalto-pz-norway-taupe-20x120.webp,ESM-NORWAY,232,Color,Taupe,1,1,,Formato,20x120,1,1,,,,,,,,,,,,,,,,,,,,,,,,,,,,,,,,,,,,,,,,,,,,,,,,,,,,,,,,,,,,,,,,,,,,,,,,,,,,,,,,,,1.68,32,7,44,73.92,1437,24,20x120,9 mm,Porcelánico,Mate,Pavimento y revestimiento,,No,No,
,variation,ESM-NORWAY-MAPLE-60X120,Norway Maple 60x120,1,0,visible,,,taxable,parent,1,,0,0,28.62,0,,,,,https://raw.githubusercontent.com/kumen360/ESMALTO/main/catalogo/img/norway/esmalto-pz-norway-maple-20x120.webp,ESM-NORWAY,233,Color,Maple,1,1,,Formato,60x120,1,1,,,,,,,,,,,,,,,,,,,,,,,,,,,,,,,,,,,,,,,,,,,,,,,,,,,,,,,,,,,,,,,,,,,,,,,,,,,,,,,,,,1.44,28.62,,,,,,60x120,9 mm,Porcelánico,Mate,Pavimento y revestimiento,,No,No,
,variation,ESM-NORWAY-STRAW-60X120,Norway Straw 60x120,1,0,visible,,,taxable,parent,1,,0,0,28.62,0,,,,,https://raw.githubusercontent.com/kumen360/ESMALTO/main/catalogo/img/norway/esmalto-pz-norway-straw-20x120.webp,ESM-NORWAY,234,Color,Straw,1,1,,Formato,60x120,1,1,,,,,,,,,,,,,,,,,,,,,,,,,,,,,,,,,,,,,,,,,,,,,,,,,,,,,,,,,,,,,,,,,,,,,,,,,,,,,,,,,,1.44,28.62,,,,,,60x120,9 mm,Porcelánico,Mate,Pavimento y revestimiento,,No,No,
,variation,ESM-NORWAY-TAUPE-60X120,Norway Taupe 60x120,1,0,visible,,,taxable,parent,1,,0,0,28.62,0,,,,,https://raw.githubusercontent.com/kumen360/ESMALTO/main/catalogo/img/norway/esmalto-pz-norway-taupe-20x120.webp,ESM-NORWAY,235,Color,Taupe,1,1,,Formato,60x120,1,1,,,,,,,,,,,,,,,,,,,,,,,,,,,,,,,,,,,,,,,,,,,,,,,,,,,,,,,,,,,,,,,,,,,,,,,,,,,,,,,,,,1.44,28.62,,,,,,60x120,9 mm,Porcelánico,Mate,Pavimento y revestimiento,,No,No,
,variable,ESM-PINOSO,Pinoso,1,0,visible,"Serie Pinoso en porcelánico, acabado mate. 2 colores y 2 formatos.","<p>Pinoso es un mármol suave y cremoso, pensado para crear espacios luminosos y equilibrados. Su diseño se completa con un relieve en forma de brick, sobrio y bien proporcionado, que aporta ritmo al plano vertical.</p><h3>Características técnicas</h3><ul><li><strong>Material:</strong> Porcelánico</li><li><strong>Acabado:</strong> Mate</li><li><strong>Uso:</strong> Pavimento</li><li><strong>Espesor:</strong> 9 MM</li><li><strong>Rectificado:</strong> Sí</li><li><strong>Antideslizante:</strong> No</li><li><strong>Versión antideslizante:</strong> No</li><li><strong>Destonificación:</strong> V2 Cremoso suave</li><li><strong>Tipo de pieza:</strong> Baldosa y Relieve</li><li><strong>Familia:</strong> Porce Plus</li></ul><p><strong>Colores disponibles:</strong> Natural, Light.<br><strong>Formatos:</strong> 100x100, 60x120.</p><p><strong>Espacios recomendados:</strong> Interior: salón, baño, cocina.</p><h3>Datos de embalaje</h3><table><thead><tr><th>Formato</th><th>Pz/caja</th><th>m²/caja</th><th>Kg/caja</th><th>Cajas/palet</th><th>m²/palet</th><th>Kg/palet</th></tr></thead><tbody><tr><td>100x100</td><td>2</td><td>2</td><td>41,15</td><td>27</td><td>54</td><td>1133,05</td></tr><tr><td>60x120</td><td>2</td><td>1,44</td><td>28,62</td><td>36</td><td>51,84</td><td>1055,32</td></tr></tbody></table>",taxable,,1,,0,0,,0,,,Pavimentos y revestimientos > Porce Plus,,"https://raw.githubusercontent.com/kumen360/ESMALTO/main/catalogo/img/pinoso/esmalto-amb-pinoso-natural-60x120-living.webp, https://raw.githubusercontent.com/kumen360/ESMALTO/main/catalogo/img/pinoso/esmalto-amb-pinoso-rlv-light-60x120-detalle.webp, https://raw.githubusercontent.com/kumen360/ESMALTO/main/catalogo/img/pinoso/esmalto-pz-pinoso-light-100x100.webp, https://raw.githubusercontent.com/kumen360/ESMALTO/main/catalogo/img/pinoso/esmalto-pz-pinoso-light-60x120.webp, https://raw.githubusercontent.com/kumen360/ESMALTO/main/catalogo/img/pinoso/esmalto-pz-pinoso-natural-100x100.webp, https://raw.githubusercontent.com/kumen360/ESMALTO/main/catalogo/img/pinoso/esmalto-pz-pinoso-natural-60x120.webp, https://raw.githubusercontent.com/kumen360/ESMALTO/main/catalogo/img/pinoso/esmalto-pz-pinoso-rlv-light-60x120.webp, https://raw.githubusercontent.com/kumen360/ESMALTO/main/catalogo/img/pinoso/esmalto-pz-pinoso-rlv-natural-60x120.webp",,23,Color,"Natural, Light",1,1,Natural,Formato,"100x100, 60x120",1,1,100x100,Tipo de pieza,"Baldosa, Relieve",1,1,Baldosa,Espesor,9 mm,1,1,,Acabado,Mate,1,1,,Material,Porcelánico,1,1,,Uso,Pavimento,1,1,,Familia,Porce Plus,1,1,,Estilo,Mármol,1,1,,Tono,Beige,0,1,,Espacio,"Baño, Cocina, Salón",1,1,,Ubicación,Interior,1,1,,Antideslizante,No,1,1,,Rectificado,Sí,1,0,,Destonificación,V2 Cremoso suave,1,0,,Versión antideslizante,No,1,0,,"Interior: salón, baño, cocina",Porce Plus,Pinoso,Esmalto,Ecoceramic,fichas/esmalto-ficha-pinoso.pdf,Mármol,Material: Porcelánico | Acabado: Mate | Uso: Pavimento | Espesor: 9 MM | Rectificado: Sí | Antideslizante: No | Versión antideslizante disponible: No | Destonificación: V2 Cremoso suave | Tipo de pieza: Baldosa,Pinoso | Porcelánico Porce Plus | Esmalto,"Serie Pinoso en porcelánico, acabado mate. 2 colores y 2 formatos.",,,,,,,,,,,,,,,,
,variation,ESM-PINOSO-LIGHT-100X100,Pinoso Light 100x100,1,0,visible,,,taxable,parent,1,,0,0,41.15,0,,,,,https://raw.githubusercontent.com/kumen360/ESMALTO/main/catalogo/img/pinoso/esmalto-pz-pinoso-light-100x100.webp,ESM-PINOSO,236,Color,Light,1,1,,Formato,100x100,1,1,,Tipo de pieza,Baldosa,1,1,,,,,,,,,,,,,,,,,,,,,,,,,,,,,,,,,,,,,,,,,,,,,,,,,,,,,,,,,,,,,,,,,,,,,,,,,,,,,2,41.15,2,27,54,1133.05,7,100x100,9 mm,Porcelánico,Mate,Pavimento,Sí,No,No,V2 Cremoso suave
,variation,ESM-PINOSO-NATURAL-100X100,Pinoso Natural 100x100,1,0,visible,,,taxable,parent,1,,0,0,41.15,0,,,,,https://raw.githubusercontent.com/kumen360/ESMALTO/main/catalogo/img/pinoso/esmalto-pz-pinoso-natural-100x100.webp,ESM-PINOSO,237,Color,Natural,1,1,,Formato,100x100,1,1,,Tipo de pieza,Baldosa,1,1,,,,,,,,,,,,,,,,,,,,,,,,,,,,,,,,,,,,,,,,,,,,,,,,,,,,,,,,,,,,,,,,,,,,,,,,,,,,,2,41.15,2,27,54,1133.05,7,100x100,9 mm,Porcelánico,Mate,Pavimento,Sí,No,No,V2 Cremoso suave
,variation,ESM-PINOSO-LIGHT-60X120,Pinoso Light 60x120,1,0,visible,,,taxable,parent,1,,0,0,28.62,0,,,,,https://raw.githubusercontent.com/kumen360/ESMALTO/main/catalogo/img/pinoso/esmalto-pz-pinoso-light-60x120.webp,ESM-PINOSO,238,Color,Light,1,1,,Formato,60x120,1,1,,Tipo de pieza,Baldosa,1,1,,,,,,,,,,,,,,,,,,,,,,,,,,,,,,,,,,,,,,,,,,,,,,,,,,,,,,,,,,,,,,,,,,,,,,,,,,,,,1.44,28.62,2,36,51.84,1055.32,14,60x120,9 mm,Porcelánico,Mate,Pavimento,Sí,No,No,V2 Cremoso suave
,variation,ESM-PINOSO-NATURAL-60X120,Pinoso Natural 60x120,1,0,visible,,,taxable,parent,1,,0,0,28.62,0,,,,,https://raw.githubusercontent.com/kumen360/ESMALTO/main/catalogo/img/pinoso/esmalto-pz-pinoso-natural-60x120.webp,ESM-PINOSO,239,Color,Natural,1,1,,Formato,60x120,1,1,,Tipo de pieza,Baldosa,1,1,,,,,,,,,,,,,,,,,,,,,,,,,,,,,,,,,,,,,,,,,,,,,,,,,,,,,,,,,,,,,,,,,,,,,,,,,,,,,1.44,28.62,2,36,51.84,1055.32,14,60x120,9 mm,Porcelánico,Mate,Pavimento,Sí,No,No,V2 Cremoso suave
,variation,ESM-PINOSO-LIGHT-60X120-RLV,Pinoso Light 60x120 Relieve,1,0,visible,,,taxable,parent,1,,0,0,28.62,0,,,,,https://raw.githubusercontent.com/kumen360/ESMALTO/main/catalogo/img/pinoso/esmalto-pz-pinoso-light-60x120.webp,ESM-PINOSO,240,Color,Light,1,1,,Formato,60x120,1,1,,Tipo de pieza,Relieve,1,1,,,,,,,,,,,,,,,,,,,,,,,,,,,,,,,,,,,,,,,,,,,,,,,,,,,,,,,,,,,,,,,,,,,,,,,,,,,,,1.44,28.62,2,36,51.84,1055.32,14,60x120,9 mm,Porcelánico,Mate,Pavimento,Sí,No,No,V2 Cremoso suave
,variation,ESM-PINOSO-NATURAL-60X120-RLV,Pinoso Natural 60x120 Relieve,1,0,visible,,,taxable,parent,1,,0,0,28.62,0,,,,,https://raw.githubusercontent.com/kumen360/ESMALTO/main/catalogo/img/pinoso/esmalto-pz-pinoso-natural-60x120.webp,ESM-PINOSO,241,Color,Natural,1,1,,Formato,60x120,1,1,,Tipo de pieza,Relieve,1,1,,,,,,,,,,,,,,,,,,,,,,,,,,,,,,,,,,,,,,,,,,,,,,,,,,,,,,,,,,,,,,,,,,,,,,,,,,,,,1.44,28.62,2,36,51.84,1055.32,14,60x120,9 mm,Porcelánico,Mate,Pavimento,Sí,No,No,V2 Cremoso suave
,variable,ESM-SAN-FRANCISCO,San Francisco,1,0,visible,"Serie San Francisco en porcelánico, acabado mate. 5 colores y 3 formatos.","<p>La serie <strong>San Francisco</strong> está fabricada en porcelánico con acabado mate. Se presenta en 5 colores y 3 formatos, con un total de 15 referencias.</p><h3>Características técnicas</h3><ul><li><strong>Material:</strong> Porcelánico</li><li><strong>Acabado:</strong> Mate</li><li><strong>Uso:</strong> Pavimento y revestimiento</li><li><strong>Espesor:</strong> 9 MM</li><li><strong>Antideslizante:</strong> No</li><li><strong>Versión antideslizante:</strong> No</li><li><strong>Tipo de pieza:</strong> Baldosa</li><li><strong>Familia:</strong> Porcelain</li></ul><p><strong>Colores disponibles:</strong> White, Grey, Graphite, Black, Aquamarine.<br><strong>Formatos:</strong> 60x120, 60x60, 30x60.</p><p><strong>Espacios recomendados:</strong> Interior y exterior: salón, cocina, baño, terraza y fachada.</p><h3>Datos de embalaje</h3><table><thead><tr><th>Formato</th><th>Pz/caja</th><th>m²/caja</th><th>Kg/caja</th><th>Cajas/palet</th><th>m²/palet</th><th>Kg/palet</th></tr></thead><tbody><tr><td>30x60</td><td>6</td><td>1,08</td><td>22,63</td><td>48</td><td>51,84</td><td>1106,40</td></tr><tr><td>60x120</td><td>2</td><td>1,44</td><td>34,25</td><td>32</td><td>46,08</td><td>1121</td></tr><tr><td>60x60</td><td>4</td><td>1,44</td><td>29,75</td><td>30</td><td>43,20</td><td>912,50</td></tr></tbody></table>",taxable,,1,,0,0,,0,,,Pavimentos y revestimientos > Porcelain,,"https://raw.githubusercontent.com/kumen360/ESMALTO/main/catalogo/img/san-francisco/esmalto-amb-san-francisco-aquamarine-60x120.webp, https://raw.githubusercontent.com/kumen360/ESMALTO/main/catalogo/img/san-francisco/esmalto-amb-san-francisco-grey-60x120.webp, https://raw.githubusercontent.com/kumen360/ESMALTO/main/catalogo/img/san-francisco/esmalto-amb-san-francisco-grey-60x120-cafeteria.webp, https://raw.githubusercontent.com/kumen360/ESMALTO/main/catalogo/img/san-francisco/esmalto-amb-san-francisco-grey-graphite-30x60-60x60.webp, https://raw.githubusercontent.com/kumen360/ESMALTO/main/catalogo/img/san-francisco/esmalto-amb-san-francisco-grey-graphite-30x60-60x60-v2.webp, https://raw.githubusercontent.com/kumen360/ESMALTO/main/catalogo/img/san-francisco/esmalto-amb-san-francisco-outdoor.webp, https://raw.githubusercontent.com/kumen360/ESMALTO/main/catalogo/img/san-francisco/esmalto-amb-san-francisco-outdoor-v2.webp, https://raw.githubusercontent.com/kumen360/ESMALTO/main/catalogo/img/ambrossia/esmalto-amb-san-francisco-white-aquamarine-60x120-120x120.webp, https://raw.githubusercontent.com/kumen360/ESMALTO/main/catalogo/img/san-francisco/esmalto-pz-san-francisco-aquamarine-30x60.webp, https://raw.githubusercontent.com/kumen360/ESMALTO/main/catalogo/img/san-francisco/esmalto-pz-san-francisco-aquamarine-60x120.webp, https://raw.githubusercontent.com/kumen360/ESMALTO/main/catalogo/img/san-francisco/esmalto-pz-san-francisco-aquamarine-60x60.webp, https://raw.githubusercontent.com/kumen360/ESMALTO/main/catalogo/img/san-francisco/esmalto-pz-san-francisco-black-30x60.webp, https://raw.githubusercontent.com/kumen360/ESMALTO/main/catalogo/img/san-francisco/esmalto-pz-san-francisco-black-60x120.webp, https://raw.githubusercontent.com/kumen360/ESMALTO/main/catalogo/img/san-francisco/esmalto-pz-san-francisco-black-60x60.webp, https://raw.githubusercontent.com/kumen360/ESMALTO/main/catalogo/img/san-francisco/esmalto-pz-san-francisco-graphite-30x60.webp, https://raw.githubusercontent.com/kumen360/ESMALTO/main/catalogo/img/san-francisco/esmalto-pz-san-francisco-graphite-60x120.webp, https://raw.githubusercontent.com/kumen360/ESMALTO/main/catalogo/img/san-francisco/esmalto-pz-san-francisco-graphite-60x60.webp, https://raw.githubusercontent.com/kumen360/ESMALTO/main/catalogo/img/san-francisco/esmalto-pz-san-francisco-grey-30x60.webp, https://raw.githubusercontent.com/kumen360/ESMALTO/main/catalogo/img/san-francisco/esmalto-pz-san-francisco-grey-60x120.webp, https://raw.githubusercontent.com/kumen360/ESMALTO/main/catalogo/img/san-francisco/esmalto-pz-san-francisco-grey-60x60.webp, https://raw.githubusercontent.com/kumen360/ESMALTO/main/catalogo/img/san-francisco/esmalto-pz-san-francisco-white-30x60.webp, https://raw.githubusercontent.com/kumen360/ESMALTO/main/catalogo/img/san-francisco/esmalto-pz-san-francisco-white-60x120.webp, https://raw.githubusercontent.com/kumen360/ESMALTO/main/catalogo/img/san-francisco/esmalto-pz-san-francisco-white-60x60.webp",,24,Color,"White, Grey, Graphite, Black, Aquamarine",1,1,White,Formato,"60x120, 60x60, 30x60",1,1,60x120,Tipo de pieza,Baldosa,1,1,,Espesor,9 mm,1,1,,Acabado,Mate,1,1,,Material,Porcelánico,1,1,,Uso,"Pavimento, Revestimiento",1,1,,Familia,Porcelain,1,1,,Estilo,Cemento,1,1,,Tono,"Blanco, Gris, Negro, Verde",0,1,,Espacio,"Baño, Cocina, Salón, Terraza, Fachada",1,1,,Ubicación,"Interior, Exterior",1,1,,Antideslizante,No,1,1,,Versión antideslizante,No,1,0,,,,,,,,,,,,"Interior y exterior: salón, cocina, baño, terraza y fachada",Porcelain,San Francisco,Esmalto,Ecoceramic,fichas/esmalto-ficha-san-francisco.pdf,Cemento,Material: Porcelánico | Acabado: Mate | Uso: Pavimento y revestimiento | Espesor: 9 MM | Antideslizante: No | Versión antideslizante disponible: No | Tipo de pieza: Baldosa,San Francisco | Porcelánico Porcelain | Esmalto,"Serie San Francisco en porcelánico, acabado mate. 5 colores y 3 formatos.",,,,,,,,,,,,,,,,
,variation,ESM-SAN-FRANCISCO-AQUAMARINE-30X60,San Francisco Aquamarine 30x60,1,0,visible,,,taxable,parent,1,,0,0,22.63,0,,,,,https://raw.githubusercontent.com/kumen360/ESMALTO/main/catalogo/img/san-francisco/esmalto-pz-san-francisco-aquamarine-30x60.webp,ESM-SAN-FRANCISCO,242,Color,Aquamarine,1,1,,Formato,30x60,1,1,,,,,,,,,,,,,,,,,,,,,,,,,,,,,,,,,,,,,,,,,,,,,,,,,,,,,,,,,,,,,,,,,,,,,,,,,,,,,,,,,,1.08,22.63,6,48,51.84,1106.40,28,30x60,9 mm,Porcelánico,Mate,Pavimento y revestimiento,,No,No,
,variation,ESM-SAN-FRANCISCO-BLACK-30X60,San Francisco Black 30x60,1,0,visible,,,taxable,parent,1,,0,0,22.63,0,,,,,https://raw.githubusercontent.com/kumen360/ESMALTO/main/catalogo/img/san-francisco/esmalto-pz-san-francisco-black-30x60.webp,ESM-SAN-FRANCISCO,243,Color,Black,1,1,,Formato,30x60,1,1,,,,,,,,,,,,,,,,,,,,,,,,,,,,,,,,,,,,,,,,,,,,,,,,,,,,,,,,,,,,,,,,,,,,,,,,,,,,,,,,,,1.08,22.63,6,48,51.84,1106.40,28,30x60,9 mm,Porcelánico,Mate,Pavimento y revestimiento,,No,No,
,variation,ESM-SAN-FRANCISCO-GRAPHITE-30X60,San Francisco Graphite 30x60,1,0,visible,,,taxable,parent,1,,0,0,22.63,0,,,,,https://raw.githubusercontent.com/kumen360/ESMALTO/main/catalogo/img/san-francisco/esmalto-pz-san-francisco-graphite-30x60.webp,ESM-SAN-FRANCISCO,244,Color,Graphite,1,1,,Formato,30x60,1,1,,,,,,,,,,,,,,,,,,,,,,,,,,,,,,,,,,,,,,,,,,,,,,,,,,,,,,,,,,,,,,,,,,,,,,,,,,,,,,,,,,1.08,22.63,6,48,51.84,1106.40,28,30x60,9 mm,Porcelánico,Mate,Pavimento y revestimiento,,No,No,
,variation,ESM-SAN-FRANCISCO-GREY-30X60,San Francisco Grey 30x60,1,0,visible,,,taxable,parent,1,,0,0,22.63,0,,,,,https://raw.githubusercontent.com/kumen360/ESMALTO/main/catalogo/img/san-francisco/esmalto-pz-san-francisco-grey-30x60.webp,ESM-SAN-FRANCISCO,245,Color,Grey,1,1,,Formato,30x60,1,1,,,,,,,,,,,,,,,,,,,,,,,,,,,,,,,,,,,,,,,,,,,,,,,,,,,,,,,,,,,,,,,,,,,,,,,,,,,,,,,,,,1.08,22.63,6,48,51.84,1106.40,28,30x60,9 mm,Porcelánico,Mate,Pavimento y revestimiento,,No,No,
,variation,ESM-SAN-FRANCISCO-WHITE-30X60,San Francisco White 30x60,1,0,visible,,,taxable,parent,1,,0,0,22.63,0,,,,,https://raw.githubusercontent.com/kumen360/ESMALTO/main/catalogo/img/san-francisco/esmalto-pz-san-francisco-white-30x60.webp,ESM-SAN-FRANCISCO,246,Color,White,1,1,,Formato,30x60,1,1,,,,,,,,,,,,,,,,,,,,,,,,,,,,,,,,,,,,,,,,,,,,,,,,,,,,,,,,,,,,,,,,,,,,,,,,,,,,,,,,,,1.08,22.63,6,48,51.84,1106.40,28,30x60,9 mm,Porcelánico,Mate,Pavimento y revestimiento,,No,No,
,variation,ESM-SAN-FRANCISCO-AQUAMARINE-60X120,San Francisco Aquamarine 60x120,1,0,visible,,,taxable,parent,1,,0,0,34.25,0,,,,,https://raw.githubusercontent.com/kumen360/ESMALTO/main/catalogo/img/san-francisco/esmalto-pz-san-francisco-aquamarine-60x120.webp,ESM-SAN-FRANCISCO,247,Color,Aquamarine,1,1,,Formato,60x120,1,1,,,,,,,,,,,,,,,,,,,,,,,,,,,,,,,,,,,,,,,,,,,,,,,,,,,,,,,,,,,,,,,,,,,,,,,,,,,,,,,,,,1.44,34.25,2,32,46.08,1121,7,60x120,9 mm,Porcelánico,Mate,Pavimento y revestimiento,,No,No,
,variation,ESM-SAN-FRANCISCO-BLACK-60X120,San Francisco Black 60x120,1,0,visible,,,taxable,parent,1,,0,0,34.25,0,,,,,https://raw.githubusercontent.com/kumen360/ESMALTO/main/catalogo/img/san-francisco/esmalto-pz-san-francisco-black-60x120.webp,ESM-SAN-FRANCISCO,248,Color,Black,1,1,,Formato,60x120,1,1,,,,,,,,,,,,,,,,,,,,,,,,,,,,,,,,,,,,,,,,,,,,,,,,,,,,,,,,,,,,,,,,,,,,,,,,,,,,,,,,,,1.44,34.25,2,32,46.08,1121,7,60x120,9 mm,Porcelánico,Mate,Pavimento y revestimiento,,No,No,
,variation,ESM-SAN-FRANCISCO-GRAPHITE-60X120,San Francisco Graphite 60x120,1,0,visible,,,taxable,parent,1,,0,0,34.25,0,,,,,https://raw.githubusercontent.com/kumen360/ESMALTO/main/catalogo/img/san-francisco/esmalto-pz-san-francisco-graphite-60x120.webp,ESM-SAN-FRANCISCO,249,Color,Graphite,1,1,,Formato,60x120,1,1,,,,,,,,,,,,,,,,,,,,,,,,,,,,,,,,,,,,,,,,,,,,,,,,,,,,,,,,,,,,,,,,,,,,,,,,,,,,,,,,,,1.44,34.25,2,32,46.08,1121,7,60x120,9 mm,Porcelánico,Mate,Pavimento y revestimiento,,No,No,
,variation,ESM-SAN-FRANCISCO-GREY-60X120,San Francisco Grey 60x120,1,0,visible,,,taxable,parent,1,,0,0,34.25,0,,,,,https://raw.githubusercontent.com/kumen360/ESMALTO/main/catalogo/img/san-francisco/esmalto-pz-san-francisco-grey-60x120.webp,ESM-SAN-FRANCISCO,250,Color,Grey,1,1,,Formato,60x120,1,1,,,,,,,,,,,,,,,,,,,,,,,,,,,,,,,,,,,,,,,,,,,,,,,,,,,,,,,,,,,,,,,,,,,,,,,,,,,,,,,,,,1.44,34.25,2,32,46.08,1121,7,60x120,9 mm,Porcelánico,Mate,Pavimento y revestimiento,,No,No,
,variation,ESM-SAN-FRANCISCO-WHITE-60X120,San Francisco White 60x120,1,0,visible,,,taxable,parent,1,,0,0,34.25,0,,,,,https://raw.githubusercontent.com/kumen360/ESMALTO/main/catalogo/img/san-francisco/esmalto-pz-san-francisco-white-60x120.webp,ESM-SAN-FRANCISCO,251,Color,White,1,1,,Formato,60x120,1,1,,,,,,,,,,,,,,,,,,,,,,,,,,,,,,,,,,,,,,,,,,,,,,,,,,,,,,,,,,,,,,,,,,,,,,,,,,,,,,,,,,1.44,34.25,2,32,46.08,1121,7,60x120,9 mm,Porcelánico,Mate,Pavimento y revestimiento,,No,No,
,variation,ESM-SAN-FRANCISCO-AQUAMARINE-60X60,San Francisco Aquamarine 60x60,1,0,visible,,,taxable,parent,1,,0,0,30,0,,,,,https://raw.githubusercontent.com/kumen360/ESMALTO/main/catalogo/img/san-francisco/esmalto-pz-san-francisco-aquamarine-60x60.webp,ESM-SAN-FRANCISCO,252,Color,Aquamarine,1,1,,Formato,60x60,1,1,,,,,,,,,,,,,,,,,,,,,,,,,,,,,,,,,,,,,,,,,,,,,,,,,,,,,,,,,,,,,,,,,,,,,,,,,,,,,,,,,,1.44,30,4,30,43.20,912.50,14,60x60,9 mm,Porcelánico,Mate,Pavimento y revestimiento,,No,No,
,variation,ESM-SAN-FRANCISCO-BLACK-60X60,San Francisco Black 60x60,1,0,visible,,,taxable,parent,1,,0,0,30,0,,,,,https://raw.githubusercontent.com/kumen360/ESMALTO/main/catalogo/img/san-francisco/esmalto-pz-san-francisco-black-60x60.webp,ESM-SAN-FRANCISCO,253,Color,Black,1,1,,Formato,60x60,1,1,,,,,,,,,,,,,,,,,,,,,,,,,,,,,,,,,,,,,,,,,,,,,,,,,,,,,,,,,,,,,,,,,,,,,,,,,,,,,,,,,,1.44,30,4,30,43.20,912.50,14,60x60,9 mm,Porcelánico,Mate,Pavimento y revestimiento,,No,No,
,variation,ESM-SAN-FRANCISCO-GRAPHITE-60X60,San Francisco Graphite 60x60,1,0,visible,,,taxable,parent,1,,0,0,30,0,,,,,https://raw.githubusercontent.com/kumen360/ESMALTO/main/catalogo/img/san-francisco/esmalto-pz-san-francisco-graphite-60x60.webp,ESM-SAN-FRANCISCO,254,Color,Graphite,1,1,,Formato,60x60,1,1,,,,,,,,,,,,,,,,,,,,,,,,,,,,,,,,,,,,,,,,,,,,,,,,,,,,,,,,,,,,,,,,,,,,,,,,,,,,,,,,,,1.44,30,4,30,43.20,912.50,14,60x60,9 mm,Porcelánico,Mate,Pavimento y revestimiento,,No,No,
,variation,ESM-SAN-FRANCISCO-GREY-60X60,San Francisco Grey 60x60,1,0,visible,,,taxable,parent,1,,0,0,30,0,,,,,https://raw.githubusercontent.com/kumen360/ESMALTO/main/catalogo/img/san-francisco/esmalto-pz-san-francisco-grey-60x60.webp,ESM-SAN-FRANCISCO,255,Color,Grey,1,1,,Formato,60x60,1,1,,,,,,,,,,,,,,,,,,,,,,,,,,,,,,,,,,,,,,,,,,,,,,,,,,,,,,,,,,,,,,,,,,,,,,,,,,,,,,,,,,1.44,30,4,30,43.20,912.50,14,60x60,9 mm,Porcelánico,Mate,Pavimento y revestimiento,,No,No,
,variation,ESM-SAN-FRANCISCO-WHITE-60X60,San Francisco White 60x60,1,0,visible,,,taxable,parent,1,,0,0,30,0,,,,,https://raw.githubusercontent.com/kumen360/ESMALTO/main/catalogo/img/san-francisco/esmalto-pz-san-francisco-white-60x60.webp,ESM-SAN-FRANCISCO,256,Color,White,1,1,,Formato,60x60,1,1,,,,,,,,,,,,,,,,,,,,,,,,,,,,,,,,,,,,,,,,,,,,,,,,,,,,,,,,,,,,,,,,,,,,,,,,,,,,,,,,,,1.44,30,4,30,43.20,912.50,14,60x60,9 mm,Porcelánico,Mate,Pavimento y revestimiento,,No,No,
,variable,ESM-SIENA,Siena,1,0,visible,"Serie Siena en porcelánico, acabado mate. 2 colores y 4 formatos.","<p>La serie <strong>Siena</strong> está fabricada en porcelánico con acabado mate. Se presenta en 2 colores y 4 formatos, con un total de 8 referencias.</p><h3>Características técnicas</h3><ul><li><strong>Material:</strong> Porcelánico</li><li><strong>Acabado:</strong> Mate</li><li><strong>Uso:</strong> Pavimento y revestimiento</li><li><strong>Espesor:</strong> 9 MM</li><li><strong>Antideslizante:</strong> No</li><li><strong>Versión antideslizante:</strong> No</li><li><strong>Tipo de pieza:</strong> Baldosa</li><li><strong>Familia:</strong> Porce Plus</li></ul><p><strong>Colores disponibles:</strong> Blanco, Crema.<br><strong>Formatos:</strong> 120x120, 90x90, 60x60, 60x120.</p><p><strong>Espacios recomendados:</strong> Interior: salón, cocina, baño y dormitorio; formatos grandes.</p><h3>Datos de embalaje</h3><table><thead><tr><th>Formato</th><th>Pz/caja</th><th>m²/caja</th><th>Kg/caja</th><th>Cajas/palet</th><th>m²/palet</th><th>Kg/palet</th></tr></thead><tbody><tr><td>120x120</td><td>1</td><td>1,44</td><td>34,36</td><td>36</td><td>51,84</td><td>1276,96</td></tr><tr><td>60x120</td><td>2</td><td>1,44</td><td>28,62</td><td>36</td><td>51,84</td><td>1055,32</td></tr><tr><td>60x60</td><td>4</td><td>1,44</td><td>29,75</td><td>30</td><td>43,2</td><td>912,5</td></tr><tr><td>90x90</td><td>2</td><td>1,62</td><td>33</td><td>32</td><td>51,84</td><td>1081</td></tr></tbody></table>",taxable,,1,,0,0,,0,,,Pavimentos y revestimientos > Porce Plus,,"https://raw.githubusercontent.com/kumen360/ESMALTO/main/catalogo/img/siena/esmalto-amb-siena-blanco-60x120.webp, https://raw.githubusercontent.com/kumen360/ESMALTO/main/catalogo/img/siena/esmalto-amb-siena-blanco-90x90.webp, https://raw.githubusercontent.com/kumen360/ESMALTO/main/catalogo/img/siena/esmalto-amb-siena-blanco-90x90-detalle.webp, https://raw.githubusercontent.com/kumen360/ESMALTO/main/catalogo/img/siena/esmalto-amb-siena-crema-60x120.webp, https://raw.githubusercontent.com/kumen360/ESMALTO/main/catalogo/img/siena/esmalto-amb-siena-crema-90x90.webp, https://raw.githubusercontent.com/kumen360/ESMALTO/main/catalogo/img/siena/esmalto-amb-siena-crema-90x90-detalle.webp, https://raw.githubusercontent.com/kumen360/ESMALTO/main/catalogo/img/siena/esmalto-pz-siena-blanco-60x120.webp, https://raw.githubusercontent.com/kumen360/ESMALTO/main/catalogo/img/siena/esmalto-pz-siena-blanco-60x60.webp, https://raw.githubusercontent.com/kumen360/ESMALTO/main/catalogo/img/siena/esmalto-pz-siena-blanco-90x90.webp, https://raw.githubusercontent.com/kumen360/ESMALTO/main/catalogo/img/siena/esmalto-pz-siena-crema-60x120.webp, https://raw.githubusercontent.com/kumen360/ESMALTO/main/catalogo/img/siena/esmalto-pz-siena-crema-60x60.webp, https://raw.githubusercontent.com/kumen360/ESMALTO/main/catalogo/img/siena/esmalto-pz-siena-crema-90x90.webp",,25,Color,"Blanco, Crema",1,1,Blanco,Formato,"120x120, 90x90, 60x60, 60x120",1,1,120x120,Tipo de pieza,Baldosa,1,1,,Espesor,9 mm,1,1,,Acabado,Mate,1,1,,Material,Porcelánico,1,1,,Uso,"Pavimento, Revestimiento",1,1,,Familia,Porce Plus,1,1,,Estilo,Mármol,1,1,,Tono,"Blanco, Beige",0,1,,Espacio,"Baño, Cocina, Salón, Dormitorio",1,1,,Ubicación,Interior,1,1,,Antideslizante,No,1,1,,Versión antideslizante,No,1,0,,,,,,,,,,,,"Interior: salón, cocina, baño y dormitorio; formatos grandes",Porce Plus,Siena,Esmalto,Ecoceramic,fichas/esmalto-ficha-siena.pdf,Mármol,Material: Porcelánico | Acabado: Mate | Uso: Pavimento y revestimiento | Espesor: 9 MM | Antideslizante: No | Versión antideslizante disponible: No | Tipo de pieza: Baldosa,Siena | Porcelánico Porce Plus | Esmalto,"Serie Siena en porcelánico, acabado mate. 2 colores y 4 formatos.",,,,,,,,,,,,,,,,
,variation,ESM-SIENA-BLANCO-120X120,Siena Blanco 120x120,1,0,visible,,,taxable,parent,1,,0,0,34.36,0,,,,,https://raw.githubusercontent.com/kumen360/ESMALTO/main/catalogo/img/siena/esmalto-pz-siena-blanco-60x120.webp,ESM-SIENA,257,Color,Blanco,1,1,,Formato,120x120,1,1,,,,,,,,,,,,,,,,,,,,,,,,,,,,,,,,,,,,,,,,,,,,,,,,,,,,,,,,,,,,,,,,,,,,,,,,,,,,,,,,,,1.44,34.36,1,36,51.84,1276.96,10,120x120,9 mm,Porcelánico,Mate,Pavimento y revestimiento,,No,No,
,variation,ESM-SIENA-CREMA-120X120,Siena Crema 120x120,1,0,visible,,,taxable,parent,1,,0,0,34.36,0,,,,,https://raw.githubusercontent.com/kumen360/ESMALTO/main/catalogo/img/siena/esmalto-pz-siena-crema-60x120.webp,ESM-SIENA,258,Color,Crema,1,1,,Formato,120x120,1,1,,,,,,,,,,,,,,,,,,,,,,,,,,,,,,,,,,,,,,,,,,,,,,,,,,,,,,,,,,,,,,,,,,,,,,,,,,,,,,,,,,1.44,34.36,1,36,51.84,1276.96,10,120x120,9 mm,Porcelánico,Mate,Pavimento y revestimiento,,No,No,
,variation,ESM-SIENA-BLANCO-60X120,Siena Blanco 60x120,1,0,visible,,,taxable,parent,1,,0,0,28.62,0,,,,,https://raw.githubusercontent.com/kumen360/ESMALTO/main/catalogo/img/siena/esmalto-pz-siena-blanco-60x120.webp,ESM-SIENA,259,Color,Blanco,1,1,,Formato,60x120,1,1,,,,,,,,,,,,,,,,,,,,,,,,,,,,,,,,,,,,,,,,,,,,,,,,,,,,,,,,,,,,,,,,,,,,,,,,,,,,,,,,,,1.44,28.62,2,36,51.84,1055.32,17,60x120,9 mm,Porcelánico,Mate,Pavimento y revestimiento,,No,No,
,variation,ESM-SIENA-CREMA-60X120,Siena Crema 60x120,1,0,visible,,,taxable,parent,1,,0,0,28.62,0,,,,,https://raw.githubusercontent.com/kumen360/ESMALTO/main/catalogo/img/siena/esmalto-pz-siena-crema-60x120.webp,ESM-SIENA,260,Color,Crema,1,1,,Formato,60x120,1,1,,,,,,,,,,,,,,,,,,,,,,,,,,,,,,,,,,,,,,,,,,,,,,,,,,,,,,,,,,,,,,,,,,,,,,,,,,,,,,,,,,1.44,28.62,2,36,51.84,1055.32,17,60x120,9 mm,Porcelánico,Mate,Pavimento y revestimiento,,No,No,
,variation,ESM-SIENA-BLANCO-60X60,Siena Blanco 60x60,1,0,visible,,,taxable,parent,1,,0,0,29.75,0,,,,,https://raw.githubusercontent.com/kumen360/ESMALTO/main/catalogo/img/siena/esmalto-pz-siena-blanco-60x60.webp,ESM-SIENA,261,Color,Blanco,1,1,,Formato,60x60,1,1,,,,,,,,,,,,,,,,,,,,,,,,,,,,,,,,,,,,,,,,,,,,,,,,,,,,,,,,,,,,,,,,,,,,,,,,,,,,,,,,,,1.44,29.75,4,30,43.2,912.5,34,60x60,9 mm,Porcelánico,Mate,Pavimento y revestimiento,,No,No,
,variation,ESM-SIENA-CREMA-60X60,Siena Crema 60x60,1,0,visible,,,taxable,parent,1,,0,0,29.75,0,,,,,https://raw.githubusercontent.com/kumen360/ESMALTO/main/catalogo/img/siena/esmalto-pz-siena-crema-60x60.webp,ESM-SIENA,262,Color,Crema,1,1,,Formato,60x60,1,1,,,,,,,,,,,,,,,,,,,,,,,,,,,,,,,,,,,,,,,,,,,,,,,,,,,,,,,,,,,,,,,,,,,,,,,,,,,,,,,,,,1.44,29.75,4,30,43.2,912.5,34,60x60,9 mm,Porcelánico,Mate,Pavimento y revestimiento,,No,No,
,variation,ESM-SIENA-BLANCO-90X90,Siena Blanco 90x90,1,0,visible,,,taxable,parent,1,,0,0,33,0,,,,,https://raw.githubusercontent.com/kumen360/ESMALTO/main/catalogo/img/siena/esmalto-pz-siena-blanco-90x90.webp,ESM-SIENA,263,Color,Blanco,1,1,,Formato,90x90,1,1,,,,,,,,,,,,,,,,,,,,,,,,,,,,,,,,,,,,,,,,,,,,,,,,,,,,,,,,,,,,,,,,,,,,,,,,,,,,,,,,,,1.62,33,2,32,51.84,1081,11,90x90,9 mm,Porcelánico,Mate,Pavimento y revestimiento,,No,No,
,variation,ESM-SIENA-CREMA-90X90,Siena Crema 90x90,1,0,visible,,,taxable,parent,1,,0,0,33,0,,,,,https://raw.githubusercontent.com/kumen360/ESMALTO/main/catalogo/img/siena/esmalto-pz-siena-crema-90x90.webp,ESM-SIENA,264,Color,Crema,1,1,,Formato,90x90,1,1,,,,,,,,,,,,,,,,,,,,,,,,,,,,,,,,,,,,,,,,,,,,,,,,,,,,,,,,,,,,,,,,,,,,,,,,,,,,,,,,,,1.62,33,2,32,51.84,1081,11,90x90,9 mm,Porcelánico,Mate,Pavimento y revestimiento,,No,No,
,variable,ESM-SOUTHWELL-CROSS,Southwell Cross,1,0,visible,"Serie Southwell Cross en porcelánico y pasta blanca, acabado mate. 3 colores y 5 formatos.","<p>Southwell ofrece una estética depurada y sofisticada, disponible en dos interpretaciones: Cross y Vein. La colección incorpora revestimiento en pasta blanca con decorados de relieve sutil, aportando profundidad visual sin romper la continuidad.</p><h3>Características técnicas</h3><ul><li><strong>Material:</strong> Porcelánico y Pasta blanca</li><li><strong>Acabado:</strong> Mate</li><li><strong>Uso:</strong> Pavimento/Revestimiento</li><li><strong>Espesor:</strong> 9 MM y 2 CM</li><li><strong>Rectificado:</strong> Sí</li><li><strong>Antideslizante:</strong> No / Sí</li><li><strong>Versión antideslizante:</strong> No / Sí</li><li><strong>Destonificación:</strong> V1-V2 Cross uniforme</li><li><strong>Tipo de pieza:</strong> Baldosa y Relieve</li><li><strong>Familia:</strong> Porce Plus</li></ul><p><strong>Colores disponibles:</strong> Bone, White, Pearl.<br><strong>Formatos:</strong> 120x120, 60x120, 100x100, 60x60, 30x60.</p><p><strong>Espacios recomendados:</strong> Interior, Exterior (20mm) y Piscina.</p><h3>Datos de embalaje</h3><table><thead><tr><th>Formato</th><th>Pz/caja</th><th>m²/caja</th><th>Kg/caja</th><th>Cajas/palet</th><th>m²/palet</th><th>Kg/palet</th></tr></thead><tbody><tr><td>100x100</td><td>2</td><td>2</td><td>41,15</td><td>27</td><td>54</td><td>1133,05</td></tr><tr><td>120x120</td><td>1</td><td>1,44</td><td>34,36</td><td>36</td><td>51,84</td><td>1276,96</td></tr><tr><td>160x160</td><td>1</td><td>2,56</td><td>48,62</td><td>20</td><td>51,20</td><td>1062</td></tr><tr><td>30x60</td><td>7</td><td>1,26</td><td>24,35</td><td>48</td><td>60,48</td><td>1188,8</td></tr><tr><td>60x120</td><td>2</td><td>1,44</td><td>28,62</td><td>36</td><td>51,84</td><td>1055,32</td></tr><tr><td>60x60</td><td>5</td><td>1,80</td><td>35,36</td><td>30</td><td>54</td><td>1080,80</td></tr></tbody></table>",taxable,,1,,0,0,,0,,,Pavimentos y revestimientos > Porce Plus,,"https://raw.githubusercontent.com/kumen360/ESMALTO/main/catalogo/img/southwell-cross/esmalto-amb-southwell-cross-bone-120x120-01-v2.webp, https://raw.githubusercontent.com/kumen360/ESMALTO/main/catalogo/img/southwell-cross/esmalto-amb-southwell-cross-bone-120x120-60x120-01.webp, https://raw.githubusercontent.com/kumen360/ESMALTO/main/catalogo/img/southwell-cross/esmalto-amb-southwell-cross-pearl-120x120-01.webp, https://raw.githubusercontent.com/kumen360/ESMALTO/main/catalogo/img/southwell-cross/esmalto-amb-southwell-cross-pearl-120x120-60x120-01.webp, https://raw.githubusercontent.com/kumen360/ESMALTO/main/catalogo/img/southwell-cross/esmalto-amb-southwell-cross-white-120x120-01-v2.webp, https://raw.githubusercontent.com/kumen360/ESMALTO/main/catalogo/img/southwell-cross/esmalto-amb-southwell-cross-white-120x120-60x120-01.webp, https://raw.githubusercontent.com/kumen360/ESMALTO/main/catalogo/img/southwell-cross/esmalto-pz-southwell-cross-bone-100x100.webp, https://raw.githubusercontent.com/kumen360/ESMALTO/main/catalogo/img/southwell-cross/esmalto-pz-southwell-cross-bone-120x120.webp, https://raw.githubusercontent.com/kumen360/ESMALTO/main/catalogo/img/southwell-cross/esmalto-pz-southwell-cross-bone-60x120.webp, https://raw.githubusercontent.com/kumen360/ESMALTO/main/catalogo/img/southwell-cross/esmalto-pz-southwell-cross-bone-60x60.webp, https://raw.githubusercontent.com/kumen360/ESMALTO/main/catalogo/img/southwell-cross/esmalto-pz-southwell-cross-pearl-100x100.webp, https://raw.githubusercontent.com/kumen360/ESMALTO/main/catalogo/img/southwell-cross/esmalto-pz-southwell-cross-pearl-120x120.webp, https://raw.githubusercontent.com/kumen360/ESMALTO/main/catalogo/img/southwell-cross/esmalto-pz-southwell-cross-pearl-60x120.webp, https://raw.githubusercontent.com/kumen360/ESMALTO/main/catalogo/img/southwell-cross/esmalto-pz-southwell-cross-pearl-60x60.webp, https://raw.githubusercontent.com/kumen360/ESMALTO/main/catalogo/img/southwell-cross/esmalto-pz-southwell-cross-white-100x100.webp, https://raw.githubusercontent.com/kumen360/ESMALTO/main/catalogo/img/southwell-cross/esmalto-pz-southwell-cross-white-120x120.webp, https://raw.githubusercontent.com/kumen360/ESMALTO/main/catalogo/img/southwell-cross/esmalto-pz-southwell-cross-white-60x120.webp, https://raw.githubusercontent.com/kumen360/ESMALTO/main/catalogo/img/southwell-cross/esmalto-pz-southwell-cross-white-60x60.webp",,26,Color,"Bone, White, Pearl",1,1,Bone,Formato,"120x120, 60x120, 100x100, 60x60, 30x60",1,1,120x120,Tipo de pieza,"Baldosa, Relieve",1,1,Baldosa,Espesor,"9 mm, 20 mm",1,1,9 mm,Acabado,Mate,1,1,,Material,"Porcelánico, Pasta blanca",1,1,,Uso,"Pavimento, Revestimiento",1,1,,Familia,Porce Plus,1,1,,Estilo,Piedra,1,1,,Tono,"Beige, Blanco, Gris",0,1,,Espacio,"Baño, Cocina, Salón, Dormitorio, Terraza, Piscina",1,1,,Ubicación,"Interior, Exterior",1,1,,Antideslizante,Sí,1,1,,Rectificado,Sí,1,0,,Destonificación,V1-V2 Cross uniforme,1,0,,Versión antideslizante,"No, Sí",1,0,,"Interior, Exterior (20mm) y Piscina",Porce Plus,Southwell Cross,Esmalto,Ecoceramic,fichas/esmalto-ficha-southwell-cross.pdf,Piedra,Material: Porcelánico | Acabado: Mate | Uso: Pavimento/Revestimiento | Espesor: 9 MM | Rectificado: Sí | Antideslizante: No | Versión antideslizante disponible: No | Destonificación: V1-V2 Cross uniforme | Tipo de pieza: Baldosa,Southwell Cross | Porcelánico Porce Plus | Esmalto,"Serie Southwell Cross en porcelánico y pasta blanca, acabado mate. 3 colores y 5 formatos.",,,,,,,,,,,,,,,,
,variation,ESM-SOUTHWELL-CROSS-BONE-100X100,Southwell Cross Bone 100x100,1,0,visible,,,taxable,parent,1,,0,0,41.15,0,,,,,https://raw.githubusercontent.com/kumen360/ESMALTO/main/catalogo/img/southwell-cross/esmalto-pz-southwell-cross-bone-100x100.webp,ESM-SOUTHWELL-CROSS,265,Color,Bone,1,1,,Formato,100x100,1,1,,Tipo de pieza,Baldosa,1,1,,Espesor,9 mm,1,1,,,,,,,,,,,,,,,,,,,,,,,,,,,,,,,,,,,,,,,,,,,,,,,,,,,,,,,,,,,,,,,,,,,,,,,,2,41.15,2,27,54,1133.05,13,100x100,9 mm,Porcelánico,Mate,Pavimento/Revestimiento,Sí,No,Sí,V1-V2 Cross uniforme
,variation,ESM-SOUTHWELL-CROSS-BONE-100X100-2CM,Southwell Cross Bone 100x100 2 cm,1,0,visible,,,taxable,parent,1,,0,0,85.72,0,,,,,https://raw.githubusercontent.com/kumen360/ESMALTO/main/catalogo/img/southwell-cross/esmalto-pz-southwell-cross-bone-100x100.webp,ESM-SOUTHWELL-CROSS,266,Color,Bone,1,1,,Formato,100x100,1,1,,Tipo de pieza,Baldosa,1,1,,Espesor,20 mm,1,1,,,,,,,,,,,,,,,,,,,,,,,,,,,,,,,,,,,,,,,,,,,,,,,,,,,,,,,,,,,,,,,,,,,,,,,,2,85.72,2,27,54,1133.05,13,100x100,20 mm,Porcelánico,Mate,Pavimento/Revestimiento,Sí,Sí,,V1-V2 Cross uniforme
,variation,ESM-SOUTHWELL-CROSS-PEARL-100X100,Southwell Cross Pearl 100x100,1,0,visible,,,taxable,parent,1,,0,0,41.15,0,,,,,https://raw.githubusercontent.com/kumen360/ESMALTO/main/catalogo/img/southwell-cross/esmalto-pz-southwell-cross-pearl-100x100.webp,ESM-SOUTHWELL-CROSS,267,Color,Pearl,1,1,,Formato,100x100,1,1,,Tipo de pieza,Baldosa,1,1,,Espesor,9 mm,1,1,,,,,,,,,,,,,,,,,,,,,,,,,,,,,,,,,,,,,,,,,,,,,,,,,,,,,,,,,,,,,,,,,,,,,,,,2,41.15,2,27,54,1133.05,13,100x100,9 mm,Porcelánico,Mate,Pavimento/Revestimiento,Sí,No,Sí,V1-V2 Cross uniforme
,variation,ESM-SOUTHWELL-CROSS-PEARL-100X100-2CM,Southwell Cross Pearl 100x100 2 cm,1,0,visible,,,taxable,parent,1,,0,0,85.72,0,,,,,https://raw.githubusercontent.com/kumen360/ESMALTO/main/catalogo/img/southwell-cross/esmalto-pz-southwell-cross-pearl-100x100.webp,ESM-SOUTHWELL-CROSS,268,Color,Pearl,1,1,,Formato,100x100,1,1,,Tipo de pieza,Baldosa,1,1,,Espesor,20 mm,1,1,,,,,,,,,,,,,,,,,,,,,,,,,,,,,,,,,,,,,,,,,,,,,,,,,,,,,,,,,,,,,,,,,,,,,,,,2,85.72,2,27,54,1133.05,13,100x100,20 mm,Porcelánico,Mate,Pavimento/Revestimiento,Sí,Sí,,V1-V2 Cross uniforme
,variation,ESM-SOUTHWELL-CROSS-WHITE-100X100,Southwell Cross White 100x100,1,0,visible,,,taxable,parent,1,,0,0,41.15,0,,,,,https://raw.githubusercontent.com/kumen360/ESMALTO/main/catalogo/img/southwell-cross/esmalto-pz-southwell-cross-white-100x100.webp,ESM-SOUTHWELL-CROSS,269,Color,White,1,1,,Formato,100x100,1,1,,Tipo de pieza,Baldosa,1,1,,Espesor,9 mm,1,1,,,,,,,,,,,,,,,,,,,,,,,,,,,,,,,,,,,,,,,,,,,,,,,,,,,,,,,,,,,,,,,,,,,,,,,,2,41.15,2,27,54,1133.05,13,100x100,9 mm,Porcelánico,Mate,Pavimento/Revestimiento,Sí,No,Sí,V1-V2 Cross uniforme
,variation,ESM-SOUTHWELL-CROSS-WHITE-100X100-2CM,Southwell Cross White 100x100 2 cm,1,0,visible,,,taxable,parent,1,,0,0,85.72,0,,,,,https://raw.githubusercontent.com/kumen360/ESMALTO/main/catalogo/img/southwell-cross/esmalto-pz-southwell-cross-white-100x100.webp,ESM-SOUTHWELL-CROSS,270,Color,White,1,1,,Formato,100x100,1,1,,Tipo de pieza,Baldosa,1,1,,Espesor,20 mm,1,1,,,,,,,,,,,,,,,,,,,,,,,,,,,,,,,,,,,,,,,,,,,,,,,,,,,,,,,,,,,,,,,,,,,,,,,,2,85.72,2,27,54,1133.05,13,100x100,20 mm,Porcelánico,Mate,Pavimento/Revestimiento,Sí,Sí,,V1-V2 Cross uniforme
,variation,ESM-SOUTHWELL-CROSS-BONE-120X120,Southwell Cross Bone 120x120,1,0,visible,,,taxable,parent,1,,0,0,35,0,,,,,https://raw.githubusercontent.com/kumen360/ESMALTO/main/catalogo/img/southwell-cross/esmalto-pz-southwell-cross-bone-120x120.webp,ESM-SOUTHWELL-CROSS,271,Color,Bone,1,1,,Formato,120x120,1,1,,Tipo de pieza,Baldosa,1,1,,Espesor,9 mm,1,1,,,,,,,,,,,,,,,,,,,,,,,,,,,,,,,,,,,,,,,,,,,,,,,,,,,,,,,,,,,,,,,,,,,,,,,,1.44,35,1,36,51.84,1276.96,7,120x120,9 mm,Porcelánico,Mate,Pavimento/Revestimiento,Sí,No,No,V1-V2 Cross uniforme
,variation,ESM-SOUTHWELL-CROSS-PEARL-120X120,Southwell Cross Pearl 120x120,1,0,visible,,,taxable,parent,1,,0,0,35,0,,,,,https://raw.githubusercontent.com/kumen360/ESMALTO/main/catalogo/img/southwell-cross/esmalto-pz-southwell-cross-pearl-120x120.webp,ESM-SOUTHWELL-CROSS,272,Color,Pearl,1,1,,Formato,120x120,1,1,,Tipo de pieza,Baldosa,1,1,,Espesor,9 mm,1,1,,,,,,,,,,,,,,,,,,,,,,,,,,,,,,,,,,,,,,,,,,,,,,,,,,,,,,,,,,,,,,,,,,,,,,,,1.44,35,1,36,51.84,1276.96,7,120x120,9 mm,Porcelánico,Mate,Pavimento/Revestimiento,Sí,No,No,V1-V2 Cross uniforme
,variation,ESM-SOUTHWELL-CROSS-WHITE-120X120,Southwell Cross White 120x120,1,0,visible,,,taxable,parent,1,,0,0,35,0,,,,,https://raw.githubusercontent.com/kumen360/ESMALTO/main/catalogo/img/southwell-cross/esmalto-pz-southwell-cross-white-120x120.webp,ESM-SOUTHWELL-CROSS,273,Color,White,1,1,,Formato,120x120,1,1,,Tipo de pieza,Baldosa,1,1,,Espesor,9 mm,1,1,,,,,,,,,,,,,,,,,,,,,,,,,,,,,,,,,,,,,,,,,,,,,,,,,,,,,,,,,,,,,,,,,,,,,,,,1.44,35,1,36,51.84,1276.96,7,120x120,9 mm,Porcelánico,Mate,Pavimento/Revestimiento,Sí,No,No,V1-V2 Cross uniforme
,variation,ESM-SOUTHWELL-CROSS-BONE-60X120,Southwell Cross Bone 60x120,1,0,visible,,,taxable,parent,1,,0,0,28.62,0,,,,,https://raw.githubusercontent.com/kumen360/ESMALTO/main/catalogo/img/southwell-cross/esmalto-pz-southwell-cross-bone-60x120.webp,ESM-SOUTHWELL-CROSS,274,Color,Bone,1,1,,Formato,60x120,1,1,,Tipo de pieza,Baldosa,1,1,,Espesor,9 mm,1,1,,,,,,,,,,,,,,,,,,,,,,,,,,,,,,,,,,,,,,,,,,,,,,,,,,,,,,,,,,,,,,,,,,,,,,,,1.44,28.62,2,36,51.84,1055.32,14,60x120,9 mm,Porcelánico,Mate,Pavimento/Revestimiento,Sí,No,No,V1-V2 Cross uniforme
,variation,ESM-SOUTHWELL-CROSS-BONE-60X120-2CM,Southwell Cross Bone 60x120 2 cm,1,0,visible,,,taxable,parent,1,,0,0,58.5,0,,,,,https://raw.githubusercontent.com/kumen360/ESMALTO/main/catalogo/img/southwell-cross/esmalto-pz-southwell-cross-bone-60x120.webp,ESM-SOUTHWELL-CROSS,275,Color,Bone,1,1,,Formato,60x120,1,1,,Tipo de pieza,Baldosa,1,1,,Espesor,20 mm,1,1,,,,,,,,,,,,,,,,,,,,,,,,,,,,,,,,,,,,,,,,,,,,,,,,,,,,,,,,,,,,,,,,,,,,,,,,1.44,58.5,2,36,51.84,1055.32,14,60x120,20 mm,Porcelánico,Mate,Pavimento/Revestimiento,Sí,Sí,,V1-V2 Cross uniforme
,variation,ESM-SOUTHWELL-CROSS-PEARL-60X120,Southwell Cross Pearl 60x120,1,0,visible,,,taxable,parent,1,,0,0,28.62,0,,,,,https://raw.githubusercontent.com/kumen360/ESMALTO/main/catalogo/img/southwell-cross/esmalto-pz-southwell-cross-pearl-60x120.webp,ESM-SOUTHWELL-CROSS,276,Color,Pearl,1,1,,Formato,60x120,1,1,,Tipo de pieza,Baldosa,1,1,,Espesor,9 mm,1,1,,,,,,,,,,,,,,,,,,,,,,,,,,,,,,,,,,,,,,,,,,,,,,,,,,,,,,,,,,,,,,,,,,,,,,,,1.44,28.62,2,36,51.84,1055.32,14,60x120,9 mm,Porcelánico,Mate,Pavimento/Revestimiento,Sí,No,No,V1-V2 Cross uniforme
,variation,ESM-SOUTHWELL-CROSS-PEARL-60X120-2CM,Southwell Cross Pearl 60x120 2 cm,1,0,visible,,,taxable,parent,1,,0,0,58.5,0,,,,,https://raw.githubusercontent.com/kumen360/ESMALTO/main/catalogo/img/southwell-cross/esmalto-pz-southwell-cross-pearl-60x120.webp,ESM-SOUTHWELL-CROSS,277,Color,Pearl,1,1,,Formato,60x120,1,1,,Tipo de pieza,Baldosa,1,1,,Espesor,20 mm,1,1,,,,,,,,,,,,,,,,,,,,,,,,,,,,,,,,,,,,,,,,,,,,,,,,,,,,,,,,,,,,,,,,,,,,,,,,1.44,58.5,2,36,51.84,1055.32,14,60x120,20 mm,Porcelánico,Mate,Pavimento/Revestimiento,Sí,Sí,,V1-V2 Cross uniforme
,variation,ESM-SOUTHWELL-CROSS-WHITE-60X120,Southwell Cross White 60x120,1,0,visible,,,taxable,parent,1,,0,0,28.62,0,,,,,https://raw.githubusercontent.com/kumen360/ESMALTO/main/catalogo/img/southwell-cross/esmalto-pz-southwell-cross-white-60x120.webp,ESM-SOUTHWELL-CROSS,278,Color,White,1,1,,Formato,60x120,1,1,,Tipo de pieza,Baldosa,1,1,,Espesor,9 mm,1,1,,,,,,,,,,,,,,,,,,,,,,,,,,,,,,,,,,,,,,,,,,,,,,,,,,,,,,,,,,,,,,,,,,,,,,,,1.44,28.62,2,36,51.84,1055.32,14,60x120,9 mm,Porcelánico,Mate,Pavimento/Revestimiento,Sí,No,No,V1-V2 Cross uniforme
,variation,ESM-SOUTHWELL-CROSS-WHITE-60X120-2CM,Southwell Cross White 60x120 2 cm,1,0,visible,,,taxable,parent,1,,0,0,58.5,0,,,,,https://raw.githubusercontent.com/kumen360/ESMALTO/main/catalogo/img/southwell-cross/esmalto-pz-southwell-cross-white-60x120.webp,ESM-SOUTHWELL-CROSS,279,Color,White,1,1,,Formato,60x120,1,1,,Tipo de pieza,Baldosa,1,1,,Espesor,20 mm,1,1,,,,,,,,,,,,,,,,,,,,,,,,,,,,,,,,,,,,,,,,,,,,,,,,,,,,,,,,,,,,,,,,,,,,,,,,1.44,58.5,2,36,51.84,1055.32,14,60x120,20 mm,Porcelánico,Mate,Pavimento/Revestimiento,Sí,Sí,,V1-V2 Cross uniforme
,variation,ESM-SOUTHWELL-CROSS-BONE-60X60,Southwell Cross Bone 60x60,1,0,visible,,,taxable,parent,1,,0,0,35.36,0,,,,,https://raw.githubusercontent.com/kumen360/ESMALTO/main/catalogo/img/southwell-cross/esmalto-pz-southwell-cross-bone-60x60.webp,ESM-SOUTHWELL-CROSS,280,Color,Bone,1,1,,Formato,60x60,1,1,,Tipo de pieza,Baldosa,1,1,,Espesor,9 mm,1,1,,,,,,,,,,,,,,,,,,,,,,,,,,,,,,,,,,,,,,,,,,,,,,,,,,,,,,,,,,,,,,,,,,,,,,,,1.8,35.36,5,30,54,1080.80,19,60x60,9 mm,Porcelánico,Mate,Pavimento/Revestimiento,Sí,No,Sí,V1-V2 Cross uniforme
,variation,ESM-SOUTHWELL-CROSS-PEARL-60X60,Southwell Cross Pearl 60x60,1,0,visible,,,taxable,parent,1,,0,0,35.36,0,,,,,https://raw.githubusercontent.com/kumen360/ESMALTO/main/catalogo/img/southwell-cross/esmalto-pz-southwell-cross-pearl-60x60.webp,ESM-SOUTHWELL-CROSS,281,Color,Pearl,1,1,,Formato,60x60,1,1,,Tipo de pieza,Baldosa,1,1,,Espesor,9 mm,1,1,,,,,,,,,,,,,,,,,,,,,,,,,,,,,,,,,,,,,,,,,,,,,,,,,,,,,,,,,,,,,,,,,,,,,,,,1.8,35.36,5,30,54,1080.80,19,60x60,9 mm,Porcelánico,Mate,Pavimento/Revestimiento,Sí,No,Sí,V1-V2 Cross uniforme
,variation,ESM-SOUTHWELL-CROSS-WHITE-60X60,Southwell Cross White 60x60,1,0,visible,,,taxable,parent,1,,0,0,35.36,0,,,,,https://raw.githubusercontent.com/kumen360/ESMALTO/main/catalogo/img/southwell-cross/esmalto-pz-southwell-cross-white-60x60.webp,ESM-SOUTHWELL-CROSS,282,Color,White,1,1,,Formato,60x60,1,1,,Tipo de pieza,Baldosa,1,1,,Espesor,9 mm,1,1,,,,,,,,,,,,,,,,,,,,,,,,,,,,,,,,,,,,,,,,,,,,,,,,,,,,,,,,,,,,,,,,,,,,,,,,1.8,35.36,5,30,54,1080.80,19,60x60,9 mm,Porcelánico,Mate,Pavimento/Revestimiento,Sí,No,Sí,V1-V2 Cross uniforme
,variation,ESM-SOUTHWELL-CROSS-BONE-30X60-RLV,Southwell Cross Bone 30x60 Relieve,1,0,visible,,,taxable,parent,1,,0,0,25,0,,,,,https://raw.githubusercontent.com/kumen360/ESMALTO/main/catalogo/img/southwell-cross/esmalto-pz-southwell-cross-bone-100x100.webp,ESM-SOUTHWELL-CROSS,283,Color,Bone,1,1,,Formato,30x60,1,1,,Tipo de pieza,Relieve,1,1,,Espesor,9 mm,1,1,,,,,,,,,,,,,,,,,,,,,,,,,,,,,,,,,,,,,,,,,,,,,,,,,,,,,,,,,,,,,,,,,,,,,,,,1.8,25,7,48,60.48,1188.8,42,30x60,9 mm,Pasta blanca,Mate,Pavimento/Revestimiento,Sí,,,V1-V2 Cross uniforme
,variation,ESM-SOUTHWELL-CROSS-PEARL-30X60-RLV,Southwell Cross Pearl 30x60 Relieve,1,0,visible,,,taxable,parent,1,,0,0,25,0,,,,,https://raw.githubusercontent.com/kumen360/ESMALTO/main/catalogo/img/southwell-cross/esmalto-pz-southwell-cross-pearl-100x100.webp,ESM-SOUTHWELL-CROSS,284,Color,Pearl,1,1,,Formato,30x60,1,1,,Tipo de pieza,Relieve,1,1,,Espesor,9 mm,1,1,,,,,,,,,,,,,,,,,,,,,,,,,,,,,,,,,,,,,,,,,,,,,,,,,,,,,,,,,,,,,,,,,,,,,,,,1.8,25,7,48,60.48,1188.8,42,30x60,9 mm,Pasta blanca,Mate,Pavimento/Revestimiento,Sí,,,V1-V2 Cross uniforme
,variation,ESM-SOUTHWELL-CROSS-WHITE-30X60-RLV,Southwell Cross White 30x60 Relieve,1,0,visible,,,taxable,parent,1,,0,0,25,0,,,,,https://raw.githubusercontent.com/kumen360/ESMALTO/main/catalogo/img/southwell-cross/esmalto-pz-southwell-cross-white-100x100.webp,ESM-SOUTHWELL-CROSS,285,Color,White,1,1,,Formato,30x60,1,1,,Tipo de pieza,Relieve,1,1,,Espesor,9 mm,1,1,,,,,,,,,,,,,,,,,,,,,,,,,,,,,,,,,,,,,,,,,,,,,,,,,,,,,,,,,,,,,,,,,,,,,,,,1.8,25,7,48,60.48,1188.8,42,30x60,9 mm,Pasta blanca,Mate,Pavimento/Revestimiento,Sí,,,V1-V2 Cross uniforme
,variable,ESM-SOUTHWELL-VEIN,Southwell Vein,1,0,visible,"Serie Southwell Vein en porcelánico, acabado mate. 3 colores y 4 formatos.","<p>La serie <strong>Southwell Vein</strong> está fabricada en porcelánico con acabado mate. Se presenta en 3 colores y 4 formatos, con un total de 12 referencias.</p><h3>Características técnicas</h3><ul><li><strong>Material:</strong> Porcelánico</li><li><strong>Acabado:</strong> Mate</li><li><strong>Uso:</strong> Pavimento y revestimiento</li><li><strong>Espesor:</strong> 9 MM</li><li><strong>Antideslizante:</strong> No</li><li><strong>Versión antideslizante:</strong> No</li><li><strong>Tipo de pieza:</strong> Baldosa</li><li><strong>Familia:</strong> Porce Plus</li></ul><p><strong>Colores disponibles:</strong> Bone, White, Pearl.<br><strong>Formatos:</strong> 120x120, 100x100, 60x60, 60x120.</p><p><strong>Espacios recomendados:</strong> Interior: salón, cocina, baño y dormitorio; formatos grandes.</p><h3>Datos de embalaje</h3><table><thead><tr><th>Formato</th><th>Pz/caja</th><th>m²/caja</th><th>Kg/caja</th><th>Cajas/palet</th><th>m²/palet</th><th>Kg/palet</th></tr></thead><tbody><tr><td>100x100</td><td>2</td><td>2</td><td>41,15</td><td>27</td><td>54</td><td>1133,05</td></tr><tr><td>120x120</td><td>1</td><td>1,44</td><td>34,36</td><td>36</td><td>51,84</td><td>1276,96</td></tr><tr><td>60x120</td><td>2</td><td>1,44</td><td>28,62</td><td>36</td><td>51,84</td><td>1055,32</td></tr><tr><td>60x60</td><td>5</td><td>1,80</td><td>35,36</td><td>30</td><td>54</td><td>1080,80</td></tr></tbody></table>",taxable,,1,,0,0,,0,,,Pavimentos y revestimientos > Porce Plus,,"https://raw.githubusercontent.com/kumen360/ESMALTO/main/catalogo/img/southwell-cross/esmalto-amb-southwell-cross-bone-100x100-02.webp, https://raw.githubusercontent.com/kumen360/ESMALTO/main/catalogo/img/southwell-cross/esmalto-amb-southwell-cross-bone-120x120-01.webp, https://raw.githubusercontent.com/kumen360/ESMALTO/main/catalogo/img/southwell-cross/esmalto-amb-southwell-cross-grey-120x120-01.webp, https://raw.githubusercontent.com/kumen360/ESMALTO/main/catalogo/img/southwell-cross/esmalto-amb-southwell-cross-pearl-100x100-02.webp, https://raw.githubusercontent.com/kumen360/ESMALTO/main/catalogo/img/southwell-cross/esmalto-amb-southwell-cross-white-120x120-01.webp",,27,Color,"Bone, White, Pearl",1,1,Bone,Formato,"120x120, 100x100, 60x60, 60x120",1,1,120x120,Tipo de pieza,Baldosa,1,1,,Espesor,9 mm,1,1,,Acabado,Mate,1,1,,Material,Porcelánico,1,1,,Uso,"Pavimento, Revestimiento",1,1,,Familia,Porce Plus,1,1,,Estilo,Piedra,1,1,,Tono,"Beige, Blanco, Gris",0,1,,Espacio,"Baño, Cocina, Salón, Dormitorio",1,1,,Ubicación,Interior,1,1,,Antideslizante,No,1,1,,Versión antideslizante,No,1,0,,,,,,,,,,,,"Interior: salón, cocina, baño y dormitorio; formatos grandes",Porce Plus,Southwell Vein,Esmalto,Ecoceramic,fichas/esmalto-ficha-southwell-vein.pdf,Piedra,Material: Porcelánico | Acabado: Mate | Uso: Pavimento y revestimiento | Espesor: 9 MM | Antideslizante: No | Versión antideslizante disponible: No | Tipo de pieza: Baldosa,Southwell Vein | Porcelánico Porce Plus | Esmalto,"Serie Southwell Vein en porcelánico, acabado mate. 3 colores y 4 formatos.",,,,,,,,,,,,,,,,
,variation,ESM-SOUTHWELL-VEIN-BONE-100X100,Southwell Vein Bone 100x100,1,0,visible,,,taxable,parent,1,,0,0,41.15,0,,,,,,ESM-SOUTHWELL-VEIN,286,Color,Bone,1,1,,Formato,100x100,1,1,,,,,,,,,,,,,,,,,,,,,,,,,,,,,,,,,,,,,,,,,,,,,,,,,,,,,,,,,,,,,,,,,,,,,,,,,,,,,,,,,,2,41.15,2,27,54,1133.05,12,100x100,9 mm,Porcelánico,Mate,Pavimento y revestimiento,,No,No,
,variation,ESM-SOUTHWELL-VEIN-PEARL-100X100,Southwell Vein Pearl 100x100,1,0,visible,,,taxable,parent,1,,0,0,41.15,0,,,,,,ESM-SOUTHWELL-VEIN,287,Color,Pearl,1,1,,Formato,100x100,1,1,,,,,,,,,,,,,,,,,,,,,,,,,,,,,,,,,,,,,,,,,,,,,,,,,,,,,,,,,,,,,,,,,,,,,,,,,,,,,,,,,,2,41.15,2,27,54,1133.05,12,100x100,9 mm,Porcelánico,Mate,Pavimento y revestimiento,,No,No,
,variation,ESM-SOUTHWELL-VEIN-WHITE-100X100,Southwell Vein White 100x100,1,0,visible,,,taxable,parent,1,,0,0,41.15,0,,,,,,ESM-SOUTHWELL-VEIN,288,Color,White,1,1,,Formato,100x100,1,1,,,,,,,,,,,,,,,,,,,,,,,,,,,,,,,,,,,,,,,,,,,,,,,,,,,,,,,,,,,,,,,,,,,,,,,,,,,,,,,,,,2,41.15,2,27,54,1133.05,12,100x100,9 mm,Porcelánico,Mate,Pavimento y revestimiento,,No,No,
,variation,ESM-SOUTHWELL-VEIN-BONE-120X120,Southwell Vein Bone 120x120,1,0,visible,,,taxable,parent,1,,0,0,35,0,,,,,,ESM-SOUTHWELL-VEIN,289,Color,Bone,1,1,,Formato,120x120,1,1,,,,,,,,,,,,,,,,,,,,,,,,,,,,,,,,,,,,,,,,,,,,,,,,,,,,,,,,,,,,,,,,,,,,,,,,,,,,,,,,,,1.44,35,1,36,51.84,1276.96,7,120x120,9 mm,Porcelánico,Mate,Pavimento y revestimiento,,No,No,
,variation,ESM-SOUTHWELL-VEIN-PEARL-120X120,Southwell Vein Pearl 120x120,1,0,visible,,,taxable,parent,1,,0,0,35,0,,,,,,ESM-SOUTHWELL-VEIN,290,Color,Pearl,1,1,,Formato,120x120,1,1,,,,,,,,,,,,,,,,,,,,,,,,,,,,,,,,,,,,,,,,,,,,,,,,,,,,,,,,,,,,,,,,,,,,,,,,,,,,,,,,,,1.44,35,1,36,51.84,1276.96,7,120x120,9 mm,Porcelánico,Mate,Pavimento y revestimiento,,No,No,
,variation,ESM-SOUTHWELL-VEIN-WHITE-120X120,Southwell Vein White 120x120,1,0,visible,,,taxable,parent,1,,0,0,35,0,,,,,,ESM-SOUTHWELL-VEIN,291,Color,White,1,1,,Formato,120x120,1,1,,,,,,,,,,,,,,,,,,,,,,,,,,,,,,,,,,,,,,,,,,,,,,,,,,,,,,,,,,,,,,,,,,,,,,,,,,,,,,,,,,1.44,35,1,36,51.84,1276.96,7,120x120,9 mm,Porcelánico,Mate,Pavimento y revestimiento,,No,No,
,variation,ESM-SOUTHWELL-VEIN-BONE-60X120,Southwell Vein Bone 60x120,1,0,visible,,,taxable,parent,1,,0,0,28.62,0,,,,,,ESM-SOUTHWELL-VEIN,292,Color,Bone,1,1,,Formato,60x120,1,1,,,,,,,,,,,,,,,,,,,,,,,,,,,,,,,,,,,,,,,,,,,,,,,,,,,,,,,,,,,,,,,,,,,,,,,,,,,,,,,,,,1.44,28.62,2,36,51.84,1055.32,14,60x120,9 mm,Porcelánico,Mate,Pavimento y revestimiento,,No,No,
,variation,ESM-SOUTHWELL-VEIN-PEARL-60X120,Southwell Vein Pearl 60x120,1,0,visible,,,taxable,parent,1,,0,0,28.62,0,,,,,,ESM-SOUTHWELL-VEIN,293,Color,Pearl,1,1,,Formato,60x120,1,1,,,,,,,,,,,,,,,,,,,,,,,,,,,,,,,,,,,,,,,,,,,,,,,,,,,,,,,,,,,,,,,,,,,,,,,,,,,,,,,,,,1.44,28.62,2,36,51.84,1055.32,14,60x120,9 mm,Porcelánico,Mate,Pavimento y revestimiento,,No,No,
,variation,ESM-SOUTHWELL-VEIN-WHITE-60X120,Southwell Vein White 60x120,1,0,visible,,,taxable,parent,1,,0,0,28.62,0,,,,,,ESM-SOUTHWELL-VEIN,294,Color,White,1,1,,Formato,60x120,1,1,,,,,,,,,,,,,,,,,,,,,,,,,,,,,,,,,,,,,,,,,,,,,,,,,,,,,,,,,,,,,,,,,,,,,,,,,,,,,,,,,,1.44,28.62,2,36,51.84,1055.32,14,60x120,9 mm,Porcelánico,Mate,Pavimento y revestimiento,,No,No,
,variation,ESM-SOUTHWELL-VEIN-BONE-60X60,Southwell Vein Bone 60x60,1,0,visible,,,taxable,parent,1,,0,0,35.36,0,,,,,,ESM-SOUTHWELL-VEIN,295,Color,Bone,1,1,,Formato,60x60,1,1,,,,,,,,,,,,,,,,,,,,,,,,,,,,,,,,,,,,,,,,,,,,,,,,,,,,,,,,,,,,,,,,,,,,,,,,,,,,,,,,,,1.8,35.36,5,30,54,1080.80,21,60x60,9 mm,Porcelánico,Mate,Pavimento y revestimiento,,No,No,
,variation,ESM-SOUTHWELL-VEIN-PEARL-60X60,Southwell Vein Pearl 60x60,1,0,visible,,,taxable,parent,1,,0,0,35.36,0,,,,,,ESM-SOUTHWELL-VEIN,296,Color,Pearl,1,1,,Formato,60x60,1,1,,,,,,,,,,,,,,,,,,,,,,,,,,,,,,,,,,,,,,,,,,,,,,,,,,,,,,,,,,,,,,,,,,,,,,,,,,,,,,,,,,1.8,35.36,5,30,54,1080.80,21,60x60,9 mm,Porcelánico,Mate,Pavimento y revestimiento,,No,No,
,variation,ESM-SOUTHWELL-VEIN-WHITE-60X60,Southwell Vein White 60x60,1,0,visible,,,taxable,parent,1,,0,0,35.36,0,,,,,,ESM-SOUTHWELL-VEIN,297,Color,White,1,1,,Formato,60x60,1,1,,,,,,,,,,,,,,,,,,,,,,,,,,,,,,,,,,,,,,,,,,,,,,,,,,,,,,,,,,,,,,,,,,,,,,,,,,,,,,,,,,1.8,35.36,5,30,54,1080.80,21,60x60,9 mm,Porcelánico,Mate,Pavimento y revestimiento,,No,No,
,variable,ESM-TIVOLI-CROSS,Tivoli Cross,1,0,visible,"Serie Tivoli Cross en porcelánico, acabado mate. 2 colores y 3 formatos.","<p>Tivoli es una piedra de estética sobria y contemporánea. Disponible en versiones Cross y Vein, ofrece superficies uniformes o suavemente veteadas. La versión Cross presenta superficies uniformes con relieve lineal 60x120.</p><h3>Características técnicas</h3><ul><li><strong>Material:</strong> Porcelánico</li><li><strong>Acabado:</strong> Mate</li><li><strong>Uso:</strong> Revestimiento</li><li><strong>Espesor:</strong> 9 MM</li><li><strong>Rectificado:</strong> Sí</li><li><strong>Antideslizante:</strong> No</li><li><strong>Versión antideslizante:</strong> No</li><li><strong>Destonificación:</strong> V1 Cross uniforme</li><li><strong>Tipo de pieza:</strong> Baldosa y Relieve</li><li><strong>Familia:</strong> Porce Plus</li></ul><p><strong>Colores disponibles:</strong> Ivory, Classic.<br><strong>Formatos:</strong> 120x120, 100x100, 60x120.</p><p><strong>Espacios recomendados:</strong> Interior: salón, baño, cocina.</p><h3>Datos de embalaje</h3><table><thead><tr><th>Formato</th><th>Pz/caja</th><th>m²/caja</th><th>Kg/caja</th><th>Cajas/palet</th><th>m²/palet</th><th>Kg/palet</th></tr></thead><tbody><tr><td>100x100</td><td>2</td><td>2</td><td>41,15</td><td>27</td><td>54</td><td>1133,05</td></tr><tr><td>120x120</td><td>1</td><td>1,44</td><td>35</td><td>36</td><td>51,84</td><td>1300</td></tr><tr><td>60x120</td><td>2</td><td>1,44</td><td>28,62</td><td>36</td><td>51,84</td><td>1055,32</td></tr></tbody></table>",taxable,,1,,0,0,,0,,,Pavimentos y revestimientos > Porce Plus,,"https://raw.githubusercontent.com/kumen360/ESMALTO/main/catalogo/img/tivoli-cross/esmalto-amb-tivoli-cross-classic-60x120.webp, https://raw.githubusercontent.com/kumen360/ESMALTO/main/catalogo/img/tivoli-cross/esmalto-amb-tivoli-cross-classic-60x120-120x120.webp, https://raw.githubusercontent.com/kumen360/ESMALTO/main/catalogo/img/tivoli-cross/esmalto-amb-tivoli-cross-classic-60x120-33.3x120.webp, https://raw.githubusercontent.com/kumen360/ESMALTO/main/catalogo/img/tivoli-cross/esmalto-amb-tivoli-cross-ivory-60x120-33.3x120.webp, https://raw.githubusercontent.com/kumen360/ESMALTO/main/catalogo/img/tivoli-cross/esmalto-amb-tivoli-cross-rlv-classic-60x120-120x120.webp, https://raw.githubusercontent.com/kumen360/ESMALTO/main/catalogo/img/tivoli-cross/esmalto-pz-tivoli-cross-classic-100x100.webp, https://raw.githubusercontent.com/kumen360/ESMALTO/main/catalogo/img/tivoli-cross/esmalto-pz-tivoli-cross-classic-120x120.webp, https://raw.githubusercontent.com/kumen360/ESMALTO/main/catalogo/img/tivoli-cross/esmalto-pz-tivoli-cross-classic-60x120.webp, https://raw.githubusercontent.com/kumen360/ESMALTO/main/catalogo/img/tivoli-cross/esmalto-pz-tivoli-cross-classic-60x60.webp, https://raw.githubusercontent.com/kumen360/ESMALTO/main/catalogo/img/tivoli-cross/esmalto-pz-tivoli-cross-ivory-100x100.webp, https://raw.githubusercontent.com/kumen360/ESMALTO/main/catalogo/img/tivoli-cross/esmalto-pz-tivoli-cross-ivory-120x120.webp, https://raw.githubusercontent.com/kumen360/ESMALTO/main/catalogo/img/tivoli-cross/esmalto-pz-tivoli-cross-ivory-60x120.webp, https://raw.githubusercontent.com/kumen360/ESMALTO/main/catalogo/img/tivoli-cross/esmalto-pz-tivoli-cross-ivory-60x60.webp, https://raw.githubusercontent.com/kumen360/ESMALTO/main/catalogo/img/tivoli-cross/esmalto-pz-tivoli-cross-rlv-classic-60x120.webp, https://raw.githubusercontent.com/kumen360/ESMALTO/main/catalogo/img/tivoli-cross/esmalto-pz-tivoli-cross-rlv-ivory-60x120.webp",,28,Color,"Ivory, Classic",1,1,Ivory,Formato,"120x120, 100x100, 60x120",1,1,120x120,Tipo de pieza,"Baldosa, Relieve",1,1,Baldosa,Espesor,9 mm,1,1,,Acabado,Mate,1,1,,Material,Porcelánico,1,1,,Uso,Revestimiento,1,1,,Familia,Porce Plus,1,1,,Estilo,Piedra,1,1,,Tono,Beige,0,1,,Espacio,"Baño, Cocina, Salón",1,1,,Ubicación,Interior,1,1,,Antideslizante,No,1,1,,Rectificado,Sí,1,0,,Destonificación,V1 Cross uniforme,1,0,,Versión antideslizante,No,1,0,,"Interior: salón, baño, cocina",Porce Plus,Tivoli Cross,Esmalto,Ecoceramic,fichas/esmalto-ficha-tivoli-cross.pdf,Piedra,Material: Porcelánico | Acabado: Mate | Uso: Revestimiento | Espesor: 9 MM | Rectificado: Sí | Antideslizante: No | Versión antideslizante disponible: No | Destonificación: V1 Cross uniforme | Tipo de pieza: Baldosa,Tivoli Cross | Porcelánico Porce Plus | Esmalto,"Serie Tivoli Cross en porcelánico, acabado mate. 2 colores y 3 formatos.",,,,,,,,,,,,,,,,
,variation,ESM-TIVOLI-CROSS-CLASSIC-100X100,Tivoli Cross Classic 100x100,1,0,visible,,,taxable,parent,1,,0,0,41.15,0,,,,,https://raw.githubusercontent.com/kumen360/ESMALTO/main/catalogo/img/tivoli-cross/esmalto-pz-tivoli-cross-classic-100x100.webp,ESM-TIVOLI-CROSS,298,Color,Classic,1,1,,Formato,100x100,1,1,,Tipo de pieza,Baldosa,1,1,,,,,,,,,,,,,,,,,,,,,,,,,,,,,,,,,,,,,,,,,,,,,,,,,,,,,,,,,,,,,,,,,,,,,,,,,,,,,2,41.15,2,27,54,1133.05,13,100x100,9 mm,Porcelánico,Mate,Revestimiento,Sí,No,No,V1 Cross uniforme
,variation,ESM-TIVOLI-CROSS-IVORY-100X100,Tivoli Cross Ivory 100x100,1,0,visible,,,taxable,parent,1,,0,0,41.15,0,,,,,https://raw.githubusercontent.com/kumen360/ESMALTO/main/catalogo/img/tivoli-cross/esmalto-pz-tivoli-cross-ivory-100x100.webp,ESM-TIVOLI-CROSS,299,Color,Ivory,1,1,,Formato,100x100,1,1,,Tipo de pieza,Baldosa,1,1,,,,,,,,,,,,,,,,,,,,,,,,,,,,,,,,,,,,,,,,,,,,,,,,,,,,,,,,,,,,,,,,,,,,,,,,,,,,,2,41.15,2,27,54,1133.05,13,100x100,9 mm,Porcelánico,Mate,Revestimiento,Sí,No,No,V1 Cross uniforme
,variation,ESM-TIVOLI-CROSS-CLASSIC-120X120,Tivoli Cross Classic 120x120,1,0,visible,,,taxable,parent,1,,0,0,34.36,0,,,,,https://raw.githubusercontent.com/kumen360/ESMALTO/main/catalogo/img/tivoli-cross/esmalto-pz-tivoli-cross-classic-120x120.webp,ESM-TIVOLI-CROSS,300,Color,Classic,1,1,,Formato,120x120,1,1,,Tipo de pieza,Baldosa,1,1,,,,,,,,,,,,,,,,,,,,,,,,,,,,,,,,,,,,,,,,,,,,,,,,,,,,,,,,,,,,,,,,,,,,,,,,,,,,,1.44,34.36,1,36,51.84,1300,7,120x120,9 mm,Porcelánico,Mate,Revestimiento,Sí,No,No,V1 Cross uniforme
,variation,ESM-TIVOLI-CROSS-IVORY-120X120,Tivoli Cross Ivory 120x120,1,0,visible,,,taxable,parent,1,,0,0,34.36,0,,,,,https://raw.githubusercontent.com/kumen360/ESMALTO/main/catalogo/img/tivoli-cross/esmalto-pz-tivoli-cross-ivory-120x120.webp,ESM-TIVOLI-CROSS,301,Color,Ivory,1,1,,Formato,120x120,1,1,,Tipo de pieza,Baldosa,1,1,,,,,,,,,,,,,,,,,,,,,,,,,,,,,,,,,,,,,,,,,,,,,,,,,,,,,,,,,,,,,,,,,,,,,,,,,,,,,1.44,34.36,1,36,51.84,1300,7,120x120,9 mm,Porcelánico,Mate,Revestimiento,Sí,No,No,V1 Cross uniforme
,variation,ESM-TIVOLI-CROSS-CLASSIC-60X120,Tivoli Cross Classic 60x120,1,0,visible,,,taxable,parent,1,,0,0,28.62,0,,,,,https://raw.githubusercontent.com/kumen360/ESMALTO/main/catalogo/img/tivoli-cross/esmalto-pz-tivoli-cross-classic-60x120.webp,ESM-TIVOLI-CROSS,302,Color,Classic,1,1,,Formato,60x120,1,1,,Tipo de pieza,Baldosa,1,1,,,,,,,,,,,,,,,,,,,,,,,,,,,,,,,,,,,,,,,,,,,,,,,,,,,,,,,,,,,,,,,,,,,,,,,,,,,,,1.44,28.62,2,36,51.84,1055.32,14,60x120,9 mm,Porcelánico,Mate,Revestimiento,Sí,No,No,V1 Cross uniforme
,variation,ESM-TIVOLI-CROSS-IVORY-60X120,Tivoli Cross Ivory 60x120,1,0,visible,,,taxable,parent,1,,0,0,28.62,0,,,,,https://raw.githubusercontent.com/kumen360/ESMALTO/main/catalogo/img/tivoli-cross/esmalto-pz-tivoli-cross-ivory-60x120.webp,ESM-TIVOLI-CROSS,303,Color,Ivory,1,1,,Formato,60x120,1,1,,Tipo de pieza,Baldosa,1,1,,,,,,,,,,,,,,,,,,,,,,,,,,,,,,,,,,,,,,,,,,,,,,,,,,,,,,,,,,,,,,,,,,,,,,,,,,,,,1.44,28.62,2,36,51.84,1055.32,14,60x120,9 mm,Porcelánico,Mate,Revestimiento,Sí,No,No,V1 Cross uniforme
,variation,ESM-TIVOLI-CROSS-CLASSIC-60X120-RLV,Tivoli Cross Classic 60x120 Relieve,1,0,visible,,,taxable,parent,1,,0,0,28.62,0,,,,,https://raw.githubusercontent.com/kumen360/ESMALTO/main/catalogo/img/tivoli-cross/esmalto-pz-tivoli-cross-classic-60x120.webp,ESM-TIVOLI-CROSS,304,Color,Classic,1,1,,Formato,60x120,1,1,,Tipo de pieza,Relieve,1,1,,,,,,,,,,,,,,,,,,,,,,,,,,,,,,,,,,,,,,,,,,,,,,,,,,,,,,,,,,,,,,,,,,,,,,,,,,,,,1.44,28.62,2,36,51.84,1055.32,14,60x120,9 mm,Porcelánico,Mate,Revestimiento,Sí,No,No,V1 Cross uniforme
,variation,ESM-TIVOLI-CROSS-IVORY-60X120-RLV,Tivoli Cross Ivory 60x120 Relieve,1,0,visible,,,taxable,parent,1,,0,0,28.62,0,,,,,https://raw.githubusercontent.com/kumen360/ESMALTO/main/catalogo/img/tivoli-cross/esmalto-pz-tivoli-cross-ivory-60x120.webp,ESM-TIVOLI-CROSS,305,Color,Ivory,1,1,,Formato,60x120,1,1,,Tipo de pieza,Relieve,1,1,,,,,,,,,,,,,,,,,,,,,,,,,,,,,,,,,,,,,,,,,,,,,,,,,,,,,,,,,,,,,,,,,,,,,,,,,,,,,1.44,28.62,2,36,51.84,1055.32,14,60x120,9 mm,Porcelánico,Mate,Revestimiento,Sí,No,No,V1 Cross uniforme
,variable,ESM-TIVOLI-VEIN,Tivoli Vein,1,0,visible,"Serie Tivoli Vein en porcelánico, acabado mate. 2 colores y 3 formatos.","<p>Tivoli es una piedra de estética sobria y contemporánea. La versión Vein ofrece superficies suavemente veteadas con relieve lineal 60x120, aportando continuidad visual y profundidad.</p><h3>Características técnicas</h3><ul><li><strong>Material:</strong> Porcelánico</li><li><strong>Acabado:</strong> Mate</li><li><strong>Uso:</strong> Revestimiento</li><li><strong>Espesor:</strong> 9 MM</li><li><strong>Rectificado:</strong> Sí</li><li><strong>Antideslizante:</strong> No</li><li><strong>Versión antideslizante:</strong> No</li><li><strong>Destonificación:</strong> V2 Vein veteado suave</li><li><strong>Tipo de pieza:</strong> Baldosa y Relieve</li><li><strong>Familia:</strong> Porce Plus</li></ul><p><strong>Colores disponibles:</strong> Ivory, Classic.<br><strong>Formatos:</strong> 120x120, 100x100, 60x120.</p><p><strong>Espacios recomendados:</strong> Interior: salón, baño, cocina.</p><h3>Datos de embalaje</h3><table><thead><tr><th>Formato</th><th>Pz/caja</th><th>m²/caja</th><th>Kg/caja</th><th>Cajas/palet</th><th>m²/palet</th><th>Kg/palet</th></tr></thead><tbody><tr><td>100x100</td><td>2</td><td>2</td><td>41,15</td><td>27</td><td>54</td><td>1133,05</td></tr><tr><td>120x120</td><td>1</td><td>1,44</td><td>35</td><td>36</td><td>51,84</td><td>1300</td></tr><tr><td>60x120</td><td>2</td><td>1,44</td><td>28,62</td><td>36</td><td>51,84</td><td>1055,32</td></tr></tbody></table>",taxable,,1,,0,0,,0,,,Pavimentos y revestimientos > Porce Plus,,"https://raw.githubusercontent.com/kumen360/ESMALTO/main/catalogo/img/tivoli-cross/esmalto-amb-tivoli-cross-classic-60x120.webp, https://raw.githubusercontent.com/kumen360/ESMALTO/main/catalogo/img/tivoli-cross/esmalto-amb-tivoli-cross-rlv-classic-60x120-120x120.webp, https://raw.githubusercontent.com/kumen360/ESMALTO/main/catalogo/img/tivoli-vein/esmalto-amb-tivoli-vein-classic-100x100.webp, https://raw.githubusercontent.com/kumen360/ESMALTO/main/catalogo/img/tivoli-vein/esmalto-amb-tivoli-vein-classic-60x120.webp, https://raw.githubusercontent.com/kumen360/ESMALTO/main/catalogo/img/tivoli-vein/esmalto-amb-tivoli-vein-ivory-100x100.webp, https://raw.githubusercontent.com/kumen360/ESMALTO/main/catalogo/img/tivoli-vein/esmalto-amb-tivoli-vein-ivory-60x120.webp, https://raw.githubusercontent.com/kumen360/ESMALTO/main/catalogo/img/tivoli-vein/esmalto-pz-tivoli-vein-classic-100x100.webp, https://raw.githubusercontent.com/kumen360/ESMALTO/main/catalogo/img/tivoli-vein/esmalto-pz-tivoli-vein-classic-120x120.webp, https://raw.githubusercontent.com/kumen360/ESMALTO/main/catalogo/img/tivoli-vein/esmalto-pz-tivoli-vein-classic-60x120.webp, https://raw.githubusercontent.com/kumen360/ESMALTO/main/catalogo/img/tivoli-vein/esmalto-pz-tivoli-vein-ivory-100x100.webp, https://raw.githubusercontent.com/kumen360/ESMALTO/main/catalogo/img/tivoli-vein/esmalto-pz-tivoli-vein-ivory-120x120.webp, https://raw.githubusercontent.com/kumen360/ESMALTO/main/catalogo/img/tivoli-vein/esmalto-pz-tivoli-vein-ivory-60x120.webp, https://raw.githubusercontent.com/kumen360/ESMALTO/main/catalogo/img/tivoli-vein/esmalto-pz-tivoli-vein-rlv-classic-60x120.webp, https://raw.githubusercontent.com/kumen360/ESMALTO/main/catalogo/img/tivoli-vein/esmalto-pz-tivoli-vein-rlv-ivory-60x120.webp",,29,Color,"Ivory, Classic",1,1,Ivory,Formato,"120x120, 100x100, 60x120",1,1,120x120,Tipo de pieza,"Baldosa, Relieve",1,1,Baldosa,Espesor,9 mm,1,1,,Acabado,Mate,1,1,,Material,Porcelánico,1,1,,Uso,Revestimiento,1,1,,Familia,Porce Plus,1,1,,Estilo,Piedra,1,1,,Tono,Beige,0,1,,Espacio,"Baño, Cocina, Salón",1,1,,Ubicación,Interior,1,1,,Antideslizante,No,1,1,,Rectificado,Sí,1,0,,Destonificación,V2 Vein veteado suave,1,0,,Versión antideslizante,No,1,0,,"Interior: salón, baño, cocina",Porce Plus,Tivoli Vein,Esmalto,Ecoceramic,fichas/esmalto-ficha-tivoli-vein.pdf,Piedra,Material: Porcelánico | Acabado: Mate | Uso: Revestimiento | Espesor: 9 MM | Rectificado: Sí | Antideslizante: No | Versión antideslizante disponible: No | Destonificación: V2 Vein veteado suave | Tipo de pieza: Baldosa,Tivoli Vein | Porcelánico Porce Plus | Esmalto,"Serie Tivoli Vein en porcelánico, acabado mate. 2 colores y 3 formatos.",,,,,,,,,,,,,,,,
,variation,ESM-TIVOLI-VEIN-CLASSIC-100X100,Tivoli Vein Classic 100x100,1,0,visible,,,taxable,parent,1,,0,0,41.15,0,,,,,https://raw.githubusercontent.com/kumen360/ESMALTO/main/catalogo/img/tivoli-vein/esmalto-pz-tivoli-vein-classic-100x100.webp,ESM-TIVOLI-VEIN,306,Color,Classic,1,1,,Formato,100x100,1,1,,Tipo de pieza,Baldosa,1,1,,,,,,,,,,,,,,,,,,,,,,,,,,,,,,,,,,,,,,,,,,,,,,,,,,,,,,,,,,,,,,,,,,,,,,,,,,,,,2,41.15,2,27,54,1133.05,13,100x100,9 mm,Porcelánico,Mate,Revestimiento,Sí,No,No,V2 Vein veteado suave
,variation,ESM-TIVOLI-VEIN-IVORY-100X100,Tivoli Vein Ivory 100x100,1,0,visible,,,taxable,parent,1,,0,0,41.15,0,,,,,https://raw.githubusercontent.com/kumen360/ESMALTO/main/catalogo/img/tivoli-vein/esmalto-pz-tivoli-vein-ivory-100x100.webp,ESM-TIVOLI-VEIN,307,Color,Ivory,1,1,,Formato,100x100,1,1,,Tipo de pieza,Baldosa,1,1,,,,,,,,,,,,,,,,,,,,,,,,,,,,,,,,,,,,,,,,,,,,,,,,,,,,,,,,,,,,,,,,,,,,,,,,,,,,,2,41.15,2,27,54,1133.05,13,100x100,9 mm,Porcelánico,Mate,Revestimiento,Sí,No,No,V2 Vein veteado suave
,variation,ESM-TIVOLI-VEIN-CLASSIC-120X120,Tivoli Vein Classic 120x120,1,0,visible,,,taxable,parent,1,,0,0,34.36,0,,,,,https://raw.githubusercontent.com/kumen360/ESMALTO/main/catalogo/img/tivoli-vein/esmalto-pz-tivoli-vein-classic-120x120.webp,ESM-TIVOLI-VEIN,308,Color,Classic,1,1,,Formato,120x120,1,1,,Tipo de pieza,Baldosa,1,1,,,,,,,,,,,,,,,,,,,,,,,,,,,,,,,,,,,,,,,,,,,,,,,,,,,,,,,,,,,,,,,,,,,,,,,,,,,,,1.44,34.36,1,36,51.84,1300,7,120x120,9 mm,Porcelánico,Mate,Revestimiento,Sí,No,No,V2 Vein veteado suave
,variation,ESM-TIVOLI-VEIN-IVORY-120X120,Tivoli Vein Ivory 120x120,1,0,visible,,,taxable,parent,1,,0,0,34.36,0,,,,,https://raw.githubusercontent.com/kumen360/ESMALTO/main/catalogo/img/tivoli-vein/esmalto-pz-tivoli-vein-ivory-120x120.webp,ESM-TIVOLI-VEIN,309,Color,Ivory,1,1,,Formato,120x120,1,1,,Tipo de pieza,Baldosa,1,1,,,,,,,,,,,,,,,,,,,,,,,,,,,,,,,,,,,,,,,,,,,,,,,,,,,,,,,,,,,,,,,,,,,,,,,,,,,,,1.44,34.36,1,36,51.84,1300,7,120x120,9 mm,Porcelánico,Mate,Revestimiento,Sí,No,No,V2 Vein veteado suave
,variation,ESM-TIVOLI-VEIN-CLASSIC-60X120,Tivoli Vein Classic 60x120,1,0,visible,,,taxable,parent,1,,0,0,28.62,0,,,,,https://raw.githubusercontent.com/kumen360/ESMALTO/main/catalogo/img/tivoli-vein/esmalto-pz-tivoli-vein-classic-60x120.webp,ESM-TIVOLI-VEIN,310,Color,Classic,1,1,,Formato,60x120,1,1,,Tipo de pieza,Baldosa,1,1,,,,,,,,,,,,,,,,,,,,,,,,,,,,,,,,,,,,,,,,,,,,,,,,,,,,,,,,,,,,,,,,,,,,,,,,,,,,,1.44,28.62,2,36,51.84,1055.32,14,60x120,9 mm,Porcelánico,Mate,Revestimiento,Sí,No,No,V2 Vein veteado suave
,variation,ESM-TIVOLI-VEIN-IVORY-60X120,Tivoli Vein Ivory 60x120,1,0,visible,,,taxable,parent,1,,0,0,28.62,0,,,,,https://raw.githubusercontent.com/kumen360/ESMALTO/main/catalogo/img/tivoli-vein/esmalto-pz-tivoli-vein-ivory-60x120.webp,ESM-TIVOLI-VEIN,311,Color,Ivory,1,1,,Formato,60x120,1,1,,Tipo de pieza,Baldosa,1,1,,,,,,,,,,,,,,,,,,,,,,,,,,,,,,,,,,,,,,,,,,,,,,,,,,,,,,,,,,,,,,,,,,,,,,,,,,,,,1.44,28.62,2,36,51.84,1055.32,14,60x120,9 mm,Porcelánico,Mate,Revestimiento,Sí,No,No,V2 Vein veteado suave
,variation,ESM-TIVOLI-VEIN-CLASSIC-60X120-RLV,Tivoli Vein Classic 60x120 Relieve,1,0,visible,,,taxable,parent,1,,0,0,28.62,0,,,,,https://raw.githubusercontent.com/kumen360/ESMALTO/main/catalogo/img/tivoli-vein/esmalto-pz-tivoli-vein-classic-60x120.webp,ESM-TIVOLI-VEIN,312,Color,Classic,1,1,,Formato,60x120,1,1,,Tipo de pieza,Relieve,1,1,,,,,,,,,,,,,,,,,,,,,,,,,,,,,,,,,,,,,,,,,,,,,,,,,,,,,,,,,,,,,,,,,,,,,,,,,,,,,1.44,28.62,2,36,51.84,1055.32,14,60x120,9 mm,Porcelánico,Mate,Revestimiento,Sí,No,No,V2 Vein veteado suave
,variation,ESM-TIVOLI-VEIN-IVORY-60X120-RLV,Tivoli Vein Ivory 60x120 Relieve,1,0,visible,,,taxable,parent,1,,0,0,28.62,0,,,,,https://raw.githubusercontent.com/kumen360/ESMALTO/main/catalogo/img/tivoli-vein/esmalto-pz-tivoli-vein-ivory-60x120.webp,ESM-TIVOLI-VEIN,313,Color,Ivory,1,1,,Formato,60x120,1,1,,Tipo de pieza,Relieve,1,1,,,,,,,,,,,,,,,,,,,,,,,,,,,,,,,,,,,,,,,,,,,,,,,,,,,,,,,,,,,,,,,,,,,,,,,,,,,,,1.44,28.62,2,36,51.84,1055.32,14,60x120,9 mm,Porcelánico,Mate,Revestimiento,Sí,No,No,V2 Vein veteado suave
,variable,ESM-VALENTINO,Valentino,1,0,visible,"Serie Valentino en porcelánico, acabado mate. 2 colores y 1 formato.","<p>La serie <strong>Valentino</strong> está fabricada en porcelánico con acabado mate. Se presenta en 2 colores y 1 formato, con un total de 2 referencias.</p><h3>Características técnicas</h3><ul><li><strong>Material:</strong> Porcelánico</li><li><strong>Acabado:</strong> Mate</li><li><strong>Uso:</strong> Pavimento y revestimiento</li><li><strong>Espesor:</strong> 9 MM</li><li><strong>Antideslizante:</strong> No</li><li><strong>Versión antideslizante:</strong> No</li><li><strong>Tipo de pieza:</strong> Baldosa</li><li><strong>Familia:</strong> Porcelain</li></ul><p><strong>Colores disponibles:</strong> Beige, Natural.<br><strong>Formatos:</strong> 60x120.</p><p><strong>Espacios recomendados:</strong> Interior y exterior: salón, cocina, baño, terraza y fachada.</p><h3>Datos de embalaje</h3><table><thead><tr><th>Formato</th><th>Pz/caja</th><th>m²/caja</th><th>Kg/caja</th><th>Cajas/palet</th><th>m²/palet</th><th>Kg/palet</th></tr></thead><tbody><tr><td>60x120</td><td>2</td><td>1,44</td><td>28,62</td><td>36</td><td>51,84</td><td>1030,32</td></tr></tbody></table>",taxable,,1,,0,0,,0,,,Pavimentos y revestimientos > Porcelain,,"https://raw.githubusercontent.com/kumen360/ESMALTO/main/catalogo/img/valentino/esmalto-amb-valentino-beige-60x120.webp, https://raw.githubusercontent.com/kumen360/ESMALTO/main/catalogo/img/valentino/esmalto-amb-valentino-beige-60x120-detalle.webp, https://raw.githubusercontent.com/kumen360/ESMALTO/main/catalogo/img/valentino/esmalto-amb-valentino-natural-60x120.webp, https://raw.githubusercontent.com/kumen360/ESMALTO/main/catalogo/img/valentino/esmalto-amb-valentino-natural-60x120-detalle.webp, https://raw.githubusercontent.com/kumen360/ESMALTO/main/catalogo/img/valentino/esmalto-pz-valentino-beige-60x120.webp, https://raw.githubusercontent.com/kumen360/ESMALTO/main/catalogo/img/valentino/esmalto-pz-valentino-natural-60x120-01.webp",,30,Color,"Beige, Natural",1,1,Beige,Formato,60x120,1,1,,Tipo de pieza,Baldosa,1,1,,Espesor,9 mm,1,1,,Acabado,Mate,1,1,,Material,Porcelánico,1,1,,Uso,"Pavimento, Revestimiento",1,1,,Familia,Porcelain,1,1,,Estilo,Mármol,1,1,,Tono,Beige,0,1,,Espacio,"Baño, Cocina, Salón, Terraza, Fachada",1,1,,Ubicación,"Interior, Exterior",1,1,,Antideslizante,No,1,1,,Versión antideslizante,No,1,0,,,,,,,,,,,,"Interior y exterior: salón, cocina, baño, terraza y fachada",Porcelain,Valentino,Esmalto,Ecoceramic,fichas/esmalto-ficha-valentino.pdf,Mármol,Material: Porcelánico | Acabado: Mate | Uso: Pavimento y revestimiento | Espesor: 9 MM | Antideslizante: No | Versión antideslizante disponible: No | Tipo de pieza: Baldosa,Valentino | Porcelánico Porcelain | Esmalto,"Serie Valentino en porcelánico, acabado mate. 2 colores y 1 formato.",,,,,,,,,,,,,,,,
,variation,ESM-VALENTINO-BEIGE-60X120,Valentino Beige 60x120,1,0,visible,,,taxable,parent,1,,0,0,28.62,0,,,,,https://raw.githubusercontent.com/kumen360/ESMALTO/main/catalogo/img/valentino/esmalto-pz-valentino-beige-60x120.webp,ESM-VALENTINO,314,Color,Beige,1,1,,,,,,,,,,,,,,,,,,,,,,,,,,,,,,,,,,,,,,,,,,,,,,,,,,,,,,,,,,,,,,,,,,,,,,,,,,,,,,,,,,,,,,,1.44,28.62,2,36,51.84,1030.32,14,60x120,9 mm,Porcelánico,Mate,Pavimento y revestimiento,,No,No,
,variation,ESM-VALENTINO-NATURAL-60X120,Valentino Natural 60x120,1,0,visible,,,taxable,parent,1,,0,0,28.62,0,,,,,https://raw.githubusercontent.com/kumen360/ESMALTO/main/catalogo/img/valentino/esmalto-pz-valentino-natural-60x120-01.webp,ESM-VALENTINO,315,Color,Natural,1,1,,,,,,,,,,,,,,,,,,,,,,,,,,,,,,,,,,,,,,,,,,,,,,,,,,,,,,,,,,,,,,,,,,,,,,,,,,,,,,,,,,,,,,,1.44,28.62,2,36,51.84,1030.32,14,60x120,9 mm,Porcelánico,Mate,Pavimento y revestimiento,,No,No,
,variable,ESM-VERMONT,Vermont,1,0,visible,"Serie Vermont en porcelánico, acabado mate. 3 colores y 4 formatos.","<p>La serie <strong>Vermont</strong> está fabricada en porcelánico con acabado mate. Se presenta en 3 colores y 4 formatos, con un total de 12 referencias.</p><h3>Características técnicas</h3><ul><li><strong>Material:</strong> Porcelánico</li><li><strong>Acabado:</strong> Mate</li><li><strong>Uso:</strong> Pavimento y revestimiento</li><li><strong>Espesor:</strong> 9 MM</li><li><strong>Antideslizante:</strong> No</li><li><strong>Versión antideslizante:</strong> Sí</li><li><strong>Tipo de pieza:</strong> Baldosa</li><li><strong>Familia:</strong> Porce Plus</li></ul><p><strong>Colores disponibles:</strong> White, Pearl, Sand.<br><strong>Formatos:</strong> 120x120, 100x100, 60x60, 60x120.</p><p><strong>Espacios recomendados:</strong> Interior: salón, cocina, baño y dormitorio; formatos grandes.</p><h3>Datos de embalaje</h3><table><thead><tr><th>Formato</th><th>Pz/caja</th><th>m²/caja</th><th>Kg/caja</th><th>Cajas/palet</th><th>m²/palet</th><th>Kg/palet</th></tr></thead><tbody><tr><td>100x100</td><td>2</td><td>2</td><td>41,15</td><td>27</td><td>54</td><td>1133,05</td></tr><tr><td>120x120</td><td>1</td><td>1,44</td><td>34,36</td><td>36</td><td>51,84</td><td>1276,96</td></tr><tr><td>60x120</td><td>2</td><td>1,44</td><td>28,62</td><td>36</td><td>51,84</td><td>1055,32</td></tr><tr><td>60x60</td><td>5</td><td>1,80</td><td>35,36</td><td>30</td><td>54</td><td>1080,80</td></tr></tbody></table>",taxable,,1,,0,0,,0,,,Pavimentos y revestimientos > Porce Plus,,"https://raw.githubusercontent.com/kumen360/ESMALTO/main/catalogo/img/vermont/esmalto-amb-vermont-pearl-100x100.webp, https://raw.githubusercontent.com/kumen360/ESMALTO/main/catalogo/img/vermont/esmalto-amb-vermont-pearl-120x120-60x120.webp, https://raw.githubusercontent.com/kumen360/ESMALTO/main/catalogo/img/vermont/esmalto-amb-vermont-sand-100x100-60x120.webp, https://raw.githubusercontent.com/kumen360/ESMALTO/main/catalogo/img/vermont/esmalto-amb-vermont-sand-120x120-60x120.webp, https://raw.githubusercontent.com/kumen360/ESMALTO/main/catalogo/img/vermont/esmalto-amb-vermont-white-120x120-60x120.webp, https://raw.githubusercontent.com/kumen360/ESMALTO/main/catalogo/img/vermont/esmalto-amb-vermont-white-60x120.webp, https://raw.githubusercontent.com/kumen360/ESMALTO/main/catalogo/img/vermont/esmalto-pz-vermont-pearl-120x120.webp, https://raw.githubusercontent.com/kumen360/ESMALTO/main/catalogo/img/vermont/esmalto-pz-vermont-pearl-60x120.webp, https://raw.githubusercontent.com/kumen360/ESMALTO/main/catalogo/img/vermont/esmalto-pz-vermont-pearl-60x60.webp, https://raw.githubusercontent.com/kumen360/ESMALTO/main/catalogo/img/vermont/esmalto-pz-vermont-pearl-90x90.webp, https://raw.githubusercontent.com/kumen360/ESMALTO/main/catalogo/img/vermont/esmalto-pz-vermont-sand-120x120.webp, https://raw.githubusercontent.com/kumen360/ESMALTO/main/catalogo/img/vermont/esmalto-pz-vermont-sand-60x120.webp, https://raw.githubusercontent.com/kumen360/ESMALTO/main/catalogo/img/vermont/esmalto-pz-vermont-sand-60x60.webp, https://raw.githubusercontent.com/kumen360/ESMALTO/main/catalogo/img/vermont/esmalto-pz-vermont-sand-90x90.webp, https://raw.githubusercontent.com/kumen360/ESMALTO/main/catalogo/img/vermont/esmalto-pz-vermont-white-120x120.webp, https://raw.githubusercontent.com/kumen360/ESMALTO/main/catalogo/img/vermont/esmalto-pz-vermont-white-60x120.webp, https://raw.githubusercontent.com/kumen360/ESMALTO/main/catalogo/img/vermont/esmalto-pz-vermont-white-60x60.webp, https://raw.githubusercontent.com/kumen360/ESMALTO/main/catalogo/img/vermont/esmalto-pz-vermont-white-90x90.webp",,31,Color,"White, Pearl, Sand",1,1,White,Formato,"120x120, 100x100, 60x60, 60x120",1,1,120x120,Tipo de pieza,Baldosa,1,1,,Espesor,9 mm,1,1,,Acabado,Mate,1,1,,Material,Porcelánico,1,1,,Uso,"Pavimento, Revestimiento",1,1,,Familia,Porce Plus,1,1,,Estilo,Piedra,1,1,,Tono,"Blanco, Gris, Beige",0,1,,Espacio,"Baño, Cocina, Salón, Dormitorio",1,1,,Ubicación,Interior,1,1,,Antideslizante,No,1,1,,Versión antideslizante,Sí,1,0,,,,,,,,,,,,"Interior: salón, cocina, baño y dormitorio; formatos grandes",Porce Plus,Vermont,Esmalto,Ecoceramic,fichas/esmalto-ficha-vermont.pdf,Piedra,Material: Porcelánico | Acabado: Mate | Uso: Pavimento y revestimiento | Espesor: 9 MM | Antideslizante: No | Versión antideslizante disponible: Sí | Tipo de pieza: Baldosa,Vermont | Porcelánico Porce Plus | Esmalto,"Serie Vermont en porcelánico, acabado mate. 3 colores y 4 formatos.",,,,,,,,,,,,,,,,
,variation,ESM-VERMONT-PEARL-100X100,Vermont Pearl 100x100,1,0,visible,,,taxable,parent,1,,0,0,41.15,0,,,,,https://raw.githubusercontent.com/kumen360/ESMALTO/main/catalogo/img/vermont/esmalto-pz-vermont-pearl-120x120.webp,ESM-VERMONT,316,Color,Pearl,1,1,,Formato,100x100,1,1,,,,,,,,,,,,,,,,,,,,,,,,,,,,,,,,,,,,,,,,,,,,,,,,,,,,,,,,,,,,,,,,,,,,,,,,,,,,,,,,,,2,41.15,2,27,54,1133.05,12,100x100,9 mm,Porcelánico,Mate,Pavimento y revestimiento,,No,Sí,
,variation,ESM-VERMONT-SAND-100X100,Vermont Sand 100x100,1,0,visible,,,taxable,parent,1,,0,0,41.15,0,,,,,https://raw.githubusercontent.com/kumen360/ESMALTO/main/catalogo/img/vermont/esmalto-pz-vermont-sand-120x120.webp,ESM-VERMONT,317,Color,Sand,1,1,,Formato,100x100,1,1,,,,,,,,,,,,,,,,,,,,,,,,,,,,,,,,,,,,,,,,,,,,,,,,,,,,,,,,,,,,,,,,,,,,,,,,,,,,,,,,,,2,41.15,2,27,54,1133.05,12,100x100,9 mm,Porcelánico,Mate,Pavimento y revestimiento,,No,Sí,
,variation,ESM-VERMONT-WHITE-100X100,Vermont White 100x100,1,0,visible,,,taxable,parent,1,,0,0,41.15,0,,,,,https://raw.githubusercontent.com/kumen360/ESMALTO/main/catalogo/img/vermont/esmalto-pz-vermont-white-120x120.webp,ESM-VERMONT,318,Color,White,1,1,,Formato,100x100,1,1,,,,,,,,,,,,,,,,,,,,,,,,,,,,,,,,,,,,,,,,,,,,,,,,,,,,,,,,,,,,,,,,,,,,,,,,,,,,,,,,,,2,41.15,2,27,54,1133.05,12,100x100,9 mm,Porcelánico,Mate,Pavimento y revestimiento,,No,Sí,
,variation,ESM-VERMONT-PEARL-120X120,Vermont Pearl 120x120,1,0,visible,,,taxable,parent,1,,0,0,34.36,0,,,,,https://raw.githubusercontent.com/kumen360/ESMALTO/main/catalogo/img/vermont/esmalto-pz-vermont-pearl-120x120.webp,ESM-VERMONT,319,Color,Pearl,1,1,,Formato,120x120,1,1,,,,,,,,,,,,,,,,,,,,,,,,,,,,,,,,,,,,,,,,,,,,,,,,,,,,,,,,,,,,,,,,,,,,,,,,,,,,,,,,,,1.44,34.36,1,36,51.84,1276.96,7,120x120,9 mm,Porcelánico,Mate,Pavimento y revestimiento,,No,Sí,
,variation,ESM-VERMONT-SAND-120X120,Vermont Sand 120x120,1,0,visible,,,taxable,parent,1,,0,0,34.36,0,,,,,https://raw.githubusercontent.com/kumen360/ESMALTO/main/catalogo/img/vermont/esmalto-pz-vermont-sand-120x120.webp,ESM-VERMONT,320,Color,Sand,1,1,,Formato,120x120,1,1,,,,,,,,,,,,,,,,,,,,,,,,,,,,,,,,,,,,,,,,,,,,,,,,,,,,,,,,,,,,,,,,,,,,,,,,,,,,,,,,,,1.44,34.36,1,36,51.84,1276.96,7,120x120,9 mm,Porcelánico,Mate,Pavimento y revestimiento,,No,Sí,
,variation,ESM-VERMONT-WHITE-120X120,Vermont White 120x120,1,0,visible,,,taxable,parent,1,,0,0,34.36,0,,,,,https://raw.githubusercontent.com/kumen360/ESMALTO/main/catalogo/img/vermont/esmalto-pz-vermont-white-120x120.webp,ESM-VERMONT,321,Color,White,1,1,,Formato,120x120,1,1,,,,,,,,,,,,,,,,,,,,,,,,,,,,,,,,,,,,,,,,,,,,,,,,,,,,,,,,,,,,,,,,,,,,,,,,,,,,,,,,,,1.44,34.36,1,36,51.84,1276.96,7,120x120,9 mm,Porcelánico,Mate,Pavimento y revestimiento,,No,Sí,
,variation,ESM-VERMONT-PEARL-60X120,Vermont Pearl 60x120,1,0,visible,,,taxable,parent,1,,0,0,28.62,0,,,,,https://raw.githubusercontent.com/kumen360/ESMALTO/main/catalogo/img/vermont/esmalto-pz-vermont-pearl-60x120.webp,ESM-VERMONT,322,Color,Pearl,1,1,,Formato,60x120,1,1,,,,,,,,,,,,,,,,,,,,,,,,,,,,,,,,,,,,,,,,,,,,,,,,,,,,,,,,,,,,,,,,,,,,,,,,,,,,,,,,,,1.44,28.62,2,36,51.84,1055.32,14,60x120,9 mm,Porcelánico,Mate,Pavimento y revestimiento,,No,Sí,
,variation,ESM-VERMONT-SAND-60X120,Vermont Sand 60x120,1,0,visible,,,taxable,parent,1,,0,0,28.62,0,,,,,https://raw.githubusercontent.com/kumen360/ESMALTO/main/catalogo/img/vermont/esmalto-pz-vermont-sand-60x120.webp,ESM-VERMONT,323,Color,Sand,1,1,,Formato,60x120,1,1,,,,,,,,,,,,,,,,,,,,,,,,,,,,,,,,,,,,,,,,,,,,,,,,,,,,,,,,,,,,,,,,,,,,,,,,,,,,,,,,,,1.44,28.62,2,36,51.84,1055.32,14,60x120,9 mm,Porcelánico,Mate,Pavimento y revestimiento,,No,Sí,
,variation,ESM-VERMONT-WHITE-60X120,Vermont White 60x120,1,0,visible,,,taxable,parent,1,,0,0,28.62,0,,,,,https://raw.githubusercontent.com/kumen360/ESMALTO/main/catalogo/img/vermont/esmalto-pz-vermont-white-60x120.webp,ESM-VERMONT,324,Color,White,1,1,,Formato,60x120,1,1,,,,,,,,,,,,,,,,,,,,,,,,,,,,,,,,,,,,,,,,,,,,,,,,,,,,,,,,,,,,,,,,,,,,,,,,,,,,,,,,,,1.44,28.62,2,36,51.84,1055.32,14,60x120,9 mm,Porcelánico,Mate,Pavimento y revestimiento,,No,Sí,
,variation,ESM-VERMONT-PEARL-60X60,Vermont Pearl 60x60,1,0,visible,,,taxable,parent,1,,0,0,35.36,0,,,,,https://raw.githubusercontent.com/kumen360/ESMALTO/main/catalogo/img/vermont/esmalto-pz-vermont-pearl-60x60.webp,ESM-VERMONT,325,Color,Pearl,1,1,,Formato,60x60,1,1,,,,,,,,,,,,,,,,,,,,,,,,,,,,,,,,,,,,,,,,,,,,,,,,,,,,,,,,,,,,,,,,,,,,,,,,,,,,,,,,,,1.8,35.36,5,30,54,1080.80,21,60x60,9 mm,Porcelánico,Mate,Pavimento y revestimiento,,No,Sí,
,variation,ESM-VERMONT-SAND-60X60,Vermont Sand 60x60,1,0,visible,,,taxable,parent,1,,0,0,35.36,0,,,,,https://raw.githubusercontent.com/kumen360/ESMALTO/main/catalogo/img/vermont/esmalto-pz-vermont-sand-60x60.webp,ESM-VERMONT,326,Color,Sand,1,1,,Formato,60x60,1,1,,,,,,,,,,,,,,,,,,,,,,,,,,,,,,,,,,,,,,,,,,,,,,,,,,,,,,,,,,,,,,,,,,,,,,,,,,,,,,,,,,1.8,35.36,5,30,54,1080.80,21,60x60,9 mm,Porcelánico,Mate,Pavimento y revestimiento,,No,Sí,
,variation,ESM-VERMONT-WHITE-60X60,Vermont White 60x60,1,0,visible,,,taxable,parent,1,,0,0,35.36,0,,,,,https://raw.githubusercontent.com/kumen360/ESMALTO/main/catalogo/img/vermont/esmalto-pz-vermont-white-60x60.webp,ESM-VERMONT,327,Color,White,1,1,,Formato,60x60,1,1,,,,,,,,,,,,,,,,,,,,,,,,,,,,,,,,,,,,,,,,,,,,,,,,,,,,,,,,,,,,,,,,,,,,,,,,,,,,,,,,,,1.8,35.36,5,30,54,1080.80,21,60x60,9 mm,Porcelánico,Mate,Pavimento y revestimiento,,No,Sí,
,variable,ESM-WALKYRIA,Walkyria,1,0,visible,"Serie Walkyria en porcelánico, acabado mate. 8 colores y 1 formato.","<p>La serie <strong>Walkyria</strong> está fabricada en porcelánico con acabado mate. Se presenta en 8 colores y 1 formato, con un total de 8 referencias.</p><h3>Características técnicas</h3><ul><li><strong>Material:</strong> Porcelánico</li><li><strong>Acabado:</strong> Mate</li><li><strong>Uso:</strong> Pavimento y revestimiento</li><li><strong>Espesor:</strong> 9 MM</li><li><strong>Antideslizante:</strong> No</li><li><strong>Versión antideslizante:</strong> No / Sí</li><li><strong>Tipo de pieza:</strong> Baldosa</li><li><strong>Familia:</strong> Eco Woods</li></ul><p><strong>Colores disponibles:</strong> White, Pearl, Silver, Smoke, Graphite, Maple, Oak, Fresno.<br><strong>Formatos:</strong> 20x120.</p><p><strong>Espacios recomendados:</strong> Interior: salón, dormitorio, cocina y baño; efecto madera.</p><h3>Datos de embalaje</h3><table><thead><tr><th>Formato</th><th>Pz/caja</th><th>m²/caja</th><th>Kg/caja</th><th>Cajas/palet</th><th>m²/palet</th><th>Kg/palet</th></tr></thead><tbody><tr><td>15x90</td><td>8</td><td>1,08</td><td>22,50</td><td>56</td><td>60,48</td><td>1282</td></tr><tr><td>20x120</td><td>7</td><td>1,68</td><td>32</td><td>44</td><td>73,92</td><td>1437</td></tr></tbody></table>",taxable,,1,,0,0,,0,,,Pavimentos y revestimientos > Eco Woods,,"https://raw.githubusercontent.com/kumen360/ESMALTO/main/catalogo/img/walkyria/esmalto-amb-walkyria.webp, https://raw.githubusercontent.com/kumen360/ESMALTO/main/catalogo/img/walkyria/esmalto-amb-walkyria-120x280-20x120.webp, https://raw.githubusercontent.com/kumen360/ESMALTO/main/catalogo/img/walkyria/esmalto-amb-walkyria-maple.webp, https://raw.githubusercontent.com/kumen360/ESMALTO/main/catalogo/img/walkyria/esmalto-amb-walkyria-maple-15x90.webp, https://raw.githubusercontent.com/kumen360/ESMALTO/main/catalogo/img/walkyria/esmalto-amb-walkyria-oak.webp, https://raw.githubusercontent.com/kumen360/ESMALTO/main/catalogo/img/walkyria/esmalto-amb-walkyria-pearl.webp, https://raw.githubusercontent.com/kumen360/ESMALTO/main/catalogo/img/walkyria/esmalto-amb-walkyria-pearl-v2.webp, https://raw.githubusercontent.com/kumen360/ESMALTO/main/catalogo/img/walkyria/esmalto-amb-walkyria-v2.webp, https://raw.githubusercontent.com/kumen360/ESMALTO/main/catalogo/img/walkyria/esmalto-pz-walkyria-fresno.webp, https://raw.githubusercontent.com/kumen360/ESMALTO/main/catalogo/img/walkyria/esmalto-pz-walkyria-graphite.webp, https://raw.githubusercontent.com/kumen360/ESMALTO/main/catalogo/img/walkyria/esmalto-pz-walkyria-maple.webp, https://raw.githubusercontent.com/kumen360/ESMALTO/main/catalogo/img/walkyria/esmalto-pz-walkyria-oak.webp, https://raw.githubusercontent.com/kumen360/ESMALTO/main/catalogo/img/walkyria/esmalto-pz-walkyria-pearl.webp, https://raw.githubusercontent.com/kumen360/ESMALTO/main/catalogo/img/walkyria/esmalto-pz-walkyria-rodapie-fresno.webp, https://raw.githubusercontent.com/kumen360/ESMALTO/main/catalogo/img/walkyria/esmalto-pz-walkyria-rodapie-graphite.webp, https://raw.githubusercontent.com/kumen360/ESMALTO/main/catalogo/img/walkyria/esmalto-pz-walkyria-rodapie-maple.webp, https://raw.githubusercontent.com/kumen360/ESMALTO/main/catalogo/img/walkyria/esmalto-pz-walkyria-rodapie-oak.webp, https://raw.githubusercontent.com/kumen360/ESMALTO/main/catalogo/img/walkyria/esmalto-pz-walkyria-rodapie-pearl.webp, https://raw.githubusercontent.com/kumen360/ESMALTO/main/catalogo/img/walkyria/esmalto-pz-walkyria-rodapie-silver.webp, https://raw.githubusercontent.com/kumen360/ESMALTO/main/catalogo/img/walkyria/esmalto-pz-walkyria-rodapie-smoke.webp, https://raw.githubusercontent.com/kumen360/ESMALTO/main/catalogo/img/walkyria/esmalto-pz-walkyria-rodapie-white.webp, https://raw.githubusercontent.com/kumen360/ESMALTO/main/catalogo/img/walkyria/esmalto-pz-walkyria-silver.webp, https://raw.githubusercontent.com/kumen360/ESMALTO/main/catalogo/img/walkyria/esmalto-pz-walkyria-smoke.webp, https://raw.githubusercontent.com/kumen360/ESMALTO/main/catalogo/img/walkyria/esmalto-pz-walkyria-white.webp, https://raw.githubusercontent.com/kumen360/ESMALTO/main/catalogo/img/walkyria/15x90/esmalto-pz-walkyria-fresno-15x90-01.webp, https://raw.githubusercontent.com/kumen360/ESMALTO/main/catalogo/img/walkyria/15x90/esmalto-pz-walkyria-maple-15x90-01.webp, https://raw.githubusercontent.com/kumen360/ESMALTO/main/catalogo/img/walkyria/15x90/esmalto-pz-walkyria-oak-15x90-01.webp, https://raw.githubusercontent.com/kumen360/ESMALTO/main/catalogo/img/walkyria/15x90/esmalto-pz-walkyria-pearl-15x90-01.webp, https://raw.githubusercontent.com/kumen360/ESMALTO/main/catalogo/img/walkyria/peldano/esmalto-pz-walkyria-peldano-extrusionado-fresno-32x120.webp, https://raw.githubusercontent.com/kumen360/ESMALTO/main/catalogo/img/walkyria/peldano/esmalto-pz-walkyria-peldano-extrusionado-graphite-32x120.webp, https://raw.githubusercontent.com/kumen360/ESMALTO/main/catalogo/img/walkyria/peldano/esmalto-pz-walkyria-peldano-extrusionado-maple-32x120.webp, https://raw.githubusercontent.com/kumen360/ESMALTO/main/catalogo/img/walkyria/peldano/esmalto-pz-walkyria-peldano-extrusionado-maple-32x120-01.webp, https://raw.githubusercontent.com/kumen360/ESMALTO/main/catalogo/img/walkyria/peldano/esmalto-pz-walkyria-peldano-extrusionado-maple-32x120-02.webp, https://raw.githubusercontent.com/kumen360/ESMALTO/main/catalogo/img/walkyria/peldano/esmalto-pz-walkyria-peldano-extrusionado-oak-32x120.webp, https://raw.githubusercontent.com/kumen360/ESMALTO/main/catalogo/img/walkyria/peldano/esmalto-pz-walkyria-peldano-extrusionado-pearl-32x120.webp, https://raw.githubusercontent.com/kumen360/ESMALTO/main/catalogo/img/walkyria/peldano/esmalto-pz-walkyria-peldano-extrusionado-silver-32x120.webp, https://raw.githubusercontent.com/kumen360/ESMALTO/main/catalogo/img/walkyria/peldano/esmalto-pz-walkyria-peldano-extrusionado-smoke-32x120.webp, https://raw.githubusercontent.com/kumen360/ESMALTO/main/catalogo/img/walkyria/peldano/esmalto-pz-walkyria-peldano-extrusionado-white-32x120.webp",,32,Color,"White, Pearl, Silver, Smoke, Graphite, Maple, Oak, Fresno",1,1,White,Formato,20x120,1,1,,Tipo de pieza,Baldosa,1,1,,Espesor,9 mm,1,1,,Acabado,Mate,1,1,,Material,Porcelánico,1,1,,Uso,"Pavimento, Revestimiento",1,1,,Familia,Eco Woods,1,1,,Estilo,Madera,1,1,,Tono,"Blanco, Gris, Negro, Beige, Marrón",0,1,,Espacio,"Baño, Cocina, Salón, Dormitorio",1,1,,Ubicación,Interior,1,1,,Antideslizante,No,1,1,,Versión antideslizante,"No, Sí",1,0,,,,,,,,,,,,"Interior: salón, dormitorio, cocina y baño; efecto madera",Eco Woods,Walkyria,Esmalto,Ecoceramic,fichas/esmalto-ficha-walkyria.pdf,Madera,Material: Porcelánico | Acabado: Mate | Uso: Pavimento y revestimiento | Espesor: 9 MM | Antideslizante: No | Versión antideslizante disponible: No | Tipo de pieza: Baldosa,Walkyria | Porcelánico Eco Woods | Esmalto,"Serie Walkyria en porcelánico, acabado mate. 8 colores y 1 formato.",,,,,,,,,,,,,,,,
,variation,ESM-WALKYRIA-FRESNO-20X120,Walkyria Fresno 20x120,1,0,visible,,,taxable,parent,1,,0,0,32,0,,,,,https://raw.githubusercontent.com/kumen360/ESMALTO/main/catalogo/img/walkyria/esmalto-pz-walkyria-fresno.webp,ESM-WALKYRIA,328,Color,Fresno,1,1,,,,,,,,,,,,,,,,,,,,,,,,,,,,,,,,,,,,,,,,,,,,,,,,,,,,,,,,,,,,,,,,,,,,,,,,,,,,,,,,,,,,,,,1.68,32,7,44,73.92,1437,42,20x120,9 mm,Porcelánico,Mate,Pavimento y revestimiento,,No,Sí,
,variation,ESM-WALKYRIA-GRAPHITE-20X120,Walkyria Graphite 20x120,1,0,visible,,,taxable,parent,1,,0,0,32,0,,,,,https://raw.githubusercontent.com/kumen360/ESMALTO/main/catalogo/img/walkyria/esmalto-pz-walkyria-graphite.webp,ESM-WALKYRIA,329,Color,Graphite,1,1,,,,,,,,,,,,,,,,,,,,,,,,,,,,,,,,,,,,,,,,,,,,,,,,,,,,,,,,,,,,,,,,,,,,,,,,,,,,,,,,,,,,,,,1.68,32,7,44,73.92,1437,42,20x120,9 mm,Porcelánico,Mate,Pavimento y revestimiento,,No,No,
,variation,ESM-WALKYRIA-MAPLE-20X120,Walkyria Maple 20x120,1,0,visible,,,taxable,parent,1,,0,0,32,0,,,,,https://raw.githubusercontent.com/kumen360/ESMALTO/main/catalogo/img/walkyria/esmalto-pz-walkyria-maple.webp,ESM-WALKYRIA,330,Color,Maple,1,1,,,,,,,,,,,,,,,,,,,,,,,,,,,,,,,,,,,,,,,,,,,,,,,,,,,,,,,,,,,,,,,,,,,,,,,,,,,,,,,,,,,,,,,1.68,32,7,44,73.92,1437,42,20x120,9 mm,Porcelánico,Mate,Pavimento y revestimiento,,No,Sí,
,variation,ESM-WALKYRIA-OAK-20X120,Walkyria Oak 20x120,1,0,visible,,,taxable,parent,1,,0,0,32,0,,,,,https://raw.githubusercontent.com/kumen360/ESMALTO/main/catalogo/img/walkyria/esmalto-pz-walkyria-oak.webp,ESM-WALKYRIA,331,Color,Oak,1,1,,,,,,,,,,,,,,,,,,,,,,,,,,,,,,,,,,,,,,,,,,,,,,,,,,,,,,,,,,,,,,,,,,,,,,,,,,,,,,,,,,,,,,,1.68,32,7,44,73.92,1437,42,20x120,9 mm,Porcelánico,Mate,Pavimento y revestimiento,,No,Sí,
,variation,ESM-WALKYRIA-PEARL-20X120,Walkyria Pearl 20x120,1,0,visible,,,taxable,parent,1,,0,0,32,0,,,,,https://raw.githubusercontent.com/kumen360/ESMALTO/main/catalogo/img/walkyria/esmalto-pz-walkyria-pearl.webp,ESM-WALKYRIA,332,Color,Pearl,1,1,,,,,,,,,,,,,,,,,,,,,,,,,,,,,,,,,,,,,,,,,,,,,,,,,,,,,,,,,,,,,,,,,,,,,,,,,,,,,,,,,,,,,,,1.68,32,7,44,73.92,1437,42,20x120,9 mm,Porcelánico,Mate,Pavimento y revestimiento,,No,Sí,
,variation,ESM-WALKYRIA-SILVER-20X120,Walkyria Silver 20x120,1,0,visible,,,taxable,parent,1,,0,0,32,0,,,,,https://raw.githubusercontent.com/kumen360/ESMALTO/main/catalogo/img/walkyria/esmalto-pz-walkyria-silver.webp,ESM-WALKYRIA,333,Color,Silver,1,1,,,,,,,,,,,,,,,,,,,,,,,,,,,,,,,,,,,,,,,,,,,,,,,,,,,,,,,,,,,,,,,,,,,,,,,,,,,,,,,,,,,,,,,1.68,32,7,44,73.92,1437,42,20x120,9 mm,Porcelánico,Mate,Pavimento y revestimiento,,No,No,
,variation,ESM-WALKYRIA-SMOKE-20X120,Walkyria Smoke 20x120,1,0,visible,,,taxable,parent,1,,0,0,32,0,,,,,https://raw.githubusercontent.com/kumen360/ESMALTO/main/catalogo/img/walkyria/esmalto-pz-walkyria-smoke.webp,ESM-WALKYRIA,334,Color,Smoke,1,1,,,,,,,,,,,,,,,,,,,,,,,,,,,,,,,,,,,,,,,,,,,,,,,,,,,,,,,,,,,,,,,,,,,,,,,,,,,,,,,,,,,,,,,1.68,32,7,44,73.92,1437,42,20x120,9 mm,Porcelánico,Mate,Pavimento y revestimiento,,No,No,
,variation,ESM-WALKYRIA-WHITE-20X120,Walkyria White 20x120,1,0,visible,,,taxable,parent,1,,0,0,32,0,,,,,https://raw.githubusercontent.com/kumen360/ESMALTO/main/catalogo/img/walkyria/esmalto-pz-walkyria-white.webp,ESM-WALKYRIA,335,Color,White,1,1,,,,,,,,,,,,,,,,,,,,,,,,,,,,,,,,,,,,,,,,,,,,,,,,,,,,,,,,,,,,,,,,,,,,,,,,,,,,,,,,,,,,,,,1.68,32,7,44,73.92,1437,42,20x120,9 mm,Porcelánico,Mate,Pavimento y revestimiento,,No,No,
