ID,Type,SKU,Name,Published,Is featured?,Visibility in catalog,Short description,Description,Tax status,Tax class,In stock?,Stock,Backorders allowed?,Sold individually?,Weight (kg),Length (cm),Width (cm),Height (cm),Allow customer reviews?,Purchase note,Sale price,Regular price,Categories,Tags,Shipping class,Images,Download 1 name,Download 1 URL,Parent,Position,Attribute 1 name,Attribute 1 value(s),Attribute 1 visible,Attribute 1 global,Attribute 1 default,Attribute 2 name,Attribute 2 value(s),Attribute 2 visible,Attribute 2 global,Attribute 2 default,Attribute 3 name,Attribute 3 value(s),Attribute 3 visible,Attribute 3 global,Attribute 3 default,Attribute 4 name,Attribute 4 value(s),Attribute 4 visible,Attribute 4 global,Attribute 4 default,Attribute 5 name,Attribute 5 value(s),Attribute 5 visible,Attribute 5 global,Attribute 5 default,Attribute 6 name,Attribute 6 value(s),Attribute 6 visible,Attribute 6 global,Attribute 6 default,Attribute 7 name,Attribute 7 value(s),Attribute 7 visible,Attribute 7 global,Attribute 7 default,Attribute 8 name,Attribute 8 value(s),Attribute 8 visible,Attribute 8 global,Attribute 8 default,Attribute 9 name,Attribute 9 value(s),Attribute 9 visible,Attribute 9 global,Attribute 9 default,Attribute 10 name,Attribute 10 value(s),Attribute 10 visible,Attribute 10 global,Attribute 10 default,Attribute 11 name,Attribute 11 value(s),Attribute 11 visible,Attribute 11 global,Attribute 11 default,Attribute 12 name,Attribute 12 value(s),Attribute 12 visible,Attribute 12 global,Attribute 12 default,Attribute 13 name,Attribute 13 value(s),Attribute 13 visible,Attribute 13 global,Attribute 13 default,Attribute 14 name,Attribute 14 value(s),Attribute 14 visible,Attribute 14 global,Attribute 14 default,Meta: _m2_por_caja,Meta: _kg_por_caja,Meta: _piezas_por_caja,Meta: _cajas_por_pallet,Meta: _m2_por_pallet,Meta: _kg_por_pallet,Meta: _disenos,Meta: _formato,Meta: _espesor,Meta: _material,Meta: _acabado,Meta: _uso,Meta: _rectificado,Meta: _antideslizante,Meta: _version_antideslizante,Meta: _destonificacion,Meta: _espacio,Meta: _familia,Meta: _modelo,Meta: _marca,Meta: _fabricante,Meta: _ficha_tecnica,Meta: _caracteristicas_tecnicas,Meta: _yoast_wpseo_title,Meta: _yoast_wpseo_metadesc
,variable,ESM-ALASKA,Alaska,1,0,visible,"Serie Alaska de Ecoceramic en porcelánico, acabado mate y brillo. 1 color(es) y 3 formato(s).","<p>La serie <strong>Alaska</strong> de Ecoceramic está fabricada en porcelánico con acabado mate y brillo. Se presenta en 1 color(es) y 3 formato(s), con un total de 4 referencias.</p><h3>Características técnicas</h3><ul><li><strong>Material:</strong> Porcelánico</li><li><strong>Acabado:</strong> Mate y Brillo</li><li><strong>Uso:</strong> Pavimento y revestimiento</li><li><strong>Espesor:</strong> 9 MM</li><li><strong>Antideslizante:</strong> No</li><li><strong>Versión antideslizante:</strong> No</li><li><strong>Tipo de pieza:</strong> Baldosa</li><li><strong>Familia:</strong> Porcelain</li></ul><p><strong>Colores disponibles:</strong> Blanco.<br><strong>Formatos:</strong> 60X120, 60X60, 30X60.</p><p><strong>Espacios recomendados:</strong> Interior y exterior: salón, cocina, baño, terraza y fachada.</p><h3>Datos de embalaje</h3><table><thead><tr><th>Formato</th><th>Pz/caja</th><th>m²/caja</th><th>Kg/caja</th><th>Cajas/palet</th><th>m²/palet</th><th>Kg/palet</th></tr></thead><tbody><tr><td>30X60</td><td>6</td><td>1,08</td><td>22,63</td><td>48</td><td>51,84</td><td>1106</td></tr><tr><td>60.8X60.8</td><td>4</td><td>1,48</td><td>29,70</td><td>30</td><td>44,40</td><td>911</td></tr><tr><td>60X120</td><td>2</td><td>1,44</td><td>28,62</td><td>36</td><td>51,84</td><td>1055</td></tr><tr><td>60X60</td><td>4</td><td>1,44</td><td>30</td><td>30</td><td>43,20</td><td>912</td></tr></tbody></table>",taxable,,1,,0,0,,,,,1,,,,Pavimentos y revestimientos > Porcelain > Alaska,"Alaska, Ecoceramic, Esmalto, Porcelain, Blanco, 60X120, 60X60, 30X60, Porcelánico",,"ECOCERAMIC/ALASKA/ECOCERAMIC_AMB_ALASKA.webp, ECOCERAMIC/ALASKA/ECOCERAMIC_AMB_ALASKA_03.webp, ECOCERAMIC/ALASKA/ECOCERAMIC_AMB_ALASKA_BLANCO_MATE_60X120.webp, ECOCERAMIC/ALASKA/ECOCERAMIC_AMB_ALASKA_BRILLO_75X75.webp, ECOCERAMIC/ALASKA/ECOCERAMIC_AMB_ALASKA_MATE_60X60.webp, ECOCERAMIC/ALASKA/ECOCERAMIC_AMB_ALASKA_V2.webp, ECOCERAMIC/ALASKA/ECOCERAMIC_AMB_ALASKA_V3.webp, ECOCERAMIC/ALASKA/ECOCERAMIC_PZ_ALASKA_30X60.webp, ECOCERAMIC/ALASKA/ECOCERAMIC_PZ_ALASKA_30X60_V2.webp, ECOCERAMIC/ALASKA/ECOCERAMIC_PZ_ALASKA_60X60.webp, ECOCERAMIC/ALASKA/ECOCERAMIC_PZ_ALASKA_75X75.webp, ECOCERAMIC/ALASKA/ECOCERAMIC_PZ_ALASKA_BRILLO.webp, ECOCERAMIC/ALASKA/ECOCERAMIC_PZ_ALASKA_BRILLO_30X30_5X5.webp, ECOCERAMIC/ALASKA/ECOCERAMIC_PZ_ALASKA_ESQUEMA-MALLAS.webp, ECOCERAMIC/ALASKA/ECOCERAMIC_PZ_ALASKA_MALLA_MATE.webp, ECOCERAMIC/ALASKA/ECOCERAMIC_PZ_ALASKA_MATE.webp, ECOCERAMIC/ALASKA/ECOCERAMIC_PZ_ALASKA_MATE_60X120.webp",Ficha técnica Alaska,ECOCERAMIC/ALASKA/ECOCERAMIC_FICHA_ALASKA.jpg,,0,Modelo,Alaska,1,1,,Color,Blanco,1,1,,Formato,60X120 | 60X60 | 30X60,1,1,60X120,Acabado,Mate | Brillo,1,1,Mate,Espesor,9 MM,1,1,,Tipo de pieza,Baldosa,1,1,,Material,Porcelánico,1,1,,Antideslizante,No,1,1,,Versión antideslizante,No,1,1,,Uso,Pavimento y revestimiento,1,1,,,,,,,,,,,,Familia,Porcelain,1,1,,Fabricante,Ecoceramic,1,1,,,,,,,,,,,,,,,,,,"Interior y exterior: salón, cocina, baño, terraza y fachada",Porcelain,Alaska,Esmalto,Ecoceramic,ECOCERAMIC/ALASKA/ECOCERAMIC_FICHA_ALASKA.jpg,Material: Porcelánico | Acabado: Mate | Uso: Pavimento y revestimiento | Espesor: 9 MM | Antideslizante: No | Versión antideslizante disponible: No | Tipo de pieza: Baldosa,Alaska | Porcelánico Porcelain | Esmalto,"Serie Alaska de Ecoceramic en porcelánico, acabado mate y brillo. 1 color(es) y 3 formato(s)."
,variation,ESM-ALASKA-BLANCO-30X60,Alaska Blanco 30X60,1,,visible,,,taxable,,1,,,,22.63,,,,,,,,,,,ECOCERAMIC/ALASKA/ECOCERAMIC_PZ_ALASKA_30X60.webp,,,ESM-ALASKA,1,Modelo,Alaska,1,1,,,,,,,Formato,30X60,1,1,,Acabado,Mate,1,1,,,,,,,,,,,,,,,,,,,,,,,,,,,,,,,,,,,,,,,,,,,,,,,,,,,,1.08,22.63,6,48,"51,84",1106,1,30X60,9 MM,Porcelánico,Mate,Pavimento y revestimiento,,No,No,,"Interior y exterior: salón, cocina, baño, terraza y fachada",Porcelain,Alaska,Esmalto,Ecoceramic,,Material: Porcelánico | Acabado: Mate | Uso: Pavimento y revestimiento | Espesor: 9 MM | Antideslizante: No | Versión antideslizante disponible: No | Tipo de pieza: Baldosa,,
,variation,ESM-ALASKA-BLANCO-60X120,Alaska Blanco 60X120,1,,visible,,,taxable,,1,,,,28.62,,,,,,,,,,,ECOCERAMIC/ALASKA/ECOCERAMIC_PZ_ALASKA_MATE_60X120.webp,,,ESM-ALASKA,2,Modelo,Alaska,1,1,,,,,,,Formato,60X120,1,1,,Acabado,Mate,1,1,,,,,,,,,,,,,,,,,,,,,,,,,,,,,,,,,,,,,,,,,,,,,,,,,,,,1.44,28.62,2,36,"51,84",1055,1,60X120,9 MM,Porcelánico,Mate,Pavimento y revestimiento,,No,No,,"Interior y exterior: salón, cocina, baño, terraza y fachada",Porcelain,Alaska,Esmalto,Ecoceramic,,Material: Porcelánico | Acabado: Mate | Uso: Pavimento y revestimiento | Espesor: 9 MM | Antideslizante: No | Versión antideslizante disponible: No | Tipo de pieza: Baldosa,,
,variation,ESM-ALASKA-BLANCO-60X120-BRI,Alaska Blanco 60X120 Brillo,1,,visible,,,taxable,,1,,,,28.62,,,,,,,,,,,ECOCERAMIC/ALASKA/ECOCERAMIC_PZ_ALASKA_BRILLO.webp,,,ESM-ALASKA,3,Modelo,Alaska,1,1,,,,,,,Formato,60X120,1,1,,Acabado,Brillo,1,1,,,,,,,,,,,,,,,,,,,,,,,,,,,,,,,,,,,,,,,,,,,,,,,,,,,,1.44,28.62,2,36,"51,84",1055,1,60X120,9 MM,Porcelánico,Brillo,Pavimento y revestimiento,,No,No,,"Interior y exterior: salón, cocina, baño, terraza y fachada",Porcelain,Alaska,Esmalto,Ecoceramic,,Material: Porcelánico | Acabado: Brillo | Uso: Pavimento y revestimiento | Espesor: 9 MM | Antideslizante: No | Versión antideslizante disponible: No | Tipo de pieza: Baldosa,,
,variation,ESM-ALASKA-BLANCO-60X60,Alaska Blanco 60X60,1,,visible,,,taxable,,1,,,,30,,,,,,,,,,,ECOCERAMIC/ALASKA/ECOCERAMIC_PZ_ALASKA_60X60.webp,,,ESM-ALASKA,4,Modelo,Alaska,1,1,,,,,,,Formato,60X60,1,1,,Acabado,Mate,1,1,,,,,,,,,,,,,,,,,,,,,,,,,,,,,,,,,,,,,,,,,,,,,,,,,,,,1.44,30,4,30,"43,20",912,1,60X60,9 MM,Porcelánico,Mate,Pavimento y revestimiento,,No,No,,"Interior y exterior: salón, cocina, baño, terraza y fachada",Porcelain,Alaska,Esmalto,Ecoceramic,,Material: Porcelánico | Acabado: Mate | Uso: Pavimento y revestimiento | Espesor: 9 MM | Antideslizante: No | Versión antideslizante disponible: No | Tipo de pieza: Baldosa,,
,variable,ESM-AMBROSSIA,Ambrossia,1,0,visible,"Serie Ambrossia de Ecoceramic en porcelánico, acabado mate. 4 color(es) y 3 formato(s).","<p>Ambrosia es una piedra con memoria. Su superficie revela incrustaciones marcadas y fragmentos visibles que aportan profundidad, textura y un carácter auténtico. Un diseño que celebra la riqueza natural del material.</p><h3>Características técnicas</h3><ul><li><strong>Material:</strong> Porcelánico</li><li><strong>Acabado:</strong> Mate</li><li><strong>Uso:</strong> Pavimento/Exterior</li><li><strong>Espesor:</strong> 9 MM</li><li><strong>Rectificado:</strong> Sí</li><li><strong>Antideslizante:</strong> No</li><li><strong>Versión antideslizante:</strong> Sí</li><li><strong>Destonificación:</strong> V3-V4 Incrustaciones irregulares</li><li><strong>Tipo de pieza:</strong> Baldosa y Relieve</li><li><strong>Familia:</strong> Porce Plus</li></ul><p><strong>Colores disponibles:</strong> Natural, White, Ivory, Greige.<br><strong>Formatos:</strong> 120X120, 100X100, 60X120.</p><p><strong>Espacios recomendados:</strong> Interior y exterior (ADZ).</p><h3>Datos de embalaje</h3><table><thead><tr><th>Formato</th><th>Pz/caja</th><th>m²/caja</th><th>Kg/caja</th><th>Cajas/palet</th><th>m²/palet</th><th>Kg/palet</th></tr></thead><tbody><tr><td>100X100</td><td>2</td><td>2</td><td>41,15</td><td>27</td><td>54</td><td>1133</td></tr><tr><td>120X120</td><td>1</td><td>1,44</td><td>34,36</td><td>36</td><td>51,84</td><td>1276</td></tr><tr><td>60X120</td><td>2</td><td>1,44</td><td>28,62</td><td>36</td><td>51,84</td><td>1055</td></tr></tbody></table>",taxable,,1,,0,0,,,,,1,,,,Pavimentos y revestimientos > Porce Plus > Ambrossia,"Ambrossia, Ecoceramic, Esmalto, Porce Plus, Natural, White, Ivory, Greige, 120X120, 100X100, 60X120, Porcelánico",,"ECOCERAMIC/AMBROSSIA/ECOCERAMIC_AMB_AMBROSSIA_GREIGE_100X100_60X120_LIVING.webp, ECOCERAMIC/AMBROSSIA/ECOCERAMIC_AMB_AMBROSSIA_LIVING.webp, ECOCERAMIC/AMBROSSIA/ECOCERAMIC_AMB_AMBROSSIA_RLV_IVORY_120X120_60X120.webp, ECOCERAMIC/AMBROSSIA/ECOCERAMIC_AMB_AMBROSSIA_RLV_WHITE_120X120_60X120.webp, ECOCERAMIC/AMBROSSIA/ECOCERAMIC_AMB_SAN-FRANCISCO_WHITE_AQUAMARINE_60X120_120X120.webp, ECOCERAMIC/AMBROSSIA/ECOCERAMIC_PZ_AMBROSSIA_BONE_60X60_01.webp, ECOCERAMIC/AMBROSSIA/ECOCERAMIC_PZ_AMBROSSIA_GREIGE_100X100.webp, ECOCERAMIC/AMBROSSIA/ECOCERAMIC_PZ_AMBROSSIA_GREIGE_120X120_01.webp, ECOCERAMIC/AMBROSSIA/ECOCERAMIC_PZ_AMBROSSIA_GREIGE_60X120_01.webp, ECOCERAMIC/AMBROSSIA/ECOCERAMIC_PZ_AMBROSSIA_GREIGE_60X60_01.webp, ECOCERAMIC/AMBROSSIA/ECOCERAMIC_PZ_AMBROSSIA_IVORY_100X100.webp, ECOCERAMIC/AMBROSSIA/ECOCERAMIC_PZ_AMBROSSIA_IVORY_120X120_01.webp, ECOCERAMIC/AMBROSSIA/ECOCERAMIC_PZ_AMBROSSIA_IVORY_60X120_01.webp, ECOCERAMIC/AMBROSSIA/ECOCERAMIC_PZ_AMBROSSIA_NATURAL_100X100.webp, ECOCERAMIC/AMBROSSIA/ECOCERAMIC_PZ_AMBROSSIA_NATURAL_120X120.webp, ECOCERAMIC/AMBROSSIA/ECOCERAMIC_PZ_AMBROSSIA_NATURAL_60X120_01.webp, ECOCERAMIC/AMBROSSIA/ECOCERAMIC_PZ_AMBROSSIA_NATURAL_60X60_01.webp, ECOCERAMIC/AMBROSSIA/ECOCERAMIC_PZ_AMBROSSIA_RLV_GREIGE_60X120.webp, ECOCERAMIC/AMBROSSIA/ECOCERAMIC_PZ_AMBROSSIA_RLV_IVORY_60X120.webp, ECOCERAMIC/AMBROSSIA/ECOCERAMIC_PZ_AMBROSSIA_RLV_NATURAL_60X120.webp, ECOCERAMIC/AMBROSSIA/ECOCERAMIC_PZ_AMBROSSIA_RLV_WHITE_60X120.webp, ECOCERAMIC/AMBROSSIA/ECOCERAMIC_PZ_AMBROSSIA_WHITE_100X100.webp, ECOCERAMIC/AMBROSSIA/ECOCERAMIC_PZ_AMBROSSIA_WHITE_120X120.webp, ECOCERAMIC/AMBROSSIA/ECOCERAMIC_PZ_AMBROSSIA_WHITE_60X120_01.webp, ECOCERAMIC/AMBROSSIA/ECOCERAMIC_PZ_AMBROSSIA_WHITE_60X60_01.webp",Ficha técnica Ambrossia,ECOCERAMIC/AMBROSSIA/ECOCERAMIC_FICHA_AMBROSSIA.jpg,,0,Modelo,Ambrossia,1,1,,Color,Natural | White | Ivory | Greige,1,1,Natural,Formato,120X120 | 100X100 | 60X120,1,1,120X120,Acabado,Mate,1,1,,Espesor,9 MM,1,1,,Tipo de pieza,Baldosa | Relieve,1,1,Baldosa,Material,Porcelánico,1,1,,Antideslizante,No,1,1,,Versión antideslizante,Sí,1,1,,Uso,Pavimento/Exterior,1,1,,Rectificado,Sí,1,1,,Destonificación,V3-V4 Incrustaciones irregulares,1,1,,Familia,Porce Plus,1,1,,Fabricante,Ecoceramic,1,1,,,,,,,,,,,,,,,,,,Interior y exterior (ADZ),Porce Plus,Ambrossia,Esmalto,Ecoceramic,ECOCERAMIC/AMBROSSIA/ECOCERAMIC_FICHA_AMBROSSIA.jpg,Material: Porcelánico | Acabado: Mate | Uso: Pavimento/Exterior | Espesor: 9 MM | Rectificado: Sí | Antideslizante: No | Versión antideslizante disponible: Sí | Destonificación: V3-V4 Incrustaciones irregulares | Tipo de pieza: Baldosa,Ambrossia | Porcelánico Porce Plus | Esmalto,"Serie Ambrossia de Ecoceramic en porcelánico, acabado mate. 4 color(es) y 3 formato(s)."
,variation,ESM-AMBROSSIA-GREIGE-100X100,Ambrossia Greige 100X100,1,,visible,,,taxable,,1,,,,41.15,,,,,,,,,,,ECOCERAMIC/AMBROSSIA/ECOCERAMIC_PZ_AMBROSSIA_GREIGE_100X100.webp,,,ESM-AMBROSSIA,5,Modelo,Ambrossia,1,1,,Color,Greige,1,1,,Formato,100X100,1,1,,,,,,,,,,,,Tipo de pieza,Baldosa,1,1,,,,,,,,,,,,,,,,,,,,,,,,,,,,,,,,,,,,,,,,,,2,41.15,2,27,54,1133,12,100X100,9 MM,Porcelánico,Mate,Pavimento/Exterior,Sí,No,Sí,V3-V4 Incrustaciones irregulares,Interior y exterior (ADZ),Porce Plus,Ambrossia,Esmalto,Ecoceramic,,Material: Porcelánico | Acabado: Mate | Uso: Pavimento/Exterior | Espesor: 9 MM | Rectificado: Sí | Antideslizante: No | Versión antideslizante disponible: Sí | Destonificación: V3-V4 Incrustaciones irregulares | Tipo de pieza: Baldosa,,
,variation,ESM-AMBROSSIA-IVORY-100X100,Ambrossia Ivory 100X100,1,,visible,,,taxable,,1,,,,41.15,,,,,,,,,,,ECOCERAMIC/AMBROSSIA/ECOCERAMIC_PZ_AMBROSSIA_IVORY_100X100.webp,,,ESM-AMBROSSIA,6,Modelo,Ambrossia,1,1,,Color,Ivory,1,1,,Formato,100X100,1,1,,,,,,,,,,,,Tipo de pieza,Baldosa,1,1,,,,,,,,,,,,,,,,,,,,,,,,,,,,,,,,,,,,,,,,,,2,41.15,2,27,54,1133,12,100X100,9 MM,Porcelánico,Mate,Pavimento/Exterior,Sí,No,Sí,V3-V4 Incrustaciones irregulares,Interior y exterior (ADZ),Porce Plus,Ambrossia,Esmalto,Ecoceramic,,Material: Porcelánico | Acabado: Mate | Uso: Pavimento/Exterior | Espesor: 9 MM | Rectificado: Sí | Antideslizante: No | Versión antideslizante disponible: Sí | Destonificación: V3-V4 Incrustaciones irregulares | Tipo de pieza: Baldosa,,
,variation,ESM-AMBROSSIA-NATURAL-100X100,Ambrossia Natural 100X100,1,,visible,,,taxable,,1,,,,41.15,,,,,,,,,,,ECOCERAMIC/AMBROSSIA/ECOCERAMIC_PZ_AMBROSSIA_NATURAL_100X100.webp,,,ESM-AMBROSSIA,7,Modelo,Ambrossia,1,1,,Color,Natural,1,1,,Formato,100X100,1,1,,,,,,,,,,,,Tipo de pieza,Baldosa,1,1,,,,,,,,,,,,,,,,,,,,,,,,,,,,,,,,,,,,,,,,,,2,41.15,2,27,54,1133,12,100X100,9 MM,Porcelánico,Mate,Pavimento/Exterior,Sí,No,Sí,V3-V4 Incrustaciones irregulares,Interior y exterior (ADZ),Porce Plus,Ambrossia,Esmalto,Ecoceramic,,Material: Porcelánico | Acabado: Mate | Uso: Pavimento/Exterior | Espesor: 9 MM | Rectificado: Sí | Antideslizante: No | Versión antideslizante disponible: Sí | Destonificación: V3-V4 Incrustaciones irregulares | Tipo de pieza: Baldosa,,
,variation,ESM-AMBROSSIA-WHITE-100X100,Ambrossia White 100X100,1,,visible,,,taxable,,1,,,,41.15,,,,,,,,,,,ECOCERAMIC/AMBROSSIA/ECOCERAMIC_PZ_AMBROSSIA_WHITE_100X100.webp,,,ESM-AMBROSSIA,8,Modelo,Ambrossia,1,1,,Color,White,1,1,,Formato,100X100,1,1,,,,,,,,,,,,Tipo de pieza,Baldosa,1,1,,,,,,,,,,,,,,,,,,,,,,,,,,,,,,,,,,,,,,,,,,2,41.15,2,27,54,1133,12,100X100,9 MM,Porcelánico,Mate,Pavimento/Exterior,Sí,No,Sí,V3-V4 Incrustaciones irregulares,Interior y exterior (ADZ),Porce Plus,Ambrossia,Esmalto,Ecoceramic,,Material: Porcelánico | Acabado: Mate | Uso: Pavimento/Exterior | Espesor: 9 MM | Rectificado: Sí | Antideslizante: No | Versión antideslizante disponible: Sí | Destonificación: V3-V4 Incrustaciones irregulares | Tipo de pieza: Baldosa,,
,variation,ESM-AMBROSSIA-GREIGE-120X120,Ambrossia Greige 120X120,1,,visible,,,taxable,,1,,,,34.36,,,,,,,,,,,ECOCERAMIC/AMBROSSIA/ECOCERAMIC_PZ_AMBROSSIA_GREIGE_120X120_01.webp,,,ESM-AMBROSSIA,9,Modelo,Ambrossia,1,1,,Color,Greige,1,1,,Formato,120X120,1,1,,,,,,,,,,,,Tipo de pieza,Baldosa,1,1,,,,,,,,,,,,,,,,,,,,,,,,,,,,,,,,,,,,,,,,,,1.44,34.36,1,36,"51,84",1276,7,120X120,9 MM,Porcelánico,Mate,Pavimento/Exterior,Sí,No,Sí,V3-V4 Incrustaciones irregulares,Interior y exterior (ADZ),Porce Plus,Ambrossia,Esmalto,Ecoceramic,,Material: Porcelánico | Acabado: Mate | Uso: Pavimento/Exterior | Espesor: 9 MM | Rectificado: Sí | Antideslizante: No | Versión antideslizante disponible: Sí | Destonificación: V3-V4 Incrustaciones irregulares | Tipo de pieza: Baldosa,,
,variation,ESM-AMBROSSIA-IVORY-120X120,Ambrossia Ivory 120X120,1,,visible,,,taxable,,1,,,,34.36,,,,,,,,,,,ECOCERAMIC/AMBROSSIA/ECOCERAMIC_PZ_AMBROSSIA_IVORY_120X120_01.webp,,,ESM-AMBROSSIA,10,Modelo,Ambrossia,1,1,,Color,Ivory,1,1,,Formato,120X120,1,1,,,,,,,,,,,,Tipo de pieza,Baldosa,1,1,,,,,,,,,,,,,,,,,,,,,,,,,,,,,,,,,,,,,,,,,,1.44,34.36,1,36,"51,84",1276,7,120X120,9 MM,Porcelánico,Mate,Pavimento/Exterior,Sí,No,Sí,V3-V4 Incrustaciones irregulares,Interior y exterior (ADZ),Porce Plus,Ambrossia,Esmalto,Ecoceramic,,Material: Porcelánico | Acabado: Mate | Uso: Pavimento/Exterior | Espesor: 9 MM | Rectificado: Sí | Antideslizante: No | Versión antideslizante disponible: Sí | Destonificación: V3-V4 Incrustaciones irregulares | Tipo de pieza: Baldosa,,
,variation,ESM-AMBROSSIA-NATURAL-120X120,Ambrossia Natural 120X120,1,,visible,,,taxable,,1,,,,34.36,,,,,,,,,,,ECOCERAMIC/AMBROSSIA/ECOCERAMIC_PZ_AMBROSSIA_NATURAL_120X120.webp,,,ESM-AMBROSSIA,11,Modelo,Ambrossia,1,1,,Color,Natural,1,1,,Formato,120X120,1,1,,,,,,,,,,,,Tipo de pieza,Baldosa,1,1,,,,,,,,,,,,,,,,,,,,,,,,,,,,,,,,,,,,,,,,,,1.44,34.36,1,36,"51,84",1276,7,120X120,9 MM,Porcelánico,Mate,Pavimento/Exterior,Sí,No,Sí,V3-V4 Incrustaciones irregulares,Interior y exterior (ADZ),Porce Plus,Ambrossia,Esmalto,Ecoceramic,,Material: Porcelánico | Acabado: Mate | Uso: Pavimento/Exterior | Espesor: 9 MM | Rectificado: Sí | Antideslizante: No | Versión antideslizante disponible: Sí | Destonificación: V3-V4 Incrustaciones irregulares | Tipo de pieza: Baldosa,,
,variation,ESM-AMBROSSIA-WHITE-120X120,Ambrossia White 120X120,1,,visible,,,taxable,,1,,,,34.36,,,,,,,,,,,ECOCERAMIC/AMBROSSIA/ECOCERAMIC_PZ_AMBROSSIA_WHITE_120X120.webp,,,ESM-AMBROSSIA,12,Modelo,Ambrossia,1,1,,Color,White,1,1,,Formato,120X120,1,1,,,,,,,,,,,,Tipo de pieza,Baldosa,1,1,,,,,,,,,,,,,,,,,,,,,,,,,,,,,,,,,,,,,,,,,,1.44,34.36,1,36,"51,84",1276,7,120X120,9 MM,Porcelánico,Mate,Pavimento/Exterior,Sí,No,Sí,V3-V4 Incrustaciones irregulares,Interior y exterior (ADZ),Porce Plus,Ambrossia,Esmalto,Ecoceramic,,Material: Porcelánico | Acabado: Mate | Uso: Pavimento/Exterior | Espesor: 9 MM | Rectificado: Sí | Antideslizante: No | Versión antideslizante disponible: Sí | Destonificación: V3-V4 Incrustaciones irregulares | Tipo de pieza: Baldosa,,
,variation,ESM-AMBROSSIA-GREIGE-60X120,Ambrossia Greige 60X120,1,,visible,,,taxable,,1,,,,28.62,,,,,,,,,,,ECOCERAMIC/AMBROSSIA/ECOCERAMIC_PZ_AMBROSSIA_GREIGE_60X120_01.webp,,,ESM-AMBROSSIA,13,Modelo,Ambrossia,1,1,,Color,Greige,1,1,,Formato,60X120,1,1,,,,,,,,,,,,Tipo de pieza,Baldosa,1,1,,,,,,,,,,,,,,,,,,,,,,,,,,,,,,,,,,,,,,,,,,1.44,28.62,2,36,"51,84",1055,14,60X120,9 MM,Porcelánico,Mate,Pavimento/Exterior,Sí,No,Sí,V3-V4 Incrustaciones irregulares,Interior y exterior (ADZ),Porce Plus,Ambrossia,Esmalto,Ecoceramic,,Material: Porcelánico | Acabado: Mate | Uso: Pavimento/Exterior | Espesor: 9 MM | Rectificado: Sí | Antideslizante: No | Versión antideslizante disponible: Sí | Destonificación: V3-V4 Incrustaciones irregulares | Tipo de pieza: Baldosa,,
,variation,ESM-AMBROSSIA-IVORY-60X120,Ambrossia Ivory 60X120,1,,visible,,,taxable,,1,,,,28.62,,,,,,,,,,,ECOCERAMIC/AMBROSSIA/ECOCERAMIC_PZ_AMBROSSIA_IVORY_60X120_01.webp,,,ESM-AMBROSSIA,14,Modelo,Ambrossia,1,1,,Color,Ivory,1,1,,Formato,60X120,1,1,,,,,,,,,,,,Tipo de pieza,Baldosa,1,1,,,,,,,,,,,,,,,,,,,,,,,,,,,,,,,,,,,,,,,,,,1.44,28.62,2,36,"51,84",1055,14,60X120,9 MM,Porcelánico,Mate,Pavimento/Exterior,Sí,No,Sí,V3-V4 Incrustaciones irregulares,Interior y exterior (ADZ),Porce Plus,Ambrossia,Esmalto,Ecoceramic,,Material: Porcelánico | Acabado: Mate | Uso: Pavimento/Exterior | Espesor: 9 MM | Rectificado: Sí | Antideslizante: No | Versión antideslizante disponible: Sí | Destonificación: V3-V4 Incrustaciones irregulares | Tipo de pieza: Baldosa,,
,variation,ESM-AMBROSSIA-NATURAL-60X120,Ambrossia Natural 60X120,1,,visible,,,taxable,,1,,,,28.62,,,,,,,,,,,ECOCERAMIC/AMBROSSIA/ECOCERAMIC_PZ_AMBROSSIA_NATURAL_60X120_01.webp,,,ESM-AMBROSSIA,15,Modelo,Ambrossia,1,1,,Color,Natural,1,1,,Formato,60X120,1,1,,,,,,,,,,,,Tipo de pieza,Baldosa,1,1,,,,,,,,,,,,,,,,,,,,,,,,,,,,,,,,,,,,,,,,,,1.44,28.62,2,36,"51,84",1055,14,60X120,9 MM,Porcelánico,Mate,Pavimento/Exterior,Sí,No,Sí,V3-V4 Incrustaciones irregulares,Interior y exterior (ADZ),Porce Plus,Ambrossia,Esmalto,Ecoceramic,,Material: Porcelánico | Acabado: Mate | Uso: Pavimento/Exterior | Espesor: 9 MM | Rectificado: Sí | Antideslizante: No | Versión antideslizante disponible: Sí | Destonificación: V3-V4 Incrustaciones irregulares | Tipo de pieza: Baldosa,,
,variation,ESM-AMBROSSIA-WHITE-60X120,Ambrossia White 60X120,1,,visible,,,taxable,,1,,,,28.62,,,,,,,,,,,ECOCERAMIC/AMBROSSIA/ECOCERAMIC_PZ_AMBROSSIA_WHITE_60X120_01.webp,,,ESM-AMBROSSIA,16,Modelo,Ambrossia,1,1,,Color,White,1,1,,Formato,60X120,1,1,,,,,,,,,,,,Tipo de pieza,Baldosa,1,1,,,,,,,,,,,,,,,,,,,,,,,,,,,,,,,,,,,,,,,,,,1.44,28.62,2,36,"51,84",1055,14,60X120,9 MM,Porcelánico,Mate,Pavimento/Exterior,Sí,No,Sí,V3-V4 Incrustaciones irregulares,Interior y exterior (ADZ),Porce Plus,Ambrossia,Esmalto,Ecoceramic,,Material: Porcelánico | Acabado: Mate | Uso: Pavimento/Exterior | Espesor: 9 MM | Rectificado: Sí | Antideslizante: No | Versión antideslizante disponible: Sí | Destonificación: V3-V4 Incrustaciones irregulares | Tipo de pieza: Baldosa,,
,variation,ESM-AMBROSSIA-GREIGE-60X120-RLV,Ambrossia Greige 60X120 Relieve,1,,visible,,,taxable,,1,,,,28.62,,,,,,,,,,,ECOCERAMIC/AMBROSSIA/ECOCERAMIC_PZ_AMBROSSIA_GREIGE_60X120_01.webp,,,ESM-AMBROSSIA,17,Modelo,Ambrossia,1,1,,Color,Greige,1,1,,Formato,60X120,1,1,,,,,,,,,,,,Tipo de pieza,Relieve,1,1,,,,,,,,,,,,,,,,,,,,,,,,,,,,,,,,,,,,,,,,,,1.44,28.62,2,36,"51,84",1055,14,60X120,9 MM,Porcelánico,Mate,Pavimento/Exterior,Sí,No,Sí,V3-V4 Incrustaciones irregulares,Interior y exterior (ADZ),Porce Plus,Ambrossia,Esmalto,Ecoceramic,,Material: Porcelánico | Acabado: Mate | Uso: Pavimento/Exterior | Espesor: 9 MM | Rectificado: Sí | Antideslizante: No | Versión antideslizante disponible: Sí | Destonificación: V3-V4 Incrustaciones irregulares | Tipo de pieza: Relieve,,
,variation,ESM-AMBROSSIA-IVORY-60X120-RLV,Ambrossia Ivory 60X120 Relieve,1,,visible,,,taxable,,1,,,,28.62,,,,,,,,,,,ECOCERAMIC/AMBROSSIA/ECOCERAMIC_PZ_AMBROSSIA_IVORY_60X120_01.webp,,,ESM-AMBROSSIA,18,Modelo,Ambrossia,1,1,,Color,Ivory,1,1,,Formato,60X120,1,1,,,,,,,,,,,,Tipo de pieza,Relieve,1,1,,,,,,,,,,,,,,,,,,,,,,,,,,,,,,,,,,,,,,,,,,1.44,28.62,2,36,"51,84",1055,14,60X120,9 MM,Porcelánico,Mate,Pavimento/Exterior,Sí,No,Sí,V3-V4 Incrustaciones irregulares,Interior y exterior (ADZ),Porce Plus,Ambrossia,Esmalto,Ecoceramic,,Material: Porcelánico | Acabado: Mate | Uso: Pavimento/Exterior | Espesor: 9 MM | Rectificado: Sí | Antideslizante: No | Versión antideslizante disponible: Sí | Destonificación: V3-V4 Incrustaciones irregulares | Tipo de pieza: Relieve,,
,variation,ESM-AMBROSSIA-NATURAL-60X120-RLV,Ambrossia Natural 60X120 Relieve,1,,visible,,,taxable,,1,,,,28.62,,,,,,,,,,,ECOCERAMIC/AMBROSSIA/ECOCERAMIC_PZ_AMBROSSIA_NATURAL_60X120_01.webp,,,ESM-AMBROSSIA,19,Modelo,Ambrossia,1,1,,Color,Natural,1,1,,Formato,60X120,1,1,,,,,,,,,,,,Tipo de pieza,Relieve,1,1,,,,,,,,,,,,,,,,,,,,,,,,,,,,,,,,,,,,,,,,,,1.44,28.62,2,36,"51,84",1055,14,60X120,9 MM,Porcelánico,Mate,Pavimento/Exterior,Sí,No,Sí,V3-V4 Incrustaciones irregulares,Interior y exterior (ADZ),Porce Plus,Ambrossia,Esmalto,Ecoceramic,,Material: Porcelánico | Acabado: Mate | Uso: Pavimento/Exterior | Espesor: 9 MM | Rectificado: Sí | Antideslizante: No | Versión antideslizante disponible: Sí | Destonificación: V3-V4 Incrustaciones irregulares | Tipo de pieza: Relieve,,
,variation,ESM-AMBROSSIA-WHITE-60X120-RLV,Ambrossia White 60X120 Relieve,1,,visible,,,taxable,,1,,,,28.62,,,,,,,,,,,ECOCERAMIC/AMBROSSIA/ECOCERAMIC_PZ_AMBROSSIA_WHITE_60X120_01.webp,,,ESM-AMBROSSIA,20,Modelo,Ambrossia,1,1,,Color,White,1,1,,Formato,60X120,1,1,,,,,,,,,,,,Tipo de pieza,Relieve,1,1,,,,,,,,,,,,,,,,,,,,,,,,,,,,,,,,,,,,,,,,,,1.44,28.62,2,36,"51,84",1055,14,60X120,9 MM,Porcelánico,Mate,Pavimento/Exterior,Sí,No,Sí,V3-V4 Incrustaciones irregulares,Interior y exterior (ADZ),Porce Plus,Ambrossia,Esmalto,Ecoceramic,,Material: Porcelánico | Acabado: Mate | Uso: Pavimento/Exterior | Espesor: 9 MM | Rectificado: Sí | Antideslizante: No | Versión antideslizante disponible: Sí | Destonificación: V3-V4 Incrustaciones irregulares | Tipo de pieza: Relieve,,
,variable,ESM-ARENISCA,Arenisca,1,0,visible,"Serie Arenisca de Ecoceramic en porcelánico y pasta blanca, acabado mate. 4 color(es) y 5 formato(s).","<p>La serie <strong>Arenisca</strong> de Ecoceramic está fabricada en porcelánico y pasta blanca con acabado mate. Se presenta en 4 color(es) y 5 formato(s), con un total de 24 referencias.</p><h3>Características técnicas</h3><ul><li><strong>Material:</strong> Porcelánico y Pasta blanca</li><li><strong>Acabado:</strong> Mate</li><li><strong>Uso:</strong> Pavimento y revestimiento</li><li><strong>Espesor:</strong> 9 MM</li><li><strong>Antideslizante:</strong> No</li><li><strong>Versión antideslizante:</strong> No / Sí</li><li><strong>Tipo de pieza:</strong> Baldosa y Relieve</li><li><strong>Familia:</strong> Porcelain</li></ul><p><strong>Colores disponibles:</strong> Arena, Perla, Gris, Marengo.<br><strong>Formatos:</strong> 60X120, 90X90, 75X75, 60X60, 30X90.</p><p><strong>Espacios recomendados:</strong> Interior y exterior: salón, cocina, baño, terraza y fachada.</p><h3>Datos de embalaje</h3><table><thead><tr><th>Formato</th><th>Pz/caja</th><th>m²/caja</th><th>Kg/caja</th><th>Cajas/palet</th><th>m²/palet</th><th>Kg/palet</th></tr></thead><tbody><tr><td>120X280</td><td>1</td><td>3,36</td><td>52</td><td>20</td><td>67,20</td><td>1140</td></tr><tr><td>30X90</td><td>5</td><td>1,35</td><td>20,22</td><td>63</td><td>85,05</td><td>1299</td></tr><tr><td>60.8X60.8</td><td>4</td><td>1,48</td><td>29,70</td><td>30</td><td>44,40</td><td>911</td></tr><tr><td>60X120</td><td>2</td><td>1,44</td><td>58,50</td><td>18</td><td>25,92</td><td>1078</td></tr><tr><td>60X60</td><td>3</td><td>1,08</td><td>43</td><td>20</td><td>21,60</td><td>880</td></tr><tr><td>60X90</td><td>2</td><td>1,08</td><td>45</td><td>22</td><td>23,76</td><td>1015</td></tr><tr><td>75X75</td><td>3</td><td>1,69</td><td>34</td><td>36</td><td>60,84</td><td>1244</td></tr><tr><td>90X90</td><td>2</td><td>1,62</td><td>33</td><td>32</td><td>51,84</td><td>1081</td></tr></tbody></table>",taxable,,1,,0,0,,,,,1,,,,Pavimentos y revestimientos > Porcelain > Arenisca,"Arenisca, Ecoceramic, Esmalto, Porcelain, Arena, Perla, Gris, Marengo, 60X120, 90X90, 75X75, 60X60, 30X90, Porcelánico, Pasta blanca",,"ECOCERAMIC/ARENISCA/ECO20/ECOCERAMIC_AMB_ARENISCA-ECO20_GRIS_DETALLE.webp, ECOCERAMIC/ARENISCA/ECO20/ECOCERAMIC_AMB_ARENISCA-ECO20_GRIS_DETALLE_OUTDOOR.webp, ECOCERAMIC/ARENISCA/ECO20/ECOCERAMIC_AMB_ARENISCA-ECO20_GRIS_OUTDOOR.webp, ECOCERAMIC/ARENISCA/ECO20/ECOCERAMIC_AMB_ARENISCA-ECO20_MARENGO.webp, ECOCERAMIC/ARENISCA/ECO20/ECOCERAMIC_AMB_ARENISCA-ECO20_MARENGO_DETALLE_OUTDOOR.webp, ECOCERAMIC/ARENISCA/ECO20/ECOCERAMIC_AMB_ARENISCA-ECO20_MARENGO_OUTDOOR.webp, ECOCERAMIC/ARENISCA/ECO20/ECOCERAMIC_AMB_ARENISCA-ECO20_PERLA.webp, ECOCERAMIC/ARENISCA/ECO20/ECOCERAMIC_AMB_ARENISCA-ECO20_PERLA_DETALLE_OUTDOOR.webp, ECOCERAMIC/ARENISCA/ECO20/ECOCERAMIC_AMB_ARENISCA-ECO20_PERLA_OUTDOOR.webp, ECOCERAMIC/ARENISCA/ECOWHITE/ECOCERAMIC_AMB_ARENISCA-ECOWHITE_ARENA_BATHROOM.webp, ECOCERAMIC/ARENISCA/ECOWHITE/ECOCERAMIC_AMB_ARENISCA-ECOWHITE_ARENA_DETALLE_BATHROOM.webp, ECOCERAMIC/ARENISCA/ECOWHITE/ECOCERAMIC_AMB_ARENISCA-ECOWHITE_DC_ARENA_30X90.webp, ECOCERAMIC/ARENISCA/ECOWHITE/ECOCERAMIC_AMB_ARENISCA-ECOWHITE_DC_MARENGO_BLANCO_30X90.webp, ECOCERAMIC/ARENISCA/ECOWHITE/ECOCERAMIC_AMB_ARENISCA-ECOWHITE_DC_PERLA_30X90.webp, ECOCERAMIC/ARENISCA/ECOWHITE/ECOCERAMIC_AMB_ARENISCA-ECOWHITE_GRIS_DETALLE_BATHROOM.webp, ECOCERAMIC/ARENISCA/ECOWHITE/ECOCERAMIC_AMB_ARENISCA-ECOWHITE_MARENGO_30X90.webp, ECOCERAMIC/ARENISCA/ECOWHITE/ECOCERAMIC_AMB_ARENISCA-ECOWHITE_MARENGO_BATHROOM.webp, ECOCERAMIC/ARENISCA/ECOWHITE/ECOCERAMIC_AMB_ARENISCA-ECOWHITE_MARENGO_DETALLE_BATHROOM.webp, ECOCERAMIC/ARENISCA/ECOWHITE/ECOCERAMIC_AMB_ARENISCA-ECOWHITE_PERLA_BATHROOM.webp, ECOCERAMIC/ARENISCA/ECOWHITE/ECOCERAMIC_AMB_ARENISCA-ECOWHITE_PERLA_DETALLE_BATHROOM.webp, ECOCERAMIC/ARENISCA/ECOWHITE/ECOCERAMIC_AMB_ARENISCA-ECOWHITE_RLV_ARENA_01.webp, ECOCERAMIC/ARENISCA/ECOWHITE/ECOCERAMIC_AMB_ARENISCA-ECOWHITE_RLV_ARENA_DETALLE.webp, ECOCERAMIC/ARENISCA/ECOWHITE/ECOCERAMIC_AMB_ARENISCA-ECOWHITE_RLV_BLANCO_DETALLE.webp, ECOCERAMIC/ARENISCA/ECOWHITE/ECOCERAMIC_AMB_ARENISCA-ECOWHITE_RLV_MARENGO_01.webp, ECOCERAMIC/ARENISCA/ECOWHITE/ECOCERAMIC_AMB_ARENISCA-ECOWHITE_RLV_MARENGO_DETALLE.webp, ECOCERAMIC/ARENISCA/ECOWHITE/ECOCERAMIC_AMB_ARENISCA-ECOWHITE_RLV_PERLA_01.webp, ECOCERAMIC/ARENISCA/ECOWHITE/ECOCERAMIC_AMB_ARENISCA-ECOWHITE_RLV_PERLA_DETALLE.webp, ECOCERAMIC/ARENISCA/POR/ECOCERAMIC_AMB_ARENISCA-POR_ARENA.webp, ECOCERAMIC/ARENISCA/POR/ECOCERAMIC_AMB_ARENISCA-POR_ARENA_90X90.webp, ECOCERAMIC/ARENISCA/POR/ECOCERAMIC_AMB_ARENISCA-POR_GRIS_60X60_60X120.webp, ECOCERAMIC/ARENISCA/POR/ECOCERAMIC_AMB_ARENISCA-POR_GRIS_90X90.webp, ECOCERAMIC/ARENISCA/POR/ECOCERAMIC_AMB_ARENISCA-POR_GRIS_BEDROOM.webp, ECOCERAMIC/ARENISCA/POR/ECOCERAMIC_AMB_ARENISCA-POR_GRIS_OUTDOOR.webp, ECOCERAMIC/ARENISCA/POR/ECOCERAMIC_AMB_ARENISCA-POR_MALLA-VOGUE_60X60_60X120.webp, ECOCERAMIC/ARENISCA/POR/ECOCERAMIC_AMB_ARENISCA-POR_MALLA-VOGUE_DETALLE.webp, ECOCERAMIC/ARENISCA/POR/ECOCERAMIC_AMB_ARENISCA-POR_PERLA.webp, ECOCERAMIC/ARENISCA/POR/ECOCERAMIC_AMB_ARENISCA-POR_PERLA_90X90.webp, ECOCERAMIC/ARENISCA/POR/ECOCERAMIC_AMB_ARENISCA-POR_PERLA_V2.webp, ECOCERAMIC/ARENISCA/ECOCERAMIC_AMB_HELSINKI_PERLA.webp, ECOCERAMIC/ARENISCA/ECO20/ECOCERAMIC_PZ_ARENISCA-ECO20_ARENA_60X120.webp, ECOCERAMIC/ARENISCA/ECO20/ECOCERAMIC_PZ_ARENISCA-ECO20_ARENA_60X60.webp, ECOCERAMIC/ARENISCA/ECO20/ECOCERAMIC_PZ_ARENISCA-ECO20_GRIS_60X120.webp, ECOCERAMIC/ARENISCA/ECO20/ECOCERAMIC_PZ_ARENISCA-ECO20_GRIS_60X60.webp, ECOCERAMIC/ARENISCA/ECO20/ECOCERAMIC_PZ_ARENISCA-ECO20_MARENGO_60X120.webp, ECOCERAMIC/ARENISCA/ECO20/ECOCERAMIC_PZ_ARENISCA-ECO20_MARENGO_60X60.webp, ECOCERAMIC/ARENISCA/ECO20/ECOCERAMIC_PZ_ARENISCA-ECO20_PERLA_60X120.webp, ECOCERAMIC/ARENISCA/ECO20/ECOCERAMIC_PZ_ARENISCA-ECO20_PERLA_60X60.webp, ECOCERAMIC/ARENISCA/ECOWHITE/ECOCERAMIC_PZ_ARENISCA-ECOWHITE_ARENA.webp, ECOCERAMIC/ARENISCA/ECOWHITE/ECOCERAMIC_PZ_ARENISCA-ECOWHITE_ARENA_30X90.webp, ECOCERAMIC/ARENISCA/ECOWHITE/ECOCERAMIC_PZ_ARENISCA-ECOWHITE_BLANCO.webp, ECOCERAMIC/ARENISCA/ECOWHITE/ECOCERAMIC_PZ_ARENISCA-ECOWHITE_BLANCO_30X90.webp, ECOCERAMIC/ARENISCA/ECOWHITE/ECOCERAMIC_PZ_ARENISCA-ECOWHITE_DC_ARENA.webp, ECOCERAMIC/ARENISCA/ECOWHITE/ECOCERAMIC_PZ_ARENISCA-ECOWHITE_DC_ARENA_30X90.webp, ECOCERAMIC/ARENISCA/ECOWHITE/ECOCERAMIC_PZ_ARENISCA-ECOWHITE_DC_BLANCO.webp, ECOCERAMIC/ARENISCA/ECOWHITE/ECOCERAMIC_PZ_ARENISCA-ECOWHITE_DC_BLANCO_30X90.webp, ECOCERAMIC/ARENISCA/ECOWHITE/ECOCERAMIC_PZ_ARENISCA-ECOWHITE_DC_MARENGO.webp, ECOCERAMIC/ARENISCA/ECOWHITE/ECOCERAMIC_PZ_ARENISCA-ECOWHITE_DC_MARENGO_30X90.webp, ECOCERAMIC/ARENISCA/ECOWHITE/ECOCERAMIC_PZ_ARENISCA-ECOWHITE_DC_PERLA.webp, ECOCERAMIC/ARENISCA/ECOWHITE/ECOCERAMIC_PZ_ARENISCA-ECOWHITE_DC_PERLA_30X90.webp, ECOCERAMIC/ARENISCA/ECOWHITE/ECOCERAMIC_PZ_ARENISCA-ECOWHITE_MARENGO.webp, ECOCERAMIC/ARENISCA/ECOWHITE/ECOCERAMIC_PZ_ARENISCA-ECOWHITE_MARENGO_30X90.webp, ECOCERAMIC/ARENISCA/ECOWHITE/ECOCERAMIC_PZ_ARENISCA-ECOWHITE_PERLA.webp, ECOCERAMIC/ARENISCA/ECOWHITE/ECOCERAMIC_PZ_ARENISCA-ECOWHITE_PERLA_30X90.webp, ECOCERAMIC/ARENISCA/ECOWHITE/ECOCERAMIC_PZ_ARENISCA-ECOWHITE_RLV_ARENA.webp, ECOCERAMIC/ARENISCA/ECOWHITE/ECOCERAMIC_PZ_ARENISCA-ECOWHITE_RLV_ARENA_01.webp, ECOCERAMIC/ARENISCA/ECOWHITE/ECOCERAMIC_PZ_ARENISCA-ECOWHITE_RLV_ARENA_02.webp, ECOCERAMIC/ARENISCA/ECOWHITE/ECOCERAMIC_PZ_ARENISCA-ECOWHITE_RLV_ARENA_03.webp, ECOCERAMIC/ARENISCA/ECOWHITE/ECOCERAMIC_PZ_ARENISCA-ECOWHITE_RLV_ARENA_04.webp, ECOCERAMIC/ARENISCA/ECOWHITE/ECOCERAMIC_PZ_ARENISCA-ECOWHITE_RLV_ARENA_05.webp, ECOCERAMIC/ARENISCA/ECOWHITE/ECOCERAMIC_PZ_ARENISCA-ECOWHITE_RLV_ARENA_30X90.webp, ECOCERAMIC/ARENISCA/ECOWHITE/ECOCERAMIC_PZ_ARENISCA-ECOWHITE_RLV_BLANCO.webp, ECOCERAMIC/ARENISCA/ECOWHITE/ECOCERAMIC_PZ_ARENISCA-ECOWHITE_RLV_BLANCO_30X90.webp, ECOCERAMIC/ARENISCA/ECOWHITE/ECOCERAMIC_PZ_ARENISCA-ECOWHITE_RLV_MARENGO.webp, ECOCERAMIC/ARENISCA/ECOWHITE/ECOCERAMIC_PZ_ARENISCA-ECOWHITE_RLV_MARENGO_30X90.webp, ECOCERAMIC/ARENISCA/ECOWHITE/ECOCERAMIC_PZ_ARENISCA-ECOWHITE_RLV_PERLA.webp, ECOCERAMIC/ARENISCA/ECOWHITE/ECOCERAMIC_PZ_ARENISCA-ECOWHITE_RLV_PERLA_30X90.webp, ECOCERAMIC/ARENISCA/POR/ECOCERAMIC_PZ_ARENISCA-POR_ARENA_60X120.webp, ECOCERAMIC/ARENISCA/POR/ECOCERAMIC_PZ_ARENISCA-POR_ARENA_60X60.webp, ECOCERAMIC/ARENISCA/POR/ECOCERAMIC_PZ_ARENISCA-POR_ARENA_75X75.webp, ECOCERAMIC/ARENISCA/POR/ECOCERAMIC_PZ_ARENISCA-POR_ARENA_90X90.webp, ECOCERAMIC/ARENISCA/POR/ECOCERAMIC_PZ_ARENISCA-POR_GRIS_60X120.webp, ECOCERAMIC/ARENISCA/POR/ECOCERAMIC_PZ_ARENISCA-POR_GRIS_60X60.webp, ECOCERAMIC/ARENISCA/POR/ECOCERAMIC_PZ_ARENISCA-POR_GRIS_75X75.webp, ECOCERAMIC/ARENISCA/POR/ECOCERAMIC_PZ_ARENISCA-POR_GRIS_90X90.webp, ECOCERAMIC/ARENISCA/POR/ECOCERAMIC_PZ_ARENISCA-POR_MARENGO_60X120.webp, ECOCERAMIC/ARENISCA/POR/ECOCERAMIC_PZ_ARENISCA-POR_MARENGO_60X60.webp, ECOCERAMIC/ARENISCA/POR/ECOCERAMIC_PZ_ARENISCA-POR_MARENGO_75X75.webp, ECOCERAMIC/ARENISCA/POR/ECOCERAMIC_PZ_ARENISCA-POR_MARENGO_90X90.webp, ECOCERAMIC/ARENISCA/POR/ECOCERAMIC_PZ_ARENISCA-POR_PERLA_60X120.webp, ECOCERAMIC/ARENISCA/POR/ECOCERAMIC_PZ_ARENISCA-POR_PERLA_60X60.webp, ECOCERAMIC/ARENISCA/POR/ECOCERAMIC_PZ_ARENISCA-POR_PERLA_75X75.webp, ECOCERAMIC/ARENISCA/POR/ECOCERAMIC_PZ_ARENISCA-POR_PERLA_90X90.webp",Ficha técnica Arenisca,ECOCERAMIC/ARENISCA/POR/ECOCERAMIC_FICHA_ARENISCA_POR.jpg,,0,Modelo,Arenisca,1,1,,Color,Arena | Perla | Gris | Marengo,1,1,Arena,Formato,60X120 | 90X90 | 75X75 | 60X60 | 30X90,1,1,60X120,Acabado,Mate,1,1,,Espesor,9 MM,1,1,,Tipo de pieza,Baldosa | Relieve,1,1,Baldosa,Material,Porcelánico | Pasta blanca,1,1,,Antideslizante,No,1,1,,Versión antideslizante,No | Sí,1,1,,Uso,Pavimento y revestimiento,1,1,,,,,,,,,,,,Familia,Porcelain,1,1,,Fabricante,Ecoceramic,1,1,,,,,,,,,,,,,,,,,,"Interior y exterior: salón, cocina, baño, terraza y fachada",Porcelain,Arenisca,Esmalto,Ecoceramic,ECOCERAMIC/ARENISCA/POR/ECOCERAMIC_FICHA_ARENISCA_POR.jpg ; ECOCERAMIC/ARENISCA/ECO20/ECOCERAMIC_FICHA_ARENISCA_ECO20.jpg ; ECOCERAMIC/ARENISCA/ECOWHITE/ECOCERAMIC_FICHA_ARENISCA_ECOWHITE.jpg,Material: Porcelánico | Acabado: Mate | Uso: Pavimento y revestimiento | Espesor: 9 MM | Antideslizante: No | Versión antideslizante disponible: No | Tipo de pieza: Baldosa,Arenisca | Porcelánico Porcelain | Esmalto,"Serie Arenisca de Ecoceramic en porcelánico y pasta blanca, acabado mate. 4 color(es) y 5 formato(s)."
,variation,ESM-ARENISCA-ARENA-30X90,Arenisca Arena 30X90,1,,visible,,,taxable,,1,,,,20.22,,,,,,,,,,,ECOCERAMIC/ARENISCA/ECOWHITE/ECOCERAMIC_PZ_ARENISCA-ECOWHITE_ARENA_30X90.webp,,,ESM-ARENISCA,21,Modelo,Arenisca,1,1,,Color,Arena,1,1,,Formato,30X90,1,1,,,,,,,,,,,,Tipo de pieza,Baldosa,1,1,,,,,,,,,,,,,,,,,,,,,,,,,,,,,,,,,,,,,,,,,,1.35,20.22,5,63,"85,05",1299,3,30X90,9 MM,Pasta blanca,Mate,Pavimento y revestimiento,,,,,"Interior y exterior: salón, cocina, baño, terraza y fachada",Porcelain,Arenisca,Esmalto,Ecoceramic,,Material: Pasta blanca | Acabado: Mate | Uso: Pavimento y revestimiento | Espesor: 9 MM | Tipo de pieza: Baldosa,,
,variation,ESM-ARENISCA-GRIS-30X90,Arenisca Gris 30X90,1,,visible,,,taxable,,1,,,,20.22,,,,,,,,,,,ECOCERAMIC/ARENISCA/ECO20/ECOCERAMIC_PZ_ARENISCA-ECO20_GRIS_60X120.webp,,,ESM-ARENISCA,22,Modelo,Arenisca,1,1,,Color,Gris,1,1,,Formato,30X90,1,1,,,,,,,,,,,,Tipo de pieza,Baldosa,1,1,,,,,,,,,,,,,,,,,,,,,,,,,,,,,,,,,,,,,,,,,,1.35,20.22,5,63,"85,05",1299,3,30X90,9 MM,Pasta blanca,Mate,Pavimento y revestimiento,,,,,"Interior y exterior: salón, cocina, baño, terraza y fachada",Porcelain,Arenisca,Esmalto,Ecoceramic,,Material: Pasta blanca | Acabado: Mate | Uso: Pavimento y revestimiento | Espesor: 9 MM | Tipo de pieza: Baldosa,,
,variation,ESM-ARENISCA-MARENGO-30X90,Arenisca Marengo 30X90,1,,visible,,,taxable,,1,,,,20.22,,,,,,,,,,,ECOCERAMIC/ARENISCA/ECOWHITE/ECOCERAMIC_PZ_ARENISCA-ECOWHITE_MARENGO_30X90.webp,,,ESM-ARENISCA,23,Modelo,Arenisca,1,1,,Color,Marengo,1,1,,Formato,30X90,1,1,,,,,,,,,,,,Tipo de pieza,Baldosa,1,1,,,,,,,,,,,,,,,,,,,,,,,,,,,,,,,,,,,,,,,,,,1.35,20.22,5,63,"85,05",1299,3,30X90,9 MM,Pasta blanca,Mate,Pavimento y revestimiento,,,,,"Interior y exterior: salón, cocina, baño, terraza y fachada",Porcelain,Arenisca,Esmalto,Ecoceramic,,Material: Pasta blanca | Acabado: Mate | Uso: Pavimento y revestimiento | Espesor: 9 MM | Tipo de pieza: Baldosa,,
,variation,ESM-ARENISCA-PERLA-30X90,Arenisca Perla 30X90,1,,visible,,,taxable,,1,,,,20.22,,,,,,,,,,,ECOCERAMIC/ARENISCA/ECOWHITE/ECOCERAMIC_PZ_ARENISCA-ECOWHITE_PERLA_30X90.webp,,,ESM-ARENISCA,24,Modelo,Arenisca,1,1,,Color,Perla,1,1,,Formato,30X90,1,1,,,,,,,,,,,,Tipo de pieza,Baldosa,1,1,,,,,,,,,,,,,,,,,,,,,,,,,,,,,,,,,,,,,,,,,,1.35,20.22,5,63,"85,05",1299,3,30X90,9 MM,Pasta blanca,Mate,Pavimento y revestimiento,,,,,"Interior y exterior: salón, cocina, baño, terraza y fachada",Porcelain,Arenisca,Esmalto,Ecoceramic,,Material: Pasta blanca | Acabado: Mate | Uso: Pavimento y revestimiento | Espesor: 9 MM | Tipo de pieza: Baldosa,,
,variation,ESM-ARENISCA-ARENA-60X120,Arenisca Arena 60X120,1,,visible,,,taxable,,1,,,,28.62,,,,,,,,,,,ECOCERAMIC/ARENISCA/ECO20/ECOCERAMIC_PZ_ARENISCA-ECO20_ARENA_60X120.webp,,,ESM-ARENISCA,25,Modelo,Arenisca,1,1,,Color,Arena,1,1,,Formato,60X120,1,1,,,,,,,,,,,,Tipo de pieza,Baldosa,1,1,,,,,,,,,,,,,,,,,,,,,,,,,,,,,,,,,,,,,,,,,,1.44,28.62,2,36,"51,84",1055,4,60X120,9 MM,Porcelánico,Mate,Pavimento y revestimiento,,No,No,,"Interior y exterior: salón, cocina, baño, terraza y fachada",Porcelain,Arenisca,Esmalto,Ecoceramic,,Material: Porcelánico | Acabado: Mate | Uso: Pavimento y revestimiento | Espesor: 9 MM | Antideslizante: No | Versión antideslizante disponible: No | Tipo de pieza: Baldosa,,
,variation,ESM-ARENISCA-GRIS-60X120,Arenisca Gris 60X120,1,,visible,,,taxable,,1,,,,28.62,,,,,,,,,,,ECOCERAMIC/ARENISCA/ECO20/ECOCERAMIC_PZ_ARENISCA-ECO20_GRIS_60X120.webp,,,ESM-ARENISCA,26,Modelo,Arenisca,1,1,,Color,Gris,1,1,,Formato,60X120,1,1,,,,,,,,,,,,Tipo de pieza,Baldosa,1,1,,,,,,,,,,,,,,,,,,,,,,,,,,,,,,,,,,,,,,,,,,1.44,28.62,2,36,"51,84",1055,4,60X120,9 MM,Porcelánico,Mate,Pavimento y revestimiento,,No,No,,"Interior y exterior: salón, cocina, baño, terraza y fachada",Porcelain,Arenisca,Esmalto,Ecoceramic,,Material: Porcelánico | Acabado: Mate | Uso: Pavimento y revestimiento | Espesor: 9 MM | Antideslizante: No | Versión antideslizante disponible: No | Tipo de pieza: Baldosa,,
,variation,ESM-ARENISCA-MARENGO-60X120,Arenisca Marengo 60X120,1,,visible,,,taxable,,1,,,,28.62,,,,,,,,,,,ECOCERAMIC/ARENISCA/ECO20/ECOCERAMIC_PZ_ARENISCA-ECO20_MARENGO_60X120.webp,,,ESM-ARENISCA,27,Modelo,Arenisca,1,1,,Color,Marengo,1,1,,Formato,60X120,1,1,,,,,,,,,,,,Tipo de pieza,Baldosa,1,1,,,,,,,,,,,,,,,,,,,,,,,,,,,,,,,,,,,,,,,,,,1.44,28.62,2,36,"51,84",1055,4,60X120,9 MM,Porcelánico,Mate,Pavimento y revestimiento,,No,No,,"Interior y exterior: salón, cocina, baño, terraza y fachada",Porcelain,Arenisca,Esmalto,Ecoceramic,,Material: Porcelánico | Acabado: Mate | Uso: Pavimento y revestimiento | Espesor: 9 MM | Antideslizante: No | Versión antideslizante disponible: No | Tipo de pieza: Baldosa,,
,variation,ESM-ARENISCA-PERLA-60X120,Arenisca Perla 60X120,1,,visible,,,taxable,,1,,,,28.62,,,,,,,,,,,ECOCERAMIC/ARENISCA/ECO20/ECOCERAMIC_PZ_ARENISCA-ECO20_PERLA_60X120.webp,,,ESM-ARENISCA,28,Modelo,Arenisca,1,1,,Color,Perla,1,1,,Formato,60X120,1,1,,,,,,,,,,,,Tipo de pieza,Baldosa,1,1,,,,,,,,,,,,,,,,,,,,,,,,,,,,,,,,,,,,,,,,,,1.44,28.62,2,36,"51,84",1055,4,60X120,9 MM,Porcelánico,Mate,Pavimento y revestimiento,,No,No,,"Interior y exterior: salón, cocina, baño, terraza y fachada",Porcelain,Arenisca,Esmalto,Ecoceramic,,Material: Porcelánico | Acabado: Mate | Uso: Pavimento y revestimiento | Espesor: 9 MM | Antideslizante: No | Versión antideslizante disponible: No | Tipo de pieza: Baldosa,,
,variation,ESM-ARENISCA-ARENA-60X60,Arenisca Arena 60X60,1,,visible,,,taxable,,1,,,,30,,,,,,,,,,,ECOCERAMIC/ARENISCA/ECO20/ECOCERAMIC_PZ_ARENISCA-ECO20_ARENA_60X60.webp,,,ESM-ARENISCA,29,Modelo,Arenisca,1,1,,Color,Arena,1,1,,Formato,60X60,1,1,,,,,,,,,,,,Tipo de pieza,Baldosa,1,1,,,,,,,,,,,,,,,,,,,,,,,,,,,,,,,,,,,,,,,,,,1.44,30,4,30,"43,20",912,20,60X60,9 MM,Porcelánico,Mate,Pavimento y revestimiento,,No,No,,"Interior y exterior: salón, cocina, baño, terraza y fachada",Porcelain,Arenisca,Esmalto,Ecoceramic,,Material: Porcelánico | Acabado: Mate | Uso: Pavimento y revestimiento | Espesor: 9 MM | Antideslizante: No | Versión antideslizante disponible: No | Tipo de pieza: Baldosa,,
,variation,ESM-ARENISCA-GRIS-60X60,Arenisca Gris 60X60,1,,visible,,,taxable,,1,,,,30,,,,,,,,,,,ECOCERAMIC/ARENISCA/ECO20/ECOCERAMIC_PZ_ARENISCA-ECO20_GRIS_60X60.webp,,,ESM-ARENISCA,30,Modelo,Arenisca,1,1,,Color,Gris,1,1,,Formato,60X60,1,1,,,,,,,,,,,,Tipo de pieza,Baldosa,1,1,,,,,,,,,,,,,,,,,,,,,,,,,,,,,,,,,,,,,,,,,,1.44,30,4,30,"43,20",912,20,60X60,9 MM,Porcelánico,Mate,Pavimento y revestimiento,,No,No,,"Interior y exterior: salón, cocina, baño, terraza y fachada",Porcelain,Arenisca,Esmalto,Ecoceramic,,Material: Porcelánico | Acabado: Mate | Uso: Pavimento y revestimiento | Espesor: 9 MM | Antideslizante: No | Versión antideslizante disponible: No | Tipo de pieza: Baldosa,,
,variation,ESM-ARENISCA-MARENGO-60X60,Arenisca Marengo 60X60,1,,visible,,,taxable,,1,,,,30,,,,,,,,,,,ECOCERAMIC/ARENISCA/ECO20/ECOCERAMIC_PZ_ARENISCA-ECO20_MARENGO_60X60.webp,,,ESM-ARENISCA,31,Modelo,Arenisca,1,1,,Color,Marengo,1,1,,Formato,60X60,1,1,,,,,,,,,,,,Tipo de pieza,Baldosa,1,1,,,,,,,,,,,,,,,,,,,,,,,,,,,,,,,,,,,,,,,,,,1.44,30,4,30,"43,20",912,20,60X60,9 MM,Porcelánico,Mate,Pavimento y revestimiento,,No,No,,"Interior y exterior: salón, cocina, baño, terraza y fachada",Porcelain,Arenisca,Esmalto,Ecoceramic,,Material: Porcelánico | Acabado: Mate | Uso: Pavimento y revestimiento | Espesor: 9 MM | Antideslizante: No | Versión antideslizante disponible: No | Tipo de pieza: Baldosa,,
,variation,ESM-ARENISCA-PERLA-60X60,Arenisca Perla 60X60,1,,visible,,,taxable,,1,,,,30,,,,,,,,,,,ECOCERAMIC/ARENISCA/ECO20/ECOCERAMIC_PZ_ARENISCA-ECO20_PERLA_60X60.webp,,,ESM-ARENISCA,32,Modelo,Arenisca,1,1,,Color,Perla,1,1,,Formato,60X60,1,1,,,,,,,,,,,,Tipo de pieza,Baldosa,1,1,,,,,,,,,,,,,,,,,,,,,,,,,,,,,,,,,,,,,,,,,,1.44,30,4,30,"43,20",912,20,60X60,9 MM,Porcelánico,Mate,Pavimento y revestimiento,,No,No,,"Interior y exterior: salón, cocina, baño, terraza y fachada",Porcelain,Arenisca,Esmalto,Ecoceramic,,Material: Porcelánico | Acabado: Mate | Uso: Pavimento y revestimiento | Espesor: 9 MM | Antideslizante: No | Versión antideslizante disponible: No | Tipo de pieza: Baldosa,,
,variation,ESM-ARENISCA-ARENA-75X75,Arenisca Arena 75X75,1,,visible,,,taxable,,1,,,,34,,,,,,,,,,,ECOCERAMIC/ARENISCA/POR/ECOCERAMIC_PZ_ARENISCA-POR_ARENA_75X75.webp,,,ESM-ARENISCA,33,Modelo,Arenisca,1,1,,Color,Arena,1,1,,Formato,75X75,1,1,,,,,,,,,,,,Tipo de pieza,Baldosa,1,1,,,,,,,,,,,,,,,,,,,,,,,,,,,,,,,,,,,,,,,,,,1.69,34,3,36,"60,84",1244,20,75X75,9 MM,Porcelánico,Mate,Pavimento y revestimiento,,No,Sí,,"Interior y exterior: salón, cocina, baño, terraza y fachada",Porcelain,Arenisca,Esmalto,Ecoceramic,,Material: Porcelánico | Acabado: Mate | Uso: Pavimento y revestimiento | Espesor: 9 MM | Antideslizante: No | Versión antideslizante disponible: Sí | Tipo de pieza: Baldosa,,
,variation,ESM-ARENISCA-GRIS-75X75,Arenisca Gris 75X75,1,,visible,,,taxable,,1,,,,34,,,,,,,,,,,ECOCERAMIC/ARENISCA/POR/ECOCERAMIC_PZ_ARENISCA-POR_GRIS_75X75.webp,,,ESM-ARENISCA,34,Modelo,Arenisca,1,1,,Color,Gris,1,1,,Formato,75X75,1,1,,,,,,,,,,,,Tipo de pieza,Baldosa,1,1,,,,,,,,,,,,,,,,,,,,,,,,,,,,,,,,,,,,,,,,,,1.69,34,3,36,"60,84",1244,20,75X75,9 MM,Porcelánico,Mate,Pavimento y revestimiento,,No,No,,"Interior y exterior: salón, cocina, baño, terraza y fachada",Porcelain,Arenisca,Esmalto,Ecoceramic,,Material: Porcelánico | Acabado: Mate | Uso: Pavimento y revestimiento | Espesor: 9 MM | Antideslizante: No | Versión antideslizante disponible: No | Tipo de pieza: Baldosa,,
,variation,ESM-ARENISCA-MARENGO-75X75,Arenisca Marengo 75X75,1,,visible,,,taxable,,1,,,,34,,,,,,,,,,,ECOCERAMIC/ARENISCA/POR/ECOCERAMIC_PZ_ARENISCA-POR_MARENGO_75X75.webp,,,ESM-ARENISCA,35,Modelo,Arenisca,1,1,,Color,Marengo,1,1,,Formato,75X75,1,1,,,,,,,,,,,,Tipo de pieza,Baldosa,1,1,,,,,,,,,,,,,,,,,,,,,,,,,,,,,,,,,,,,,,,,,,1.69,34,3,36,"60,84",1244,20,75X75,9 MM,Porcelánico,Mate,Pavimento y revestimiento,,No,No,,"Interior y exterior: salón, cocina, baño, terraza y fachada",Porcelain,Arenisca,Esmalto,Ecoceramic,,Material: Porcelánico | Acabado: Mate | Uso: Pavimento y revestimiento | Espesor: 9 MM | Antideslizante: No | Versión antideslizante disponible: No | Tipo de pieza: Baldosa,,
,variation,ESM-ARENISCA-PERLA-75X75,Arenisca Perla 75X75,1,,visible,,,taxable,,1,,,,34,,,,,,,,,,,ECOCERAMIC/ARENISCA/POR/ECOCERAMIC_PZ_ARENISCA-POR_PERLA_75X75.webp,,,ESM-ARENISCA,36,Modelo,Arenisca,1,1,,Color,Perla,1,1,,Formato,75X75,1,1,,,,,,,,,,,,Tipo de pieza,Baldosa,1,1,,,,,,,,,,,,,,,,,,,,,,,,,,,,,,,,,,,,,,,,,,1.69,34,3,36,"60,84",1244,20,75X75,9 MM,Porcelánico,Mate,Pavimento y revestimiento,,No,Sí,,"Interior y exterior: salón, cocina, baño, terraza y fachada",Porcelain,Arenisca,Esmalto,Ecoceramic,,Material: Porcelánico | Acabado: Mate | Uso: Pavimento y revestimiento | Espesor: 9 MM | Antideslizante: No | Versión antideslizante disponible: Sí | Tipo de pieza: Baldosa,,
,variation,ESM-ARENISCA-ARENA-90X90,Arenisca Arena 90X90,1,,visible,,,taxable,,1,,,,33,,,,,,,,,,,ECOCERAMIC/ARENISCA/POR/ECOCERAMIC_PZ_ARENISCA-POR_ARENA_90X90.webp,,,ESM-ARENISCA,37,Modelo,Arenisca,1,1,,Color,Arena,1,1,,Formato,90X90,1,1,,,,,,,,,,,,Tipo de pieza,Baldosa,1,1,,,,,,,,,,,,,,,,,,,,,,,,,,,,,,,,,,,,,,,,,,1.62,33,2,32,"51,84",1081,6,90X90,9 MM,Porcelánico,Mate,Pavimento y revestimiento,,No,Sí,,"Interior y exterior: salón, cocina, baño, terraza y fachada",Porcelain,Arenisca,Esmalto,Ecoceramic,,Material: Porcelánico | Acabado: Mate | Uso: Pavimento y revestimiento | Espesor: 9 MM | Antideslizante: No | Versión antideslizante disponible: Sí | Tipo de pieza: Baldosa,,
,variation,ESM-ARENISCA-GRIS-90X90,Arenisca Gris 90X90,1,,visible,,,taxable,,1,,,,33,,,,,,,,,,,ECOCERAMIC/ARENISCA/POR/ECOCERAMIC_PZ_ARENISCA-POR_GRIS_90X90.webp,,,ESM-ARENISCA,38,Modelo,Arenisca,1,1,,Color,Gris,1,1,,Formato,90X90,1,1,,,,,,,,,,,,Tipo de pieza,Baldosa,1,1,,,,,,,,,,,,,,,,,,,,,,,,,,,,,,,,,,,,,,,,,,1.62,33,2,32,"51,84",1081,6,90X90,9 MM,Porcelánico,Mate,Pavimento y revestimiento,,No,No,,"Interior y exterior: salón, cocina, baño, terraza y fachada",Porcelain,Arenisca,Esmalto,Ecoceramic,,Material: Porcelánico | Acabado: Mate | Uso: Pavimento y revestimiento | Espesor: 9 MM | Antideslizante: No | Versión antideslizante disponible: No | Tipo de pieza: Baldosa,,
,variation,ESM-ARENISCA-MARENGO-90X90,Arenisca Marengo 90X90,1,,visible,,,taxable,,1,,,,33,,,,,,,,,,,ECOCERAMIC/ARENISCA/POR/ECOCERAMIC_PZ_ARENISCA-POR_MARENGO_90X90.webp,,,ESM-ARENISCA,39,Modelo,Arenisca,1,1,,Color,Marengo,1,1,,Formato,90X90,1,1,,,,,,,,,,,,Tipo de pieza,Baldosa,1,1,,,,,,,,,,,,,,,,,,,,,,,,,,,,,,,,,,,,,,,,,,1.62,33,2,32,"51,84",1081,6,90X90,9 MM,Porcelánico,Mate,Pavimento y revestimiento,,No,No,,"Interior y exterior: salón, cocina, baño, terraza y fachada",Porcelain,Arenisca,Esmalto,Ecoceramic,,Material: Porcelánico | Acabado: Mate | Uso: Pavimento y revestimiento | Espesor: 9 MM | Antideslizante: No | Versión antideslizante disponible: No | Tipo de pieza: Baldosa,,
,variation,ESM-ARENISCA-PERLA-90X90,Arenisca Perla 90X90,1,,visible,,,taxable,,1,,,,33,,,,,,,,,,,ECOCERAMIC/ARENISCA/POR/ECOCERAMIC_PZ_ARENISCA-POR_PERLA_90X90.webp,,,ESM-ARENISCA,40,Modelo,Arenisca,1,1,,Color,Perla,1,1,,Formato,90X90,1,1,,,,,,,,,,,,Tipo de pieza,Baldosa,1,1,,,,,,,,,,,,,,,,,,,,,,,,,,,,,,,,,,,,,,,,,,1.62,33,2,32,"51,84",1081,6,90X90,9 MM,Porcelánico,Mate,Pavimento y revestimiento,,No,Sí,,"Interior y exterior: salón, cocina, baño, terraza y fachada",Porcelain,Arenisca,Esmalto,Ecoceramic,,Material: Porcelánico | Acabado: Mate | Uso: Pavimento y revestimiento | Espesor: 9 MM | Antideslizante: No | Versión antideslizante disponible: Sí | Tipo de pieza: Baldosa,,
,variation,ESM-ARENISCA-ARENA-30X90-RLV,Arenisca Arena 30X90 Relieve,1,,visible,,,taxable,,1,,,,20.22,,,,,,,,,,,ECOCERAMIC/ARENISCA/ECOWHITE/ECOCERAMIC_PZ_ARENISCA-ECOWHITE_ARENA_30X90.webp,,,ESM-ARENISCA,41,Modelo,Arenisca,1,1,,Color,Arena,1,1,,Formato,30X90,1,1,,,,,,,,,,,,Tipo de pieza,Relieve,1,1,,,,,,,,,,,,,,,,,,,,,,,,,,,,,,,,,,,,,,,,,,1.35,20.22,5,63,"85,05",1299,3,30X90,9 MM,Pasta blanca,Mate,Pavimento y revestimiento,,,,,"Interior y exterior: salón, cocina, baño, terraza y fachada",Porcelain,Arenisca,Esmalto,Ecoceramic,,Material: Pasta blanca | Acabado: Mate | Uso: Pavimento y revestimiento | Espesor: 9 MM | Tipo de pieza: Relieve,,
,variation,ESM-ARENISCA-GRIS-30X90-RLV,Arenisca Gris 30X90 Relieve,1,,visible,,,taxable,,1,,,,20.22,,,,,,,,,,,ECOCERAMIC/ARENISCA/ECO20/ECOCERAMIC_PZ_ARENISCA-ECO20_GRIS_60X120.webp,,,ESM-ARENISCA,42,Modelo,Arenisca,1,1,,Color,Gris,1,1,,Formato,30X90,1,1,,,,,,,,,,,,Tipo de pieza,Relieve,1,1,,,,,,,,,,,,,,,,,,,,,,,,,,,,,,,,,,,,,,,,,,1.35,20.22,5,63,"85,05",1299,3,30X90,9 MM,Pasta blanca,Mate,Pavimento y revestimiento,,,,,"Interior y exterior: salón, cocina, baño, terraza y fachada",Porcelain,Arenisca,Esmalto,Ecoceramic,,Material: Pasta blanca | Acabado: Mate | Uso: Pavimento y revestimiento | Espesor: 9 MM | Tipo de pieza: Relieve,,
,variation,ESM-ARENISCA-MARENGO-30X90-RLV,Arenisca Marengo 30X90 Relieve,1,,visible,,,taxable,,1,,,,20.22,,,,,,,,,,,ECOCERAMIC/ARENISCA/ECOWHITE/ECOCERAMIC_PZ_ARENISCA-ECOWHITE_MARENGO_30X90.webp,,,ESM-ARENISCA,43,Modelo,Arenisca,1,1,,Color,Marengo,1,1,,Formato,30X90,1,1,,,,,,,,,,,,Tipo de pieza,Relieve,1,1,,,,,,,,,,,,,,,,,,,,,,,,,,,,,,,,,,,,,,,,,,1.35,20.22,5,63,"85,05",1299,3,30X90,9 MM,Pasta blanca,Mate,Pavimento y revestimiento,,,,,"Interior y exterior: salón, cocina, baño, terraza y fachada",Porcelain,Arenisca,Esmalto,Ecoceramic,,Material: Pasta blanca | Acabado: Mate | Uso: Pavimento y revestimiento | Espesor: 9 MM | Tipo de pieza: Relieve,,
,variation,ESM-ARENISCA-PERLA-30X90-RLV,Arenisca Perla 30X90 Relieve,1,,visible,,,taxable,,1,,,,20.22,,,,,,,,,,,ECOCERAMIC/ARENISCA/ECOWHITE/ECOCERAMIC_PZ_ARENISCA-ECOWHITE_PERLA_30X90.webp,,,ESM-ARENISCA,44,Modelo,Arenisca,1,1,,Color,Perla,1,1,,Formato,30X90,1,1,,,,,,,,,,,,Tipo de pieza,Relieve,1,1,,,,,,,,,,,,,,,,,,,,,,,,,,,,,,,,,,,,,,,,,,1.35,20.22,5,63,"85,05",1299,3,30X90,9 MM,Pasta blanca,Mate,Pavimento y revestimiento,,,,,"Interior y exterior: salón, cocina, baño, terraza y fachada",Porcelain,Arenisca,Esmalto,Ecoceramic,,Material: Pasta blanca | Acabado: Mate | Uso: Pavimento y revestimiento | Espesor: 9 MM | Tipo de pieza: Relieve,,
,variable,ESM-BESANA,Besana,1,0,visible,"Serie Besana de Ecoceramic en porcelánico y pasta blanca, acabado mate. 4 color(es) y 5 formato(s).","<p>Besana captura la esencia del cemento desde una mirada más humana y equilibrada. Micropiedras, finas grietas y matices controlados transmiten autenticidad y versatilidad decorativa.</p><h3>Características técnicas</h3><ul><li><strong>Material:</strong> Porcelánico y Pasta blanca</li><li><strong>Acabado:</strong> Mate</li><li><strong>Uso:</strong> Pavimento/Revestimiento</li><li><strong>Espesor:</strong> 9 MM y 2 CM</li><li><strong>Rectificado:</strong> Sí</li><li><strong>Antideslizante:</strong> No / Sí</li><li><strong>Versión antideslizante:</strong> Sí</li><li><strong>Destonificación:</strong> V2-V3 Cemento</li><li><strong>Tipo de pieza:</strong> Baldosa y Relieve</li><li><strong>Familia:</strong> Porce Plus</li></ul><p><strong>Colores disponibles:</strong> Bone, Sand, White, Grey.<br><strong>Formatos:</strong> 120X120, 60X120, 100X100, 60X60, 33.3X100.</p><p><strong>Espacios recomendados:</strong> Interior y Exterior (20mm).</p><h3>Datos de embalaje</h3><table><thead><tr><th>Formato</th><th>Pz/caja</th><th>m²/caja</th><th>Kg/caja</th><th>Cajas/palet</th><th>m²/palet</th><th>Kg/palet</th></tr></thead><tbody><tr><td>100X100</td><td>2</td><td>2</td><td>41,15</td><td>27</td><td>54</td><td>1133,05</td></tr><tr><td>120X120</td><td>1</td><td>1,44</td><td>34,36</td><td>36</td><td>51,84</td><td>1276,96</td></tr><tr><td>30X90</td><td>5</td><td>1,35</td><td>20,22</td><td>63</td><td>85,05</td><td>1299</td></tr><tr><td>60X120</td><td>2</td><td>1,44</td><td>28,62</td><td>36</td><td>51,84</td><td>1055,32</td></tr><tr><td>60X60</td><td>5</td><td>1,80</td><td>35,36</td><td>30</td><td>54</td><td>1080,80</td></tr></tbody></table>",taxable,,1,,0,0,,,,,1,,,,Pavimentos y revestimientos > Porce Plus > Besana,"Besana, Ecoceramic, Esmalto, Porce Plus, Bone, Sand, White, Grey, 120X120, 60X120, 100X100, 60X60, 33.3X100, Porcelánico, Pasta blanca",,"ECOCERAMIC/BESANA/ECO20/ECOCERAMIC_AMB_BESANA-ECO20_FACHADA.webp, ECOCERAMIC/BESANA/ECO20/ECOCERAMIC_AMB_BESANA-ECO20_RLV_BONE_60X120_100X100_OUTDOOR.webp, ECOCERAMIC/BESANA/ECO20/ECOCERAMIC_AMB_BESANA-ECO20_RLV_GREY_60X120_100X100_OUTDOOR.webp, ECOCERAMIC/BESANA/ECO20/ECOCERAMIC_AMB_BESANA-ECO20_RLV_SAND_60X120_100X100_OUTDOOR.webp, ECOCERAMIC/BESANA/ECO20/ECOCERAMIC_AMB_BESANA-ECO20_RLV_WHITE_60X120_100X100_OUTDOOR.webp, ECOCERAMIC/BESANA/PAV/ECOCERAMIC_AMB_BESANA-PAV_BONE_120X120_03.webp, ECOCERAMIC/BESANA/PAV/ECOCERAMIC_AMB_BESANA-PAV_BONE_60X120_120X120_01.webp, ECOCERAMIC/BESANA/PAV/ECOCERAMIC_AMB_BESANA-PAV_BONE_SAND_60X120_120X120_01.webp, ECOCERAMIC/BESANA/PAV/ECOCERAMIC_AMB_BESANA-PAV_GREY_120X120_03.webp, ECOCERAMIC/BESANA/PAV/ECOCERAMIC_AMB_BESANA-PAV_GREY_120X120_05.webp, ECOCERAMIC/BESANA/PAV/ECOCERAMIC_AMB_BESANA-PAV_GREY_WHITE_100X100_02.webp, ECOCERAMIC/BESANA/PAV/ECOCERAMIC_AMB_BESANA-PAV_GREY_WHITE_120X120_02.webp, ECOCERAMIC/BESANA/PAV/ECOCERAMIC_AMB_BESANA-PAV_SAND_120X120_04.webp, ECOCERAMIC/BESANA/PAV/ECOCERAMIC_AMB_BESANA-PAV_SAND_120X120_DETALLE.webp, ECOCERAMIC/BESANA/PAV/ECOCERAMIC_AMB_BESANA-PAV_SAND_60X120_120X120_01.webp, ECOCERAMIC/BESANA/PAV/ECOCERAMIC_AMB_BESANA-PAV_WHITE_60X120_120X120_01.webp, ECOCERAMIC/BESANA/REV/ECOCERAMIC_AMB_BESANA-REV_BONE_33.3X100_01.webp, ECOCERAMIC/BESANA/REV/ECOCERAMIC_AMB_BESANA-REV_BONE_33.3X100_02.webp, ECOCERAMIC/BESANA/REV/ECOCERAMIC_AMB_BESANA-REV_BONE_SAND_33.3X100_100X100_01.webp, ECOCERAMIC/BESANA/REV/ECOCERAMIC_AMB_BESANA-REV_GREY_33.3X100_01.webp, ECOCERAMIC/BESANA/REV/ECOCERAMIC_AMB_BESANA-REV_GREY_33.3X100_02.webp, ECOCERAMIC/BESANA/REV/ECOCERAMIC_AMB_BESANA-REV_RLV_BONE_SAND_33.3X100_100X100.webp, ECOCERAMIC/BESANA/REV/ECOCERAMIC_AMB_BESANA-REV_SAND_33.3X100_01.webp, ECOCERAMIC/BESANA/REV/ECOCERAMIC_AMB_BESANA-REV_SAND_33.3X100_02.webp, ECOCERAMIC/BESANA/REV/ECOCERAMIC_AMB_BESANA-REV_WHITE_33.3X100.webp, ECOCERAMIC/BESANA/REV/ECOCERAMIC_AMB_BESANA-REV_WHITE_33.3X100_01.webp, ECOCERAMIC/BESANA/REV/ECOCERAMIC_AMB_BESANA-REV_WHITE_33.3X100_02.webp, ECOCERAMIC/BESANA/ECOCERAMIC_AMB_HARPER_HAYA_SAND_20X120_120X120.webp, ECOCERAMIC/BESANA/ECOCERAMIC_AMB_HARPER_NATURAL_SAND_20X120_120X120.webp, ECOCERAMIC/BESANA/ECOCERAMIC_AMB_HARPER_TAUPE_SAND_20X120_120X120.webp, ECOCERAMIC/BESANA/ECO20/ECOCERAMIC_PZ_BESANA-ECO20_BONE_100X100.webp, ECOCERAMIC/BESANA/ECO20/ECOCERAMIC_PZ_BESANA-ECO20_GRAPHITE_100X100.webp, ECOCERAMIC/BESANA/ECO20/ECOCERAMIC_PZ_BESANA-ECO20_GREY_100X100.webp, ECOCERAMIC/BESANA/ECO20/ECOCERAMIC_PZ_BESANA-ECO20_SAND_100X100.webp, ECOCERAMIC/BESANA/ECO20/ECOCERAMIC_PZ_BESANA-ECO20_WHITE_100X100.webp, ECOCERAMIC/BESANA/PAV/ECOCERAMIC_PZ_BESANA-PAV_BONE_100X100.webp, ECOCERAMIC/BESANA/PAV/ECOCERAMIC_PZ_BESANA-PAV_BONE_120X120.webp, ECOCERAMIC/BESANA/PAV/ECOCERAMIC_PZ_BESANA-PAV_BONE_60X120.webp, ECOCERAMIC/BESANA/PAV/ECOCERAMIC_PZ_BESANA-PAV_BONE_60X60.webp, ECOCERAMIC/BESANA/PAV/ECOCERAMIC_PZ_BESANA-PAV_GREY_100X100.webp, ECOCERAMIC/BESANA/PAV/ECOCERAMIC_PZ_BESANA-PAV_GREY_120X120.webp, ECOCERAMIC/BESANA/PAV/ECOCERAMIC_PZ_BESANA-PAV_GREY_60X120.webp, ECOCERAMIC/BESANA/PAV/ECOCERAMIC_PZ_BESANA-PAV_GREY_60X60.webp, ECOCERAMIC/BESANA/PAV/ECOCERAMIC_PZ_BESANA-PAV_SAND_100X100.webp, ECOCERAMIC/BESANA/PAV/ECOCERAMIC_PZ_BESANA-PAV_SAND_120X120.webp, ECOCERAMIC/BESANA/PAV/ECOCERAMIC_PZ_BESANA-PAV_SAND_60X120.webp, ECOCERAMIC/BESANA/PAV/ECOCERAMIC_PZ_BESANA-PAV_SAND_60X60.webp, ECOCERAMIC/BESANA/PAV/ECOCERAMIC_PZ_BESANA-PAV_WHITE_100X100.webp, ECOCERAMIC/BESANA/PAV/ECOCERAMIC_PZ_BESANA-PAV_WHITE_120X120.webp, ECOCERAMIC/BESANA/PAV/ECOCERAMIC_PZ_BESANA-PAV_WHITE_60X120.webp, ECOCERAMIC/BESANA/PAV/ECOCERAMIC_PZ_BESANA-PAV_WHITE_60X60.webp, ECOCERAMIC/BESANA/REV/ECOCERAMIC_PZ_BESANA-REV_BONE_33.3X100.webp, ECOCERAMIC/BESANA/REV/ECOCERAMIC_PZ_BESANA-REV_GREY_33.3X100.webp, ECOCERAMIC/BESANA/REV/ECOCERAMIC_PZ_BESANA-REV_RLV_BONE_33.3X100.webp, ECOCERAMIC/BESANA/REV/ECOCERAMIC_PZ_BESANA-REV_RLV_GREY_33.3X100.webp, ECOCERAMIC/BESANA/REV/ECOCERAMIC_PZ_BESANA-REV_RLV_SAND_33.3X100.webp, ECOCERAMIC/BESANA/REV/ECOCERAMIC_PZ_BESANA-REV_RLV_WHITE_33.3X100.webp, ECOCERAMIC/BESANA/REV/ECOCERAMIC_PZ_BESANA-REV_SAND_33.3X100.webp, ECOCERAMIC/BESANA/REV/ECOCERAMIC_PZ_BESANA-REV_WHITE_33.3X100.webp",Ficha técnica Besana,ECOCERAMIC/BESANA/PAV/ECOCERAMIC_FICHA_BESANA_PAV.jpg,,0,Modelo,Besana,1,1,,Color,Bone | Sand | White | Grey,1,1,Bone,Formato,120X120 | 60X120 | 100X100 | 60X60 | 33.3X100,1,1,120X120,Acabado,Mate,1,1,,Espesor,9 MM | 2 CM,1,1,9 MM,Tipo de pieza,Baldosa | Relieve,1,1,Baldosa,Material,Porcelánico | Pasta blanca,1,1,,Antideslizante,No | Sí,1,1,,Versión antideslizante,Sí,1,1,,Uso,Pavimento/Revestimiento,1,1,,Rectificado,Sí,1,1,,Destonificación,V2-V3 Cemento,1,1,,Familia,Porce Plus,1,1,,Fabricante,Ecoceramic,1,1,,,,,,,,,,,,,,,,,,Interior y Exterior (20mm),Porce Plus,Besana,Esmalto,Ecoceramic,ECOCERAMIC/BESANA/PAV/ECOCERAMIC_FICHA_BESANA_PAV.jpg ; ECOCERAMIC/BESANA/ECOWHITE/ECOCERAMIC_FICHA_BESANA_ECOWHITE.jpg,Material: Porcelánico | Acabado: Mate | Uso: Pavimento/Revestimiento | Espesor: 9 MM | Rectificado: Sí | Antideslizante: No | Versión antideslizante disponible: Sí | Destonificación: V2-V3 Cemento | Tipo de pieza: Baldosa,Besana | Porcelánico Porce Plus | Esmalto,"Serie Besana de Ecoceramic en porcelánico y pasta blanca, acabado mate. 4 color(es) y 5 formato(s)."
,variation,ESM-BESANA-BONE-100X100,Besana Bone 100X100,1,,visible,,,taxable,,1,,,,41.15,,,,,,,,,,,ECOCERAMIC/BESANA/ECO20/ECOCERAMIC_PZ_BESANA-ECO20_BONE_100X100.webp,,,ESM-BESANA,45,Modelo,Besana,1,1,,Color,Bone,1,1,,Formato,100X100,1,1,,,,,,,Espesor,9 MM,1,1,,Tipo de pieza,Baldosa,1,1,,,,,,,,,,,,,,,,,,,,,,,,,,,,,,,,,,,,,,,,,,2,41.15,2,27,54,"1133,05",13,100X100,9 MM,Porcelánico,Mate,Pavimento/Revestimiento,Sí,No,Sí,V2-V3 Cemento,Interior y Exterior (20mm),Porce Plus,Besana,Esmalto,Ecoceramic,,Material: Porcelánico | Acabado: Mate | Uso: Pavimento/Revestimiento | Espesor: 9 MM | Rectificado: Sí | Antideslizante: No | Versión antideslizante disponible: Sí | Destonificación: V2-V3 Cemento | Tipo de pieza: Baldosa,,
,variation,ESM-BESANA-BONE-100X100-2CM,Besana Bone 100X100 2 cm,1,,visible,,,taxable,,1,,,,85.72,,,,,,,,,,,ECOCERAMIC/BESANA/ECO20/ECOCERAMIC_PZ_BESANA-ECO20_BONE_100X100.webp,,,ESM-BESANA,46,Modelo,Besana,1,1,,Color,Bone,1,1,,Formato,100X100,1,1,,,,,,,Espesor,2 CM,1,1,,Tipo de pieza,Baldosa,1,1,,,,,,,,,,,,,,,,,,,,,,,,,,,,,,,,,,,,,,,,,,2,85.72,2,27,54,"1133,05",13,100X100,2 CM,Porcelánico,Mate,Pavimento/Revestimiento,Sí,Sí,,V2-V3 Cemento,Interior y Exterior (20mm),Porce Plus,Besana,Esmalto,Ecoceramic,,Material: Porcelánico | Acabado: Mate | Uso: Pavimento/Revestimiento | Espesor: 2 CM | Rectificado: Sí | Antideslizante: Sí | Destonificación: V2-V3 Cemento | Tipo de pieza: Baldosa,,
,variation,ESM-BESANA-GREY-100X100,Besana Grey 100X100,1,,visible,,,taxable,,1,,,,41.15,,,,,,,,,,,ECOCERAMIC/BESANA/ECO20/ECOCERAMIC_PZ_BESANA-ECO20_GREY_100X100.webp,,,ESM-BESANA,47,Modelo,Besana,1,1,,Color,Grey,1,1,,Formato,100X100,1,1,,,,,,,Espesor,9 MM,1,1,,Tipo de pieza,Baldosa,1,1,,,,,,,,,,,,,,,,,,,,,,,,,,,,,,,,,,,,,,,,,,2,41.15,2,27,54,"1133,05",13,100X100,9 MM,Porcelánico,Mate,Pavimento/Revestimiento,Sí,No,Sí,V2-V3 Cemento,Interior y Exterior (20mm),Porce Plus,Besana,Esmalto,Ecoceramic,,Material: Porcelánico | Acabado: Mate | Uso: Pavimento/Revestimiento | Espesor: 9 MM | Rectificado: Sí | Antideslizante: No | Versión antideslizante disponible: Sí | Destonificación: V2-V3 Cemento | Tipo de pieza: Baldosa,,
,variation,ESM-BESANA-GREY-100X100-2CM,Besana Grey 100X100 2 cm,1,,visible,,,taxable,,1,,,,85.72,,,,,,,,,,,ECOCERAMIC/BESANA/ECO20/ECOCERAMIC_PZ_BESANA-ECO20_GREY_100X100.webp,,,ESM-BESANA,48,Modelo,Besana,1,1,,Color,Grey,1,1,,Formato,100X100,1,1,,,,,,,Espesor,2 CM,1,1,,Tipo de pieza,Baldosa,1,1,,,,,,,,,,,,,,,,,,,,,,,,,,,,,,,,,,,,,,,,,,2,85.72,2,27,54,"1133,05",13,100X100,2 CM,Porcelánico,Mate,Pavimento/Revestimiento,Sí,Sí,,V2-V3 Cemento,Interior y Exterior (20mm),Porce Plus,Besana,Esmalto,Ecoceramic,,Material: Porcelánico | Acabado: Mate | Uso: Pavimento/Revestimiento | Espesor: 2 CM | Rectificado: Sí | Antideslizante: Sí | Destonificación: V2-V3 Cemento | Tipo de pieza: Baldosa,,
,variation,ESM-BESANA-SAND-100X100,Besana Sand 100X100,1,,visible,,,taxable,,1,,,,41.15,,,,,,,,,,,ECOCERAMIC/BESANA/ECO20/ECOCERAMIC_PZ_BESANA-ECO20_SAND_100X100.webp,,,ESM-BESANA,49,Modelo,Besana,1,1,,Color,Sand,1,1,,Formato,100X100,1,1,,,,,,,Espesor,9 MM,1,1,,Tipo de pieza,Baldosa,1,1,,,,,,,,,,,,,,,,,,,,,,,,,,,,,,,,,,,,,,,,,,2,41.15,2,27,54,"1133,05",13,100X100,9 MM,Porcelánico,Mate,Pavimento/Revestimiento,Sí,No,Sí,V2-V3 Cemento,Interior y Exterior (20mm),Porce Plus,Besana,Esmalto,Ecoceramic,,Material: Porcelánico | Acabado: Mate | Uso: Pavimento/Revestimiento | Espesor: 9 MM | Rectificado: Sí | Antideslizante: No | Versión antideslizante disponible: Sí | Destonificación: V2-V3 Cemento | Tipo de pieza: Baldosa,,
,variation,ESM-BESANA-SAND-100X100-2CM,Besana Sand 100X100 2 cm,1,,visible,,,taxable,,1,,,,85.72,,,,,,,,,,,ECOCERAMIC/BESANA/ECO20/ECOCERAMIC_PZ_BESANA-ECO20_SAND_100X100.webp,,,ESM-BESANA,50,Modelo,Besana,1,1,,Color,Sand,1,1,,Formato,100X100,1,1,,,,,,,Espesor,2 CM,1,1,,Tipo de pieza,Baldosa,1,1,,,,,,,,,,,,,,,,,,,,,,,,,,,,,,,,,,,,,,,,,,2,85.72,2,27,54,"1133,05",13,100X100,2 CM,Porcelánico,Mate,Pavimento/Revestimiento,Sí,Sí,,V2-V3 Cemento,Interior y Exterior (20mm),Porce Plus,Besana,Esmalto,Ecoceramic,,Material: Porcelánico | Acabado: Mate | Uso: Pavimento/Revestimiento | Espesor: 2 CM | Rectificado: Sí | Antideslizante: Sí | Destonificación: V2-V3 Cemento | Tipo de pieza: Baldosa,,
,variation,ESM-BESANA-WHITE-100X100,Besana White 100X100,1,,visible,,,taxable,,1,,,,41.15,,,,,,,,,,,ECOCERAMIC/BESANA/ECO20/ECOCERAMIC_PZ_BESANA-ECO20_WHITE_100X100.webp,,,ESM-BESANA,51,Modelo,Besana,1,1,,Color,White,1,1,,Formato,100X100,1,1,,,,,,,Espesor,9 MM,1,1,,Tipo de pieza,Baldosa,1,1,,,,,,,,,,,,,,,,,,,,,,,,,,,,,,,,,,,,,,,,,,2,41.15,2,27,54,"1133,05",13,100X100,9 MM,Porcelánico,Mate,Pavimento/Revestimiento,Sí,No,Sí,V2-V3 Cemento,Interior y Exterior (20mm),Porce Plus,Besana,Esmalto,Ecoceramic,,Material: Porcelánico | Acabado: Mate | Uso: Pavimento/Revestimiento | Espesor: 9 MM | Rectificado: Sí | Antideslizante: No | Versión antideslizante disponible: Sí | Destonificación: V2-V3 Cemento | Tipo de pieza: Baldosa,,
,variation,ESM-BESANA-WHITE-100X100-2CM,Besana White 100X100 2 cm,1,,visible,,,taxable,,1,,,,85.72,,,,,,,,,,,ECOCERAMIC/BESANA/ECO20/ECOCERAMIC_PZ_BESANA-ECO20_WHITE_100X100.webp,,,ESM-BESANA,52,Modelo,Besana,1,1,,Color,White,1,1,,Formato,100X100,1,1,,,,,,,Espesor,2 CM,1,1,,Tipo de pieza,Baldosa,1,1,,,,,,,,,,,,,,,,,,,,,,,,,,,,,,,,,,,,,,,,,,2,85.72,2,27,54,"1133,05",13,100X100,2 CM,Porcelánico,Mate,Pavimento/Revestimiento,Sí,Sí,,V2-V3 Cemento,Interior y Exterior (20mm),Porce Plus,Besana,Esmalto,Ecoceramic,,Material: Porcelánico | Acabado: Mate | Uso: Pavimento/Revestimiento | Espesor: 2 CM | Rectificado: Sí | Antideslizante: Sí | Destonificación: V2-V3 Cemento | Tipo de pieza: Baldosa,,
,variation,ESM-BESANA-BONE-120X120,Besana Bone 120X120,1,,visible,,,taxable,,1,,,,35,,,,,,,,,,,ECOCERAMIC/BESANA/PAV/ECOCERAMIC_PZ_BESANA-PAV_BONE_120X120.webp,,,ESM-BESANA,53,Modelo,Besana,1,1,,Color,Bone,1,1,,Formato,120X120,1,1,,,,,,,Espesor,9 MM,1,1,,Tipo de pieza,Baldosa,1,1,,,,,,,,,,,,,,,,,,,,,,,,,,,,,,,,,,,,,,,,,,1.44,35,1,36,"51,84","1276,96",7,120X120,9 MM,Porcelánico,Mate,Pavimento/Revestimiento,Sí,No,Sí,V2-V3 Cemento,Interior y Exterior (20mm),Porce Plus,Besana,Esmalto,Ecoceramic,,Material: Porcelánico | Acabado: Mate | Uso: Pavimento/Revestimiento | Espesor: 9 MM | Rectificado: Sí | Antideslizante: No | Versión antideslizante disponible: Sí | Destonificación: V2-V3 Cemento | Tipo de pieza: Baldosa,,
,variation,ESM-BESANA-GREY-120X120,Besana Grey 120X120,1,,visible,,,taxable,,1,,,,35,,,,,,,,,,,ECOCERAMIC/BESANA/PAV/ECOCERAMIC_PZ_BESANA-PAV_GREY_120X120.webp,,,ESM-BESANA,54,Modelo,Besana,1,1,,Color,Grey,1,1,,Formato,120X120,1,1,,,,,,,Espesor,9 MM,1,1,,Tipo de pieza,Baldosa,1,1,,,,,,,,,,,,,,,,,,,,,,,,,,,,,,,,,,,,,,,,,,1.44,35,1,36,"51,84","1276,96",7,120X120,9 MM,Porcelánico,Mate,Pavimento/Revestimiento,Sí,No,Sí,V2-V3 Cemento,Interior y Exterior (20mm),Porce Plus,Besana,Esmalto,Ecoceramic,,Material: Porcelánico | Acabado: Mate | Uso: Pavimento/Revestimiento | Espesor: 9 MM | Rectificado: Sí | Antideslizante: No | Versión antideslizante disponible: Sí | Destonificación: V2-V3 Cemento | Tipo de pieza: Baldosa,,
,variation,ESM-BESANA-SAND-120X120,Besana Sand 120X120,1,,visible,,,taxable,,1,,,,35,,,,,,,,,,,ECOCERAMIC/BESANA/PAV/ECOCERAMIC_PZ_BESANA-PAV_SAND_120X120.webp,,,ESM-BESANA,55,Modelo,Besana,1,1,,Color,Sand,1,1,,Formato,120X120,1,1,,,,,,,Espesor,9 MM,1,1,,Tipo de pieza,Baldosa,1,1,,,,,,,,,,,,,,,,,,,,,,,,,,,,,,,,,,,,,,,,,,1.44,35,1,36,"51,84","1276,96",7,120X120,9 MM,Porcelánico,Mate,Pavimento/Revestimiento,Sí,No,Sí,V2-V3 Cemento,Interior y Exterior (20mm),Porce Plus,Besana,Esmalto,Ecoceramic,,Material: Porcelánico | Acabado: Mate | Uso: Pavimento/Revestimiento | Espesor: 9 MM | Rectificado: Sí | Antideslizante: No | Versión antideslizante disponible: Sí | Destonificación: V2-V3 Cemento | Tipo de pieza: Baldosa,,
,variation,ESM-BESANA-WHITE-120X120,Besana White 120X120,1,,visible,,,taxable,,1,,,,35,,,,,,,,,,,ECOCERAMIC/BESANA/PAV/ECOCERAMIC_PZ_BESANA-PAV_WHITE_120X120.webp,,,ESM-BESANA,56,Modelo,Besana,1,1,,Color,White,1,1,,Formato,120X120,1,1,,,,,,,Espesor,9 MM,1,1,,Tipo de pieza,Baldosa,1,1,,,,,,,,,,,,,,,,,,,,,,,,,,,,,,,,,,,,,,,,,,1.44,35,1,36,"51,84","1276,96",7,120X120,9 MM,Porcelánico,Mate,Pavimento/Revestimiento,Sí,No,Sí,V2-V3 Cemento,Interior y Exterior (20mm),Porce Plus,Besana,Esmalto,Ecoceramic,,Material: Porcelánico | Acabado: Mate | Uso: Pavimento/Revestimiento | Espesor: 9 MM | Rectificado: Sí | Antideslizante: No | Versión antideslizante disponible: Sí | Destonificación: V2-V3 Cemento | Tipo de pieza: Baldosa,,
,variation,ESM-BESANA-BONE-333X100,Besana Bone 33.3X100,1,,visible,,,taxable,,1,,,,25,,,,,,,,,,,ECOCERAMIC/BESANA/REV/ECOCERAMIC_PZ_BESANA-REV_BONE_33.3X100.webp,,,ESM-BESANA,57,Modelo,Besana,1,1,,Color,Bone,1,1,,Formato,33.3X100,1,1,,,,,,,Espesor,9 MM,1,1,,Tipo de pieza,Baldosa,1,1,,,,,,,,,,,,,,,,,,,,,,,,,,,,,,,,,,,,,,,,,,2,25,,,,,,33.3X100,9 MM,Pasta blanca,Mate,Pavimento/Revestimiento,Sí,,,V2-V3 Cemento,Interior y Exterior (20mm),Porce Plus,Besana,Esmalto,Ecoceramic,,Material: Pasta blanca | Acabado: Mate | Uso: Pavimento/Revestimiento | Espesor: 9 MM | Rectificado: Sí | Destonificación: V2-V3 Cemento | Tipo de pieza: Baldosa,,
,variation,ESM-BESANA-GREY-333X100,Besana Grey 33.3X100,1,,visible,,,taxable,,1,,,,25,,,,,,,,,,,ECOCERAMIC/BESANA/REV/ECOCERAMIC_PZ_BESANA-REV_GREY_33.3X100.webp,,,ESM-BESANA,58,Modelo,Besana,1,1,,Color,Grey,1,1,,Formato,33.3X100,1,1,,,,,,,Espesor,9 MM,1,1,,Tipo de pieza,Baldosa,1,1,,,,,,,,,,,,,,,,,,,,,,,,,,,,,,,,,,,,,,,,,,2,25,,,,,,33.3X100,9 MM,Pasta blanca,Mate,Pavimento/Revestimiento,Sí,,,V2-V3 Cemento,Interior y Exterior (20mm),Porce Plus,Besana,Esmalto,Ecoceramic,,Material: Pasta blanca | Acabado: Mate | Uso: Pavimento/Revestimiento | Espesor: 9 MM | Rectificado: Sí | Destonificación: V2-V3 Cemento | Tipo de pieza: Baldosa,,
,variation,ESM-BESANA-SAND-333X100,Besana Sand 33.3X100,1,,visible,,,taxable,,1,,,,25,,,,,,,,,,,ECOCERAMIC/BESANA/REV/ECOCERAMIC_PZ_BESANA-REV_SAND_33.3X100.webp,,,ESM-BESANA,59,Modelo,Besana,1,1,,Color,Sand,1,1,,Formato,33.3X100,1,1,,,,,,,Espesor,9 MM,1,1,,Tipo de pieza,Baldosa,1,1,,,,,,,,,,,,,,,,,,,,,,,,,,,,,,,,,,,,,,,,,,2,25,,,,,,33.3X100,9 MM,Pasta blanca,Mate,Pavimento/Revestimiento,Sí,,,V2-V3 Cemento,Interior y Exterior (20mm),Porce Plus,Besana,Esmalto,Ecoceramic,,Material: Pasta blanca | Acabado: Mate | Uso: Pavimento/Revestimiento | Espesor: 9 MM | Rectificado: Sí | Destonificación: V2-V3 Cemento | Tipo de pieza: Baldosa,,
,variation,ESM-BESANA-WHITE-333X100,Besana White 33.3X100,1,,visible,,,taxable,,1,,,,25,,,,,,,,,,,ECOCERAMIC/BESANA/REV/ECOCERAMIC_PZ_BESANA-REV_WHITE_33.3X100.webp,,,ESM-BESANA,60,Modelo,Besana,1,1,,Color,White,1,1,,Formato,33.3X100,1,1,,,,,,,Espesor,9 MM,1,1,,Tipo de pieza,Baldosa,1,1,,,,,,,,,,,,,,,,,,,,,,,,,,,,,,,,,,,,,,,,,,2,25,,,,,,33.3X100,9 MM,Pasta blanca,Mate,Pavimento/Revestimiento,Sí,,,V2-V3 Cemento,Interior y Exterior (20mm),Porce Plus,Besana,Esmalto,Ecoceramic,,Material: Pasta blanca | Acabado: Mate | Uso: Pavimento/Revestimiento | Espesor: 9 MM | Rectificado: Sí | Destonificación: V2-V3 Cemento | Tipo de pieza: Baldosa,,
,variation,ESM-BESANA-BONE-60X120,Besana Bone 60X120,1,,visible,,,taxable,,1,,,,28.62,,,,,,,,,,,ECOCERAMIC/BESANA/PAV/ECOCERAMIC_PZ_BESANA-PAV_BONE_60X120.webp,,,ESM-BESANA,61,Modelo,Besana,1,1,,Color,Bone,1,1,,Formato,60X120,1,1,,,,,,,Espesor,9 MM,1,1,,Tipo de pieza,Baldosa,1,1,,,,,,,,,,,,,,,,,,,,,,,,,,,,,,,,,,,,,,,,,,1.44,28.62,2,36,"51,84","1055,32",14,60X120,9 MM,Porcelánico,Mate,Pavimento/Revestimiento,Sí,No,Sí,V2-V3 Cemento,Interior y Exterior (20mm),Porce Plus,Besana,Esmalto,Ecoceramic,,Material: Porcelánico | Acabado: Mate | Uso: Pavimento/Revestimiento | Espesor: 9 MM | Rectificado: Sí | Antideslizante: No | Versión antideslizante disponible: Sí | Destonificación: V2-V3 Cemento | Tipo de pieza: Baldosa,,
,variation,ESM-BESANA-GREY-60X120,Besana Grey 60X120,1,,visible,,,taxable,,1,,,,28.62,,,,,,,,,,,ECOCERAMIC/BESANA/PAV/ECOCERAMIC_PZ_BESANA-PAV_GREY_60X120.webp,,,ESM-BESANA,62,Modelo,Besana,1,1,,Color,Grey,1,1,,Formato,60X120,1,1,,,,,,,Espesor,9 MM,1,1,,Tipo de pieza,Baldosa,1,1,,,,,,,,,,,,,,,,,,,,,,,,,,,,,,,,,,,,,,,,,,1.44,28.62,2,36,"51,84","1055,32",14,60X120,9 MM,Porcelánico,Mate,Pavimento/Revestimiento,Sí,No,Sí,V2-V3 Cemento,Interior y Exterior (20mm),Porce Plus,Besana,Esmalto,Ecoceramic,,Material: Porcelánico | Acabado: Mate | Uso: Pavimento/Revestimiento | Espesor: 9 MM | Rectificado: Sí | Antideslizante: No | Versión antideslizante disponible: Sí | Destonificación: V2-V3 Cemento | Tipo de pieza: Baldosa,,
,variation,ESM-BESANA-SAND-60X120,Besana Sand 60X120,1,,visible,,,taxable,,1,,,,28.62,,,,,,,,,,,ECOCERAMIC/BESANA/PAV/ECOCERAMIC_PZ_BESANA-PAV_SAND_60X120.webp,,,ESM-BESANA,63,Modelo,Besana,1,1,,Color,Sand,1,1,,Formato,60X120,1,1,,,,,,,Espesor,9 MM,1,1,,Tipo de pieza,Baldosa,1,1,,,,,,,,,,,,,,,,,,,,,,,,,,,,,,,,,,,,,,,,,,1.44,28.62,2,36,"51,84","1055,32",14,60X120,9 MM,Porcelánico,Mate,Pavimento/Revestimiento,Sí,No,Sí,V2-V3 Cemento,Interior y Exterior (20mm),Porce Plus,Besana,Esmalto,Ecoceramic,,Material: Porcelánico | Acabado: Mate | Uso: Pavimento/Revestimiento | Espesor: 9 MM | Rectificado: Sí | Antideslizante: No | Versión antideslizante disponible: Sí | Destonificación: V2-V3 Cemento | Tipo de pieza: Baldosa,,
,variation,ESM-BESANA-WHITE-60X120,Besana White 60X120,1,,visible,,,taxable,,1,,,,28.62,,,,,,,,,,,ECOCERAMIC/BESANA/PAV/ECOCERAMIC_PZ_BESANA-PAV_WHITE_60X120.webp,,,ESM-BESANA,64,Modelo,Besana,1,1,,Color,White,1,1,,Formato,60X120,1,1,,,,,,,Espesor,9 MM,1,1,,Tipo de pieza,Baldosa,1,1,,,,,,,,,,,,,,,,,,,,,,,,,,,,,,,,,,,,,,,,,,1.44,28.62,2,36,"51,84","1055,32",14,60X120,9 MM,Porcelánico,Mate,Pavimento/Revestimiento,Sí,No,Sí,V2-V3 Cemento,Interior y Exterior (20mm),Porce Plus,Besana,Esmalto,Ecoceramic,,Material: Porcelánico | Acabado: Mate | Uso: Pavimento/Revestimiento | Espesor: 9 MM | Rectificado: Sí | Antideslizante: No | Versión antideslizante disponible: Sí | Destonificación: V2-V3 Cemento | Tipo de pieza: Baldosa,,
,variation,ESM-BESANA-BONE-60X60,Besana Bone 60X60,1,,visible,,,taxable,,1,,,,35.36,,,,,,,,,,,ECOCERAMIC/BESANA/PAV/ECOCERAMIC_PZ_BESANA-PAV_BONE_60X60.webp,,,ESM-BESANA,65,Modelo,Besana,1,1,,Color,Bone,1,1,,Formato,60X60,1,1,,,,,,,Espesor,9 MM,1,1,,Tipo de pieza,Baldosa,1,1,,,,,,,,,,,,,,,,,,,,,,,,,,,,,,,,,,,,,,,,,,1.8,35.36,5,30,54,"1080,80",19,60X60,9 MM,Porcelánico,Mate,Pavimento/Revestimiento,Sí,No,Sí,V2-V3 Cemento,Interior y Exterior (20mm),Porce Plus,Besana,Esmalto,Ecoceramic,,Material: Porcelánico | Acabado: Mate | Uso: Pavimento/Revestimiento | Espesor: 9 MM | Rectificado: Sí | Antideslizante: No | Versión antideslizante disponible: Sí | Destonificación: V2-V3 Cemento | Tipo de pieza: Baldosa,,
,variation,ESM-BESANA-GREY-60X60,Besana Grey 60X60,1,,visible,,,taxable,,1,,,,35.36,,,,,,,,,,,ECOCERAMIC/BESANA/PAV/ECOCERAMIC_PZ_BESANA-PAV_GREY_60X60.webp,,,ESM-BESANA,66,Modelo,Besana,1,1,,Color,Grey,1,1,,Formato,60X60,1,1,,,,,,,Espesor,9 MM,1,1,,Tipo de pieza,Baldosa,1,1,,,,,,,,,,,,,,,,,,,,,,,,,,,,,,,,,,,,,,,,,,1.8,35.36,5,30,54,"1080,80",19,60X60,9 MM,Porcelánico,Mate,Pavimento/Revestimiento,Sí,No,Sí,V2-V3 Cemento,Interior y Exterior (20mm),Porce Plus,Besana,Esmalto,Ecoceramic,,Material: Porcelánico | Acabado: Mate | Uso: Pavimento/Revestimiento | Espesor: 9 MM | Rectificado: Sí | Antideslizante: No | Versión antideslizante disponible: Sí | Destonificación: V2-V3 Cemento | Tipo de pieza: Baldosa,,
,variation,ESM-BESANA-SAND-60X60,Besana Sand 60X60,1,,visible,,,taxable,,1,,,,35.36,,,,,,,,,,,ECOCERAMIC/BESANA/PAV/ECOCERAMIC_PZ_BESANA-PAV_SAND_60X60.webp,,,ESM-BESANA,67,Modelo,Besana,1,1,,Color,Sand,1,1,,Formato,60X60,1,1,,,,,,,Espesor,9 MM,1,1,,Tipo de pieza,Baldosa,1,1,,,,,,,,,,,,,,,,,,,,,,,,,,,,,,,,,,,,,,,,,,1.8,35.36,5,30,54,"1080,80",19,60X60,9 MM,Porcelánico,Mate,Pavimento/Revestimiento,Sí,No,Sí,V2-V3 Cemento,Interior y Exterior (20mm),Porce Plus,Besana,Esmalto,Ecoceramic,,Material: Porcelánico | Acabado: Mate | Uso: Pavimento/Revestimiento | Espesor: 9 MM | Rectificado: Sí | Antideslizante: No | Versión antideslizante disponible: Sí | Destonificación: V2-V3 Cemento | Tipo de pieza: Baldosa,,
,variation,ESM-BESANA-WHITE-60X60,Besana White 60X60,1,,visible,,,taxable,,1,,,,35.36,,,,,,,,,,,ECOCERAMIC/BESANA/PAV/ECOCERAMIC_PZ_BESANA-PAV_WHITE_60X60.webp,,,ESM-BESANA,68,Modelo,Besana,1,1,,Color,White,1,1,,Formato,60X60,1,1,,,,,,,Espesor,9 MM,1,1,,Tipo de pieza,Baldosa,1,1,,,,,,,,,,,,,,,,,,,,,,,,,,,,,,,,,,,,,,,,,,1.8,35.36,5,30,54,"1080,80",19,60X60,9 MM,Porcelánico,Mate,Pavimento/Revestimiento,Sí,No,Sí,V2-V3 Cemento,Interior y Exterior (20mm),Porce Plus,Besana,Esmalto,Ecoceramic,,Material: Porcelánico | Acabado: Mate | Uso: Pavimento/Revestimiento | Espesor: 9 MM | Rectificado: Sí | Antideslizante: No | Versión antideslizante disponible: Sí | Destonificación: V2-V3 Cemento | Tipo de pieza: Baldosa,,
,variation,ESM-BESANA-BONE-333X100-RLV,Besana Bone 33.3X100 Relieve,1,,visible,,,taxable,,1,,,,25,,,,,,,,,,,ECOCERAMIC/BESANA/REV/ECOCERAMIC_PZ_BESANA-REV_BONE_33.3X100.webp,,,ESM-BESANA,69,Modelo,Besana,1,1,,Color,Bone,1,1,,Formato,33.3X100,1,1,,,,,,,Espesor,9 MM,1,1,,Tipo de pieza,Relieve,1,1,,,,,,,,,,,,,,,,,,,,,,,,,,,,,,,,,,,,,,,,,,2,25,,,,,,33.3X100,9 MM,Pasta blanca,Mate,Pavimento/Revestimiento,Sí,,,V2-V3 Cemento,Interior y Exterior (20mm),Porce Plus,Besana,Esmalto,Ecoceramic,,Material: Pasta blanca | Acabado: Mate | Uso: Pavimento/Revestimiento | Espesor: 9 MM | Rectificado: Sí | Destonificación: V2-V3 Cemento | Tipo de pieza: Relieve,,
,variation,ESM-BESANA-GREY-333X100-RLV,Besana Grey 33.3X100 Relieve,1,,visible,,,taxable,,1,,,,25,,,,,,,,,,,ECOCERAMIC/BESANA/REV/ECOCERAMIC_PZ_BESANA-REV_GREY_33.3X100.webp,,,ESM-BESANA,70,Modelo,Besana,1,1,,Color,Grey,1,1,,Formato,33.3X100,1,1,,,,,,,Espesor,9 MM,1,1,,Tipo de pieza,Relieve,1,1,,,,,,,,,,,,,,,,,,,,,,,,,,,,,,,,,,,,,,,,,,2,25,,,,,,33.3X100,9 MM,Pasta blanca,Mate,Pavimento/Revestimiento,Sí,,,V2-V3 Cemento,Interior y Exterior (20mm),Porce Plus,Besana,Esmalto,Ecoceramic,,Material: Pasta blanca | Acabado: Mate | Uso: Pavimento/Revestimiento | Espesor: 9 MM | Rectificado: Sí | Destonificación: V2-V3 Cemento | Tipo de pieza: Relieve,,
,variation,ESM-BESANA-SAND-333X100-RLV,Besana Sand 33.3X100 Relieve,1,,visible,,,taxable,,1,,,,25,,,,,,,,,,,ECOCERAMIC/BESANA/REV/ECOCERAMIC_PZ_BESANA-REV_SAND_33.3X100.webp,,,ESM-BESANA,71,Modelo,Besana,1,1,,Color,Sand,1,1,,Formato,33.3X100,1,1,,,,,,,Espesor,9 MM,1,1,,Tipo de pieza,Relieve,1,1,,,,,,,,,,,,,,,,,,,,,,,,,,,,,,,,,,,,,,,,,,2,25,,,,,,33.3X100,9 MM,Pasta blanca,Mate,Pavimento/Revestimiento,Sí,,,V2-V3 Cemento,Interior y Exterior (20mm),Porce Plus,Besana,Esmalto,Ecoceramic,,Material: Pasta blanca | Acabado: Mate | Uso: Pavimento/Revestimiento | Espesor: 9 MM | Rectificado: Sí | Destonificación: V2-V3 Cemento | Tipo de pieza: Relieve,,
,variation,ESM-BESANA-WHITE-333X100-RLV,Besana White 33.3X100 Relieve,1,,visible,,,taxable,,1,,,,25,,,,,,,,,,,ECOCERAMIC/BESANA/REV/ECOCERAMIC_PZ_BESANA-REV_WHITE_33.3X100.webp,,,ESM-BESANA,72,Modelo,Besana,1,1,,Color,White,1,1,,Formato,33.3X100,1,1,,,,,,,Espesor,9 MM,1,1,,Tipo de pieza,Relieve,1,1,,,,,,,,,,,,,,,,,,,,,,,,,,,,,,,,,,,,,,,,,,2,25,,,,,,33.3X100,9 MM,Pasta blanca,Mate,Pavimento/Revestimiento,Sí,,,V2-V3 Cemento,Interior y Exterior (20mm),Porce Plus,Besana,Esmalto,Ecoceramic,,Material: Pasta blanca | Acabado: Mate | Uso: Pavimento/Revestimiento | Espesor: 9 MM | Rectificado: Sí | Destonificación: V2-V3 Cemento | Tipo de pieza: Relieve,,
,variation,ESM-BESANA-BONE-60X120-RLV,Besana Bone 60X120 Relieve,1,,visible,,,taxable,,1,,,,28.62,,,,,,,,,,,ECOCERAMIC/BESANA/PAV/ECOCERAMIC_PZ_BESANA-PAV_BONE_60X120.webp,,,ESM-BESANA,73,Modelo,Besana,1,1,,Color,Bone,1,1,,Formato,60X120,1,1,,,,,,,Espesor,9 MM,1,1,,Tipo de pieza,Relieve,1,1,,,,,,,,,,,,,,,,,,,,,,,,,,,,,,,,,,,,,,,,,,1.44,28.62,2,36,"51,84","1055,32",14,60X120,9 MM,Porcelánico,Mate,Pavimento/Revestimiento,Sí,No,Sí,V2-V3 Cemento,Interior y Exterior (20mm),Porce Plus,Besana,Esmalto,Ecoceramic,,Material: Porcelánico | Acabado: Mate | Uso: Pavimento/Revestimiento | Espesor: 9 MM | Rectificado: Sí | Antideslizante: No | Versión antideslizante disponible: Sí | Destonificación: V2-V3 Cemento | Tipo de pieza: Relieve,,
,variation,ESM-BESANA-GREY-60X120-RLV,Besana Grey 60X120 Relieve,1,,visible,,,taxable,,1,,,,28.62,,,,,,,,,,,ECOCERAMIC/BESANA/PAV/ECOCERAMIC_PZ_BESANA-PAV_GREY_60X120.webp,,,ESM-BESANA,74,Modelo,Besana,1,1,,Color,Grey,1,1,,Formato,60X120,1,1,,,,,,,Espesor,9 MM,1,1,,Tipo de pieza,Relieve,1,1,,,,,,,,,,,,,,,,,,,,,,,,,,,,,,,,,,,,,,,,,,1.44,28.62,2,36,"51,84","1055,32",14,60X120,9 MM,Porcelánico,Mate,Pavimento/Revestimiento,Sí,No,Sí,V2-V3 Cemento,Interior y Exterior (20mm),Porce Plus,Besana,Esmalto,Ecoceramic,,Material: Porcelánico | Acabado: Mate | Uso: Pavimento/Revestimiento | Espesor: 9 MM | Rectificado: Sí | Antideslizante: No | Versión antideslizante disponible: Sí | Destonificación: V2-V3 Cemento | Tipo de pieza: Relieve,,
,variation,ESM-BESANA-SAND-60X120-RLV,Besana Sand 60X120 Relieve,1,,visible,,,taxable,,1,,,,28.62,,,,,,,,,,,ECOCERAMIC/BESANA/PAV/ECOCERAMIC_PZ_BESANA-PAV_SAND_60X120.webp,,,ESM-BESANA,75,Modelo,Besana,1,1,,Color,Sand,1,1,,Formato,60X120,1,1,,,,,,,Espesor,9 MM,1,1,,Tipo de pieza,Relieve,1,1,,,,,,,,,,,,,,,,,,,,,,,,,,,,,,,,,,,,,,,,,,1.44,28.62,2,36,"51,84","1055,32",14,60X120,9 MM,Porcelánico,Mate,Pavimento/Revestimiento,Sí,No,Sí,V2-V3 Cemento,Interior y Exterior (20mm),Porce Plus,Besana,Esmalto,Ecoceramic,,Material: Porcelánico | Acabado: Mate | Uso: Pavimento/Revestimiento | Espesor: 9 MM | Rectificado: Sí | Antideslizante: No | Versión antideslizante disponible: Sí | Destonificación: V2-V3 Cemento | Tipo de pieza: Relieve,,
,variation,ESM-BESANA-WHITE-60X120-RLV,Besana White 60X120 Relieve,1,,visible,,,taxable,,1,,,,28.62,,,,,,,,,,,ECOCERAMIC/BESANA/PAV/ECOCERAMIC_PZ_BESANA-PAV_WHITE_60X120.webp,,,ESM-BESANA,76,Modelo,Besana,1,1,,Color,White,1,1,,Formato,60X120,1,1,,,,,,,Espesor,9 MM,1,1,,Tipo de pieza,Relieve,1,1,,,,,,,,,,,,,,,,,,,,,,,,,,,,,,,,,,,,,,,,,,1.44,28.62,2,36,"51,84","1055,32",14,60X120,9 MM,Porcelánico,Mate,Pavimento/Revestimiento,Sí,No,Sí,V2-V3 Cemento,Interior y Exterior (20mm),Porce Plus,Besana,Esmalto,Ecoceramic,,Material: Porcelánico | Acabado: Mate | Uso: Pavimento/Revestimiento | Espesor: 9 MM | Rectificado: Sí | Antideslizante: No | Versión antideslizante disponible: Sí | Destonificación: V2-V3 Cemento | Tipo de pieza: Relieve,,
,variable,ESM-BORNEO,Borneo,1,0,visible,"Serie Borneo de Ecoceramic en porcelánico, acabado mate. 6 color(es) y 1 formato(s).","<p>La serie <strong>Borneo</strong> de Ecoceramic está fabricada en porcelánico con acabado mate. Se presenta en 6 color(es) y 1 formato(s), con un total de 6 referencias.</p><h3>Características técnicas</h3><ul><li><strong>Material:</strong> Porcelánico</li><li><strong>Acabado:</strong> Mate</li><li><strong>Uso:</strong> Pavimento y revestimiento</li><li><strong>Espesor:</strong> 9 MM</li><li><strong>Antideslizante:</strong> Sí</li><li><strong>Tipo de pieza:</strong> Baldosa</li><li><strong>Familia:</strong> Eco Woods</li></ul><p><strong>Colores disponibles:</strong> Ivory, Straw, Haya, Taupe, Roble, Gris.<br><strong>Formatos:</strong> 23X120.</p><p><strong>Espacios recomendados:</strong> Interior: salón, dormitorio, cocina y baño; efecto madera.</p><h3>Datos de embalaje</h3><table><thead><tr><th>Formato</th><th>Pz/caja</th><th>m²/caja</th><th>Kg/caja</th><th>Cajas/palet</th><th>m²/palet</th><th>Kg/palet</th></tr></thead><tbody><tr><td>23X120</td><td>5</td><td>1,38</td><td>26,20</td><td>48</td><td>66,24</td><td>1286,60</td></tr></tbody></table>",taxable,,1,,0,0,,,,,1,,,,Pavimentos y revestimientos > Eco Woods > Borneo,"Borneo, Ecoceramic, Esmalto, Eco Woods, Ivory, Straw, Haya, Taupe, Roble, Gris, 23X120, Porcelánico",,"ECOCERAMIC/BORNEO/ECOCERAMIC_AMB_BORNEO_GRIS.webp, ECOCERAMIC/BORNEO/ECOCERAMIC_AMB_BORNEO_HAYA.webp, ECOCERAMIC/BORNEO/ECOCERAMIC_AMB_BORNEO_HAYA_23X120_30X90.webp, ECOCERAMIC/BORNEO/ECOCERAMIC_AMB_BORNEO_IVORY_DETALLE.webp, ECOCERAMIC/BORNEO/ECOCERAMIC_AMB_BORNEO_NOGAL_DETALLE.webp, ECOCERAMIC/BORNEO/ECOCERAMIC_AMB_BORNEO_ROBLE_DETALLE.webp, ECOCERAMIC/BORNEO/ECOCERAMIC_AMB_BORNEO_STRAW_DETALLE.webp, ECOCERAMIC/BORNEO/ECOCERAMIC_AMB_BORNEO_TAUPE.webp, ECOCERAMIC/BORNEO/ECOCERAMIC_AMB_BORNEO_TAUPE_V2.webp, ECOCERAMIC/BORNEO/ECOCERAMIC_AMB_BORNEO-DECK_DECK_GRIS.webp, ECOCERAMIC/BORNEO/ECOCERAMIC_AMB_BORNEO-DECK_DECK_STRAW.webp, ECOCERAMIC/BORNEO/ECOCERAMIC_PZ_BORNEO_GRIS.webp, ECOCERAMIC/BORNEO/ECOCERAMIC_PZ_BORNEO_HAYA.webp, ECOCERAMIC/BORNEO/ECOCERAMIC_PZ_BORNEO_IVORY.webp, ECOCERAMIC/BORNEO/ECOCERAMIC_PZ_BORNEO_NOGAL.webp, ECOCERAMIC/BORNEO/ECOCERAMIC_PZ_BORNEO_ROBLE.webp, ECOCERAMIC/BORNEO/ECOCERAMIC_PZ_BORNEO_STRAW.webp, ECOCERAMIC/BORNEO/ECOCERAMIC_PZ_BORNEO_TAUPE.webp",Ficha técnica Borneo,ECOCERAMIC/BORNEO/ECOCERAMIC_FICHA_BORNEO.jpg,,0,Modelo,Borneo,1,1,,Color,Ivory | Straw | Haya | Taupe | Roble | Gris,1,1,Ivory,Formato,23X120,1,1,,Acabado,Mate,1,1,,Espesor,9 MM,1,1,,Tipo de pieza,Baldosa,1,1,,Material,Porcelánico,1,1,,Antideslizante,Sí,1,1,,,,,,,Uso,Pavimento y revestimiento,1,1,,,,,,,,,,,,Familia,Eco Woods,1,1,,Fabricante,Ecoceramic,1,1,,,,,,,,,,,,,,,,,,"Interior: salón, dormitorio, cocina y baño; efecto madera",Eco Woods,Borneo,Esmalto,Ecoceramic,ECOCERAMIC/BORNEO/ECOCERAMIC_FICHA_BORNEO.jpg,Material: Porcelánico | Acabado: Mate | Uso: Pavimento y revestimiento | Espesor: 9 MM | Antideslizante: Sí | Tipo de pieza: Baldosa,Borneo | Porcelánico Eco Woods | Esmalto,"Serie Borneo de Ecoceramic en porcelánico, acabado mate. 6 color(es) y 1 formato(s)."
,variation,ESM-BORNEO-GRIS-23X120,Borneo Gris 23X120,1,,visible,,,taxable,,1,,,,26.2,,,,,,,,,,,ECOCERAMIC/BORNEO/ECOCERAMIC_PZ_BORNEO_GRIS.webp,,,ESM-BORNEO,77,Modelo,Borneo,1,1,,Color,Gris,1,1,,,,,,,,,,,,,,,,,,,,,,,,,,,,,,,,,,,,,,,,,,,,,,,,,,,,,,,,,,,,,,1.38,26.2,5,48,"66,24","1286,60",14,23X120,9 MM,Porcelánico,Mate,Pavimento y revestimiento,,Sí,,,"Interior: salón, dormitorio, cocina y baño; efecto madera",Eco Woods,Borneo,Esmalto,Ecoceramic,,Material: Porcelánico | Acabado: Mate | Uso: Pavimento y revestimiento | Espesor: 9 MM | Antideslizante: Sí | Tipo de pieza: Baldosa,,
,variation,ESM-BORNEO-HAYA-23X120,Borneo Haya 23X120,1,,visible,,,taxable,,1,,,,26.2,,,,,,,,,,,ECOCERAMIC/BORNEO/ECOCERAMIC_PZ_BORNEO_HAYA.webp,,,ESM-BORNEO,78,Modelo,Borneo,1,1,,Color,Haya,1,1,,,,,,,,,,,,,,,,,,,,,,,,,,,,,,,,,,,,,,,,,,,,,,,,,,,,,,,,,,,,,,1.38,26.2,5,48,"66,24","1286,60",14,23X120,9 MM,Porcelánico,Mate,Pavimento y revestimiento,,Sí,,,"Interior: salón, dormitorio, cocina y baño; efecto madera",Eco Woods,Borneo,Esmalto,Ecoceramic,,Material: Porcelánico | Acabado: Mate | Uso: Pavimento y revestimiento | Espesor: 9 MM | Antideslizante: Sí | Tipo de pieza: Baldosa,,
,variation,ESM-BORNEO-IVORY-23X120,Borneo Ivory 23X120,1,,visible,,,taxable,,1,,,,26.2,,,,,,,,,,,ECOCERAMIC/BORNEO/ECOCERAMIC_PZ_BORNEO_IVORY.webp,,,ESM-BORNEO,79,Modelo,Borneo,1,1,,Color,Ivory,1,1,,,,,,,,,,,,,,,,,,,,,,,,,,,,,,,,,,,,,,,,,,,,,,,,,,,,,,,,,,,,,,1.38,26.2,5,48,"66,24","1286,60",14,23X120,9 MM,Porcelánico,Mate,Pavimento y revestimiento,,Sí,,,"Interior: salón, dormitorio, cocina y baño; efecto madera",Eco Woods,Borneo,Esmalto,Ecoceramic,,Material: Porcelánico | Acabado: Mate | Uso: Pavimento y revestimiento | Espesor: 9 MM | Antideslizante: Sí | Tipo de pieza: Baldosa,,
,variation,ESM-BORNEO-ROBLE-23X120,Borneo Roble 23X120,1,,visible,,,taxable,,1,,,,26.2,,,,,,,,,,,ECOCERAMIC/BORNEO/ECOCERAMIC_PZ_BORNEO_ROBLE.webp,,,ESM-BORNEO,80,Modelo,Borneo,1,1,,Color,Roble,1,1,,,,,,,,,,,,,,,,,,,,,,,,,,,,,,,,,,,,,,,,,,,,,,,,,,,,,,,,,,,,,,1.38,26.2,5,48,"66,24","1286,60",14,23X120,9 MM,Porcelánico,Mate,Pavimento y revestimiento,,Sí,,,"Interior: salón, dormitorio, cocina y baño; efecto madera",Eco Woods,Borneo,Esmalto,Ecoceramic,,Material: Porcelánico | Acabado: Mate | Uso: Pavimento y revestimiento | Espesor: 9 MM | Antideslizante: Sí | Tipo de pieza: Baldosa,,
,variation,ESM-BORNEO-STRAW-23X120,Borneo Straw 23X120,1,,visible,,,taxable,,1,,,,26.2,,,,,,,,,,,ECOCERAMIC/BORNEO/ECOCERAMIC_PZ_BORNEO_STRAW.webp,,,ESM-BORNEO,81,Modelo,Borneo,1,1,,Color,Straw,1,1,,,,,,,,,,,,,,,,,,,,,,,,,,,,,,,,,,,,,,,,,,,,,,,,,,,,,,,,,,,,,,1.38,26.2,5,48,"66,24","1286,60",14,23X120,9 MM,Porcelánico,Mate,Pavimento y revestimiento,,Sí,,,"Interior: salón, dormitorio, cocina y baño; efecto madera",Eco Woods,Borneo,Esmalto,Ecoceramic,,Material: Porcelánico | Acabado: Mate | Uso: Pavimento y revestimiento | Espesor: 9 MM | Antideslizante: Sí | Tipo de pieza: Baldosa,,
,variation,ESM-BORNEO-TAUPE-23X120,Borneo Taupe 23X120,1,,visible,,,taxable,,1,,,,26.2,,,,,,,,,,,ECOCERAMIC/BORNEO/ECOCERAMIC_PZ_BORNEO_TAUPE.webp,,,ESM-BORNEO,82,Modelo,Borneo,1,1,,Color,Taupe,1,1,,,,,,,,,,,,,,,,,,,,,,,,,,,,,,,,,,,,,,,,,,,,,,,,,,,,,,,,,,,,,,1.38,26.2,5,48,"66,24","1286,60",14,23X120,9 MM,Porcelánico,Mate,Pavimento y revestimiento,,Sí,,,"Interior: salón, dormitorio, cocina y baño; efecto madera",Eco Woods,Borneo,Esmalto,Ecoceramic,,Material: Porcelánico | Acabado: Mate | Uso: Pavimento y revestimiento | Espesor: 9 MM | Antideslizante: Sí | Tipo de pieza: Baldosa,,
,variable,ESM-BORNEO-DECK,Borneo Deck,1,0,visible,"Serie Borneo Deck de Ecoceramic en porcelánico, acabado mate. 6 color(es) y 1 formato(s).","<p>La serie <strong>Borneo Deck</strong> de Ecoceramic está fabricada en porcelánico con acabado mate. Se presenta en 6 color(es) y 1 formato(s), con un total de 6 referencias.</p><h3>Características técnicas</h3><ul><li><strong>Material:</strong> Porcelánico</li><li><strong>Acabado:</strong> Mate</li><li><strong>Uso:</strong> Pavimento y revestimiento</li><li><strong>Espesor:</strong> 9 MM</li><li><strong>Antideslizante:</strong> Sí</li><li><strong>Tipo de pieza:</strong> Baldosa</li><li><strong>Familia:</strong> Eco Woods</li></ul><p><strong>Colores disponibles:</strong> Ivory, Straw, Haya, Taupe, Roble, Gris.<br><strong>Formatos:</strong> 23X120.</p><p><strong>Espacios recomendados:</strong> Interior: salón, dormitorio, cocina y baño; efecto madera.</p><h3>Datos de embalaje</h3><table><thead><tr><th>Formato</th><th>Pz/caja</th><th>m²/caja</th><th>Kg/caja</th><th>Cajas/palet</th><th>m²/palet</th><th>Kg/palet</th></tr></thead><tbody><tr><td>23X120</td><td>5</td><td>1,38</td><td>26,20</td><td>48</td><td>66,24</td><td>1286,60</td></tr></tbody></table>",taxable,,1,,0,0,,,,,1,,,,Pavimentos y revestimientos > Eco Woods > Borneo Deck,"Borneo Deck, Ecoceramic, Esmalto, Eco Woods, Ivory, Straw, Haya, Taupe, Roble, Gris, 23X120, Porcelánico",,"ECOCERAMIC/BORNEO DECK/ECOCERAMIC_AMB_BORNEO-DECK_DECK_GRIS.webp, ECOCERAMIC/BORNEO DECK/ECOCERAMIC_AMB_BORNEO-DECK_DECK_STRAW.webp, ECOCERAMIC/BORNEO DECK/ECOCERAMIC_PZ_BORNEO-DECK_CORNER_DECK_ROBLE.webp, ECOCERAMIC/BORNEO DECK/ECOCERAMIC_PZ_BORNEO-DECK_DECK_GRIS.webp, ECOCERAMIC/BORNEO DECK/ECOCERAMIC_PZ_BORNEO-DECK_DECK_HAYA.webp, ECOCERAMIC/BORNEO DECK/ECOCERAMIC_PZ_BORNEO-DECK_DECK_IVORY.webp, ECOCERAMIC/BORNEO DECK/ECOCERAMIC_PZ_BORNEO-DECK_DECK_NOGAL.webp, ECOCERAMIC/BORNEO DECK/ECOCERAMIC_PZ_BORNEO-DECK_DECK_ROBLE.webp, ECOCERAMIC/BORNEO DECK/ECOCERAMIC_PZ_BORNEO-DECK_DECK_STRAW.webp, ECOCERAMIC/BORNEO DECK/ECOCERAMIC_PZ_BORNEO-DECK_DECK_TAUPE.webp",Ficha técnica Borneo Deck,ECOCERAMIC/BORNEO DECK/ECOCERAMIC_FICHA_BORNEO-DECK.jpg,,0,Modelo,Borneo Deck,1,1,,Color,Ivory | Straw | Haya | Taupe | Roble | Gris,1,1,Ivory,Formato,23X120,1,1,,Acabado,Mate,1,1,,Espesor,9 MM,1,1,,Tipo de pieza,Baldosa,1,1,,Material,Porcelánico,1,1,,Antideslizante,Sí,1,1,,,,,,,Uso,Pavimento y revestimiento,1,1,,,,,,,,,,,,Familia,Eco Woods,1,1,,Fabricante,Ecoceramic,1,1,,,,,,,,,,,,,,,,,,"Interior: salón, dormitorio, cocina y baño; efecto madera",Eco Woods,Borneo Deck,Esmalto,Ecoceramic,ECOCERAMIC/BORNEO DECK/ECOCERAMIC_FICHA_BORNEO-DECK.jpg,Material: Porcelánico | Acabado: Mate | Uso: Pavimento y revestimiento | Espesor: 9 MM | Antideslizante: Sí | Tipo de pieza: Baldosa,Borneo Deck | Porcelánico Eco Woods | Esmalto,"Serie Borneo Deck de Ecoceramic en porcelánico, acabado mate. 6 color(es) y 1 formato(s)."
,variation,ESM-BORNEO-DECK-GRIS-23X120,Borneo Deck Gris 23X120,1,,visible,,,taxable,,1,,,,26.2,,,,,,,,,,,,,,ESM-BORNEO-DECK,83,Modelo,Borneo Deck,1,1,,Color,Gris,1,1,,,,,,,,,,,,,,,,,,,,,,,,,,,,,,,,,,,,,,,,,,,,,,,,,,,,,,,,,,,,,,1.38,26.2,5,48,"66,24","1286,60",14,23X120,9 MM,Porcelánico,Mate,Pavimento y revestimiento,,Sí,,,"Interior: salón, dormitorio, cocina y baño; efecto madera",Eco Woods,Borneo Deck,Esmalto,Ecoceramic,,Material: Porcelánico | Acabado: Mate | Uso: Pavimento y revestimiento | Espesor: 9 MM | Antideslizante: Sí | Tipo de pieza: Baldosa,,
,variation,ESM-BORNEO-DECK-HAYA-23X120,Borneo Deck Haya 23X120,1,,visible,,,taxable,,1,,,,26.2,,,,,,,,,,,,,,ESM-BORNEO-DECK,84,Modelo,Borneo Deck,1,1,,Color,Haya,1,1,,,,,,,,,,,,,,,,,,,,,,,,,,,,,,,,,,,,,,,,,,,,,,,,,,,,,,,,,,,,,,1.38,26.2,5,48,"66,24","1286,60",14,23X120,9 MM,Porcelánico,Mate,Pavimento y revestimiento,,Sí,,,"Interior: salón, dormitorio, cocina y baño; efecto madera",Eco Woods,Borneo Deck,Esmalto,Ecoceramic,,Material: Porcelánico | Acabado: Mate | Uso: Pavimento y revestimiento | Espesor: 9 MM | Antideslizante: Sí | Tipo de pieza: Baldosa,,
,variation,ESM-BORNEO-DECK-IVORY-23X120,Borneo Deck Ivory 23X120,1,,visible,,,taxable,,1,,,,26.2,,,,,,,,,,,,,,ESM-BORNEO-DECK,85,Modelo,Borneo Deck,1,1,,Color,Ivory,1,1,,,,,,,,,,,,,,,,,,,,,,,,,,,,,,,,,,,,,,,,,,,,,,,,,,,,,,,,,,,,,,1.38,26.2,5,48,"66,24","1286,60",14,23X120,9 MM,Porcelánico,Mate,Pavimento y revestimiento,,Sí,,,"Interior: salón, dormitorio, cocina y baño; efecto madera",Eco Woods,Borneo Deck,Esmalto,Ecoceramic,,Material: Porcelánico | Acabado: Mate | Uso: Pavimento y revestimiento | Espesor: 9 MM | Antideslizante: Sí | Tipo de pieza: Baldosa,,
,variation,ESM-BORNEO-DECK-ROBLE-23X120,Borneo Deck Roble 23X120,1,,visible,,,taxable,,1,,,,26.2,,,,,,,,,,,,,,ESM-BORNEO-DECK,86,Modelo,Borneo Deck,1,1,,Color,Roble,1,1,,,,,,,,,,,,,,,,,,,,,,,,,,,,,,,,,,,,,,,,,,,,,,,,,,,,,,,,,,,,,,1.38,26.2,5,48,"66,24","1286,60",14,23X120,9 MM,Porcelánico,Mate,Pavimento y revestimiento,,Sí,,,"Interior: salón, dormitorio, cocina y baño; efecto madera",Eco Woods,Borneo Deck,Esmalto,Ecoceramic,,Material: Porcelánico | Acabado: Mate | Uso: Pavimento y revestimiento | Espesor: 9 MM | Antideslizante: Sí | Tipo de pieza: Baldosa,,
,variation,ESM-BORNEO-DECK-STRAW-23X120,Borneo Deck Straw 23X120,1,,visible,,,taxable,,1,,,,26.2,,,,,,,,,,,,,,ESM-BORNEO-DECK,87,Modelo,Borneo Deck,1,1,,Color,Straw,1,1,,,,,,,,,,,,,,,,,,,,,,,,,,,,,,,,,,,,,,,,,,,,,,,,,,,,,,,,,,,,,,1.38,26.2,5,48,"66,24","1286,60",14,23X120,9 MM,Porcelánico,Mate,Pavimento y revestimiento,,Sí,,,"Interior: salón, dormitorio, cocina y baño; efecto madera",Eco Woods,Borneo Deck,Esmalto,Ecoceramic,,Material: Porcelánico | Acabado: Mate | Uso: Pavimento y revestimiento | Espesor: 9 MM | Antideslizante: Sí | Tipo de pieza: Baldosa,,
,variation,ESM-BORNEO-DECK-TAUPE-23X120,Borneo Deck Taupe 23X120,1,,visible,,,taxable,,1,,,,26.2,,,,,,,,,,,,,,ESM-BORNEO-DECK,88,Modelo,Borneo Deck,1,1,,Color,Taupe,1,1,,,,,,,,,,,,,,,,,,,,,,,,,,,,,,,,,,,,,,,,,,,,,,,,,,,,,,,,,,,,,,1.38,26.2,5,48,"66,24","1286,60",14,23X120,9 MM,Porcelánico,Mate,Pavimento y revestimiento,,Sí,,,"Interior: salón, dormitorio, cocina y baño; efecto madera",Eco Woods,Borneo Deck,Esmalto,Ecoceramic,,Material: Porcelánico | Acabado: Mate | Uso: Pavimento y revestimiento | Espesor: 9 MM | Antideslizante: Sí | Tipo de pieza: Baldosa,,
,variable,ESM-CAPITOL,Capitol,1,0,visible,"Serie Capitol de Ecoceramic en porcelánico y pasta blanca, acabado mate. 4 color(es) y 5 formato(s).","<p>La serie <strong>Capitol</strong> de Ecoceramic está fabricada en porcelánico y pasta blanca con acabado mate. Se presenta en 4 color(es) y 5 formato(s), con un total de 24 referencias.</p><h3>Características técnicas</h3><ul><li><strong>Material:</strong> Porcelánico y Pasta blanca</li><li><strong>Acabado:</strong> Mate</li><li><strong>Uso:</strong> Pavimento y revestimiento</li><li><strong>Espesor:</strong> 9 MM</li><li><strong>Antideslizante:</strong> No</li><li><strong>Versión antideslizante:</strong> No / Sí</li><li><strong>Tipo de pieza:</strong> Baldosa y Relieve</li><li><strong>Familia:</strong> Porce Plus</li></ul><p><strong>Colores disponibles:</strong> Hueso, Arena, Blanco, Perla.<br><strong>Formatos:</strong> 120X120, 60X120, 100X100, 60X60, 30X90.</p><p><strong>Espacios recomendados:</strong> Interior: salón, cocina, baño y dormitorio; formatos grandes.</p><h3>Datos de embalaje</h3><table><thead><tr><th>Formato</th><th>Pz/caja</th><th>m²/caja</th><th>Kg/caja</th><th>Cajas/palet</th><th>m²/palet</th><th>Kg/palet</th></tr></thead><tbody><tr><td>100X100</td><td>2</td><td>2</td><td>41,15</td><td>27</td><td>54</td><td>1133,05</td></tr><tr><td>120X120</td><td>1</td><td>1,44</td><td>34,36</td><td>36</td><td>51,84</td><td>1276,96</td></tr><tr><td>30X90</td><td>5</td><td>1,35</td><td>20,22</td><td>63</td><td>85,05</td><td>1298,86</td></tr><tr><td>60X120</td><td>2</td><td>1,44</td><td>28,62</td><td>36</td><td>51,84</td><td>1055,32</td></tr><tr><td>60X60</td><td>5</td><td>1,80</td><td>35,36</td><td>30</td><td>54</td><td>1080,80</td></tr></tbody></table>",taxable,,1,,0,0,,,,,1,,,,Pavimentos y revestimientos > Porce Plus > Capitol,"Capitol, Ecoceramic, Esmalto, Porce Plus, Hueso, Arena, Blanco, Perla, 120X120, 60X120, 100X100, 60X60, 30X90, Porcelánico, Pasta blanca",,"ECOCERAMIC/CAPITOL/PAV/ECOCERAMIC_AMB_CAPITOL-PAV_ARENA_100X100_02.webp, ECOCERAMIC/CAPITOL/PAV/ECOCERAMIC_AMB_CAPITOL-PAV_ARENA_120X120_02.webp, ECOCERAMIC/CAPITOL/PAV/ECOCERAMIC_AMB_CAPITOL-PAV_ARENA_120X120_60X120_02.webp, ECOCERAMIC/CAPITOL/PAV/ECOCERAMIC_AMB_CAPITOL-PAV_BLANCO_100X100_02.webp, ECOCERAMIC/CAPITOL/PAV/ECOCERAMIC_AMB_CAPITOL-PAV_BLANCO_120X120_02.webp, ECOCERAMIC/CAPITOL/PAV/ECOCERAMIC_AMB_CAPITOL-PAV_BLANCO_120X120_60X120_02.webp, ECOCERAMIC/CAPITOL/PAV/ECOCERAMIC_AMB_CAPITOL-PAV_HUESO_100X100_02.webp, ECOCERAMIC/CAPITOL/PAV/ECOCERAMIC_AMB_CAPITOL-PAV_HUESO_120X120_02.webp, ECOCERAMIC/CAPITOL/PAV/ECOCERAMIC_AMB_CAPITOL-PAV_HUESO_120X120_60X120_02.webp, ECOCERAMIC/CAPITOL/PAV/ECOCERAMIC_AMB_CAPITOL-PAV_PEARL_60X120_DETALLE.webp, ECOCERAMIC/CAPITOL/PAV/ECOCERAMIC_AMB_CAPITOL-PAV_PERLA_BLANCO_120X120_01.webp, ECOCERAMIC/CAPITOL/PAV/ECOCERAMIC_AMB_CAPITOL-PAV_PERLA_BLANCO_120X120_02.webp, ECOCERAMIC/CAPITOL/PAV/ECOCERAMIC_AMB_CAPITOL-PAV_PERLA_BLANCO_120X120_03.webp, ECOCERAMIC/CAPITOL/REV/ECOCERAMIC_AMB_CAPITOL-REV_ARENA_30X90_01.webp, ECOCERAMIC/CAPITOL/REV/ECOCERAMIC_AMB_CAPITOL-REV_ARENA_30X90_02.webp, ECOCERAMIC/CAPITOL/REV/ECOCERAMIC_AMB_CAPITOL-REV_BLANCO_30X90_01.webp, ECOCERAMIC/CAPITOL/REV/ECOCERAMIC_AMB_CAPITOL-REV_BLANCO_30X90_02.webp, ECOCERAMIC/CAPITOL/REV/ECOCERAMIC_AMB_CAPITOL-REV_HUESO_30X90_01.webp, ECOCERAMIC/CAPITOL/REV/ECOCERAMIC_AMB_CAPITOL-REV_HUESO_30X90_02.webp, ECOCERAMIC/CAPITOL/REV/ECOCERAMIC_AMB_CAPITOL-REV_PERLA_30X90_01.webp, ECOCERAMIC/CAPITOL/REV/ECOCERAMIC_AMB_CAPITOL-REV_PERLA_30X90_02.webp, ECOCERAMIC/CAPITOL/REV/ECOCERAMIC_AMB_CAPITOL-REV_RLV_ARENA_30X90_02.webp, ECOCERAMIC/CAPITOL/REV/ECOCERAMIC_AMB_CAPITOL-REV_RLV_HUESO_30X90_02.webp, ECOCERAMIC/CAPITOL/REV/ECOCERAMIC_AMB_CAPITOL-REV_RLV_HUESO_30X90_02_V2.webp, ECOCERAMIC/CAPITOL/ECOCERAMIC_AMB_FIKA_MAPLE_HUESO_20X120_30X90.webp, ECOCERAMIC/CAPITOL/ECOCERAMIC_AMB_FIKA_NATURAL_HUESO_20X120_30X90.webp, ECOCERAMIC/CAPITOL/PAV/ECOCERAMIC_PZ_CAPITOL-PAV_ARENA_100X100.webp, ECOCERAMIC/CAPITOL/PAV/ECOCERAMIC_PZ_CAPITOL-PAV_ARENA_120X120.webp, ECOCERAMIC/CAPITOL/PAV/ECOCERAMIC_PZ_CAPITOL-PAV_ARENA_60X120.webp, ECOCERAMIC/CAPITOL/PAV/ECOCERAMIC_PZ_CAPITOL-PAV_ARENA_60X60.webp, ECOCERAMIC/CAPITOL/PAV/ECOCERAMIC_PZ_CAPITOL-PAV_BLANCO_100X100.webp, ECOCERAMIC/CAPITOL/PAV/ECOCERAMIC_PZ_CAPITOL-PAV_BLANCO_120X120.webp, ECOCERAMIC/CAPITOL/PAV/ECOCERAMIC_PZ_CAPITOL-PAV_BLANCO_60X120.webp, ECOCERAMIC/CAPITOL/PAV/ECOCERAMIC_PZ_CAPITOL-PAV_BLANCO_60X60.webp, ECOCERAMIC/CAPITOL/PAV/ECOCERAMIC_PZ_CAPITOL-PAV_HUESO_100X100.webp, ECOCERAMIC/CAPITOL/PAV/ECOCERAMIC_PZ_CAPITOL-PAV_HUESO_120X120.webp, ECOCERAMIC/CAPITOL/PAV/ECOCERAMIC_PZ_CAPITOL-PAV_HUESO_60X120.webp, ECOCERAMIC/CAPITOL/PAV/ECOCERAMIC_PZ_CAPITOL-PAV_HUESO_60X60.webp, ECOCERAMIC/CAPITOL/PAV/ECOCERAMIC_PZ_CAPITOL-PAV_PERLA_100X100.webp, ECOCERAMIC/CAPITOL/PAV/ECOCERAMIC_PZ_CAPITOL-PAV_PERLA_120X120.webp, ECOCERAMIC/CAPITOL/PAV/ECOCERAMIC_PZ_CAPITOL-PAV_PERLA_60X120.webp, ECOCERAMIC/CAPITOL/PAV/ECOCERAMIC_PZ_CAPITOL-PAV_PERLA_60X60.webp, ECOCERAMIC/CAPITOL/REV/ECOCERAMIC_PZ_CAPITOL-REV_ARENA_30X90.webp, ECOCERAMIC/CAPITOL/REV/ECOCERAMIC_PZ_CAPITOL-REV_BLANCO_30X90.webp, ECOCERAMIC/CAPITOL/REV/ECOCERAMIC_PZ_CAPITOL-REV_HUESO_30X90.webp, ECOCERAMIC/CAPITOL/REV/ECOCERAMIC_PZ_CAPITOL-REV_PERLA_30X90.webp, ECOCERAMIC/CAPITOL/REV/ECOCERAMIC_PZ_CAPITOL-REV_RLV_ARENA_30X90_03.webp, ECOCERAMIC/CAPITOL/REV/ECOCERAMIC_PZ_CAPITOL-REV_RLV_BLANCO_30X90_04.webp, ECOCERAMIC/CAPITOL/REV/ECOCERAMIC_PZ_CAPITOL-REV_RLV_HUESO_30X90_01.webp, ECOCERAMIC/CAPITOL/REV/ECOCERAMIC_PZ_CAPITOL-REV_RLV_PERLA_30X90_02.webp",Ficha técnica Capitol,ECOCERAMIC/CAPITOL/PAV/ECOCERAMIC_FICHA_CAPITOL_PAV.jpg,,0,Modelo,Capitol,1,1,,Color,Hueso | Arena | Blanco | Perla,1,1,Hueso,Formato,120X120 | 60X120 | 100X100 | 60X60 | 30X90,1,1,120X120,Acabado,Mate,1,1,,Espesor,9 MM,1,1,,Tipo de pieza,Baldosa | Relieve,1,1,Baldosa,Material,Porcelánico | Pasta blanca,1,1,,Antideslizante,No,1,1,,Versión antideslizante,No | Sí,1,1,,Uso,Pavimento y revestimiento,1,1,,,,,,,,,,,,Familia,Porce Plus,1,1,,Fabricante,Ecoceramic,1,1,,,,,,,,,,,,,,,,,,"Interior: salón, cocina, baño y dormitorio; formatos grandes",Porce Plus,Capitol,Esmalto,Ecoceramic,ECOCERAMIC/CAPITOL/PAV/ECOCERAMIC_FICHA_CAPITOL_PAV.jpg ; ECOCERAMIC/CAPITOL/ECOWHITE/ECOCERAMIC_FICHA_CAPITOL_ECOWHITE.jpg,Material: Porcelánico | Acabado: Mate | Uso: Pavimento y revestimiento | Espesor: 9 MM | Antideslizante: No | Versión antideslizante disponible: No | Tipo de pieza: Baldosa,Capitol | Porcelánico Porce Plus | Esmalto,"Serie Capitol de Ecoceramic en porcelánico y pasta blanca, acabado mate. 4 color(es) y 5 formato(s)."
,variation,ESM-CAPITOL-ARENA-100X100,Capitol Arena 100X100,1,,visible,,,taxable,,1,,,,41.15,,,,,,,,,,,ECOCERAMIC/CAPITOL/PAV/ECOCERAMIC_PZ_CAPITOL-PAV_ARENA_100X100.webp,,,ESM-CAPITOL,89,Modelo,Capitol,1,1,,Color,Arena,1,1,,Formato,100X100,1,1,,,,,,,,,,,,Tipo de pieza,Baldosa,1,1,,,,,,,,,,,,,,,,,,,,,,,,,,,,,,,,,,,,,,,,,,2,41.15,2,27,54,"1133,05",7,100X100,9 MM,Porcelánico,Mate,Pavimento y revestimiento,,No,Sí,,"Interior: salón, cocina, baño y dormitorio; formatos grandes",Porce Plus,Capitol,Esmalto,Ecoceramic,,Material: Porcelánico | Acabado: Mate | Uso: Pavimento y revestimiento | Espesor: 9 MM | Antideslizante: No | Versión antideslizante disponible: Sí | Tipo de pieza: Baldosa,,
,variation,ESM-CAPITOL-BLANCO-100X100,Capitol Blanco 100X100,1,,visible,,,taxable,,1,,,,41.15,,,,,,,,,,,ECOCERAMIC/CAPITOL/PAV/ECOCERAMIC_PZ_CAPITOL-PAV_BLANCO_100X100.webp,,,ESM-CAPITOL,90,Modelo,Capitol,1,1,,Color,Blanco,1,1,,Formato,100X100,1,1,,,,,,,,,,,,Tipo de pieza,Baldosa,1,1,,,,,,,,,,,,,,,,,,,,,,,,,,,,,,,,,,,,,,,,,,2,41.15,2,27,54,"1133,05",7,100X100,9 MM,Porcelánico,Mate,Pavimento y revestimiento,,No,Sí,,"Interior: salón, cocina, baño y dormitorio; formatos grandes",Porce Plus,Capitol,Esmalto,Ecoceramic,,Material: Porcelánico | Acabado: Mate | Uso: Pavimento y revestimiento | Espesor: 9 MM | Antideslizante: No | Versión antideslizante disponible: Sí | Tipo de pieza: Baldosa,,
,variation,ESM-CAPITOL-HUESO-100X100,Capitol Hueso 100X100,1,,visible,,,taxable,,1,,,,41.15,,,,,,,,,,,ECOCERAMIC/CAPITOL/PAV/ECOCERAMIC_PZ_CAPITOL-PAV_HUESO_100X100.webp,,,ESM-CAPITOL,91,Modelo,Capitol,1,1,,Color,Hueso,1,1,,Formato,100X100,1,1,,,,,,,,,,,,Tipo de pieza,Baldosa,1,1,,,,,,,,,,,,,,,,,,,,,,,,,,,,,,,,,,,,,,,,,,2,41.15,2,27,54,"1133,05",7,100X100,9 MM,Porcelánico,Mate,Pavimento y revestimiento,,No,Sí,,"Interior: salón, cocina, baño y dormitorio; formatos grandes",Porce Plus,Capitol,Esmalto,Ecoceramic,,Material: Porcelánico | Acabado: Mate | Uso: Pavimento y revestimiento | Espesor: 9 MM | Antideslizante: No | Versión antideslizante disponible: Sí | Tipo de pieza: Baldosa,,
,variation,ESM-CAPITOL-PERLA-100X100,Capitol Perla 100X100,1,,visible,,,taxable,,1,,,,41.15,,,,,,,,,,,ECOCERAMIC/CAPITOL/PAV/ECOCERAMIC_PZ_CAPITOL-PAV_PERLA_100X100.webp,,,ESM-CAPITOL,92,Modelo,Capitol,1,1,,Color,Perla,1,1,,Formato,100X100,1,1,,,,,,,,,,,,Tipo de pieza,Baldosa,1,1,,,,,,,,,,,,,,,,,,,,,,,,,,,,,,,,,,,,,,,,,,2,41.15,2,27,54,"1133,05",7,100X100,9 MM,Porcelánico,Mate,Pavimento y revestimiento,,No,Sí,,"Interior: salón, cocina, baño y dormitorio; formatos grandes",Porce Plus,Capitol,Esmalto,Ecoceramic,,Material: Porcelánico | Acabado: Mate | Uso: Pavimento y revestimiento | Espesor: 9 MM | Antideslizante: No | Versión antideslizante disponible: Sí | Tipo de pieza: Baldosa,,
,variation,ESM-CAPITOL-ARENA-120X120,Capitol Arena 120X120,1,,visible,,,taxable,,1,,,,35,,,,,,,,,,,ECOCERAMIC/CAPITOL/PAV/ECOCERAMIC_PZ_CAPITOL-PAV_ARENA_120X120.webp,,,ESM-CAPITOL,93,Modelo,Capitol,1,1,,Color,Arena,1,1,,Formato,120X120,1,1,,,,,,,,,,,,Tipo de pieza,Baldosa,1,1,,,,,,,,,,,,,,,,,,,,,,,,,,,,,,,,,,,,,,,,,,1.44,35,1,36,"51,84","1276,96",7,120X120,9 MM,Porcelánico,Mate,Pavimento y revestimiento,,No,No,,"Interior: salón, cocina, baño y dormitorio; formatos grandes",Porce Plus,Capitol,Esmalto,Ecoceramic,,Material: Porcelánico | Acabado: Mate | Uso: Pavimento y revestimiento | Espesor: 9 MM | Antideslizante: No | Versión antideslizante disponible: No | Tipo de pieza: Baldosa,,
,variation,ESM-CAPITOL-BLANCO-120X120,Capitol Blanco 120X120,1,,visible,,,taxable,,1,,,,35,,,,,,,,,,,ECOCERAMIC/CAPITOL/PAV/ECOCERAMIC_PZ_CAPITOL-PAV_BLANCO_120X120.webp,,,ESM-CAPITOL,94,Modelo,Capitol,1,1,,Color,Blanco,1,1,,Formato,120X120,1,1,,,,,,,,,,,,Tipo de pieza,Baldosa,1,1,,,,,,,,,,,,,,,,,,,,,,,,,,,,,,,,,,,,,,,,,,1.44,35,1,36,"51,84","1276,96",7,120X120,9 MM,Porcelánico,Mate,Pavimento y revestimiento,,No,No,,"Interior: salón, cocina, baño y dormitorio; formatos grandes",Porce Plus,Capitol,Esmalto,Ecoceramic,,Material: Porcelánico | Acabado: Mate | Uso: Pavimento y revestimiento | Espesor: 9 MM | Antideslizante: No | Versión antideslizante disponible: No | Tipo de pieza: Baldosa,,
,variation,ESM-CAPITOL-HUESO-120X120,Capitol Hueso 120X120,1,,visible,,,taxable,,1,,,,35,,,,,,,,,,,ECOCERAMIC/CAPITOL/PAV/ECOCERAMIC_PZ_CAPITOL-PAV_HUESO_120X120.webp,,,ESM-CAPITOL,95,Modelo,Capitol,1,1,,Color,Hueso,1,1,,Formato,120X120,1,1,,,,,,,,,,,,Tipo de pieza,Baldosa,1,1,,,,,,,,,,,,,,,,,,,,,,,,,,,,,,,,,,,,,,,,,,1.44,35,1,36,"51,84","1276,96",7,120X120,9 MM,Porcelánico,Mate,Pavimento y revestimiento,,No,No,,"Interior: salón, cocina, baño y dormitorio; formatos grandes",Porce Plus,Capitol,Esmalto,Ecoceramic,,Material: Porcelánico | Acabado: Mate | Uso: Pavimento y revestimiento | Espesor: 9 MM | Antideslizante: No | Versión antideslizante disponible: No | Tipo de pieza: Baldosa,,
,variation,ESM-CAPITOL-PERLA-120X120,Capitol Perla 120X120,1,,visible,,,taxable,,1,,,,35,,,,,,,,,,,ECOCERAMIC/CAPITOL/PAV/ECOCERAMIC_PZ_CAPITOL-PAV_PERLA_120X120.webp,,,ESM-CAPITOL,96,Modelo,Capitol,1,1,,Color,Perla,1,1,,Formato,120X120,1,1,,,,,,,,,,,,Tipo de pieza,Baldosa,1,1,,,,,,,,,,,,,,,,,,,,,,,,,,,,,,,,,,,,,,,,,,1.44,35,1,36,"51,84","1276,96",7,120X120,9 MM,Porcelánico,Mate,Pavimento y revestimiento,,No,No,,"Interior: salón, cocina, baño y dormitorio; formatos grandes",Porce Plus,Capitol,Esmalto,Ecoceramic,,Material: Porcelánico | Acabado: Mate | Uso: Pavimento y revestimiento | Espesor: 9 MM | Antideslizante: No | Versión antideslizante disponible: No | Tipo de pieza: Baldosa,,
,variation,ESM-CAPITOL-ARENA-30X90,Capitol Arena 30X90,1,,visible,,,taxable,,1,,,,20.22,,,,,,,,,,,ECOCERAMIC/CAPITOL/REV/ECOCERAMIC_PZ_CAPITOL-REV_ARENA_30X90.webp,,,ESM-CAPITOL,97,Modelo,Capitol,1,1,,Color,Arena,1,1,,Formato,30X90,1,1,,,,,,,,,,,,Tipo de pieza,Baldosa,1,1,,,,,,,,,,,,,,,,,,,,,,,,,,,,,,,,,,,,,,,,,,1.35,20.22,5,63,"85,05","1298,86",15,30X90,9 MM,Pasta blanca,Mate,Pavimento y revestimiento,,,,,"Interior: salón, cocina, baño y dormitorio; formatos grandes",Porce Plus,Capitol,Esmalto,Ecoceramic,,Material: Pasta blanca | Acabado: Mate | Uso: Pavimento y revestimiento | Espesor: 9 MM | Tipo de pieza: Baldosa,,
,variation,ESM-CAPITOL-BLANCO-30X90,Capitol Blanco 30X90,1,,visible,,,taxable,,1,,,,20.22,,,,,,,,,,,ECOCERAMIC/CAPITOL/REV/ECOCERAMIC_PZ_CAPITOL-REV_BLANCO_30X90.webp,,,ESM-CAPITOL,98,Modelo,Capitol,1,1,,Color,Blanco,1,1,,Formato,30X90,1,1,,,,,,,,,,,,Tipo de pieza,Baldosa,1,1,,,,,,,,,,,,,,,,,,,,,,,,,,,,,,,,,,,,,,,,,,1.35,20.22,5,63,"85,05","1298,86",15,30X90,9 MM,Pasta blanca,Mate,Pavimento y revestimiento,,,,,"Interior: salón, cocina, baño y dormitorio; formatos grandes",Porce Plus,Capitol,Esmalto,Ecoceramic,,Material: Pasta blanca | Acabado: Mate | Uso: Pavimento y revestimiento | Espesor: 9 MM | Tipo de pieza: Baldosa,,
,variation,ESM-CAPITOL-HUESO-30X90,Capitol Hueso 30X90,1,,visible,,,taxable,,1,,,,20.22,,,,,,,,,,,ECOCERAMIC/CAPITOL/REV/ECOCERAMIC_PZ_CAPITOL-REV_HUESO_30X90.webp,,,ESM-CAPITOL,99,Modelo,Capitol,1,1,,Color,Hueso,1,1,,Formato,30X90,1,1,,,,,,,,,,,,Tipo de pieza,Baldosa,1,1,,,,,,,,,,,,,,,,,,,,,,,,,,,,,,,,,,,,,,,,,,1.35,20.22,5,63,"85,05","1298,86",15,30X90,9 MM,Pasta blanca,Mate,Pavimento y revestimiento,,,,,"Interior: salón, cocina, baño y dormitorio; formatos grandes",Porce Plus,Capitol,Esmalto,Ecoceramic,,Material: Pasta blanca | Acabado: Mate | Uso: Pavimento y revestimiento | Espesor: 9 MM | Tipo de pieza: Baldosa,,
,variation,ESM-CAPITOL-PERLA-30X90,Capitol Perla 30X90,1,,visible,,,taxable,,1,,,,20.22,,,,,,,,,,,ECOCERAMIC/CAPITOL/REV/ECOCERAMIC_PZ_CAPITOL-REV_PERLA_30X90.webp,,,ESM-CAPITOL,100,Modelo,Capitol,1,1,,Color,Perla,1,1,,Formato,30X90,1,1,,,,,,,,,,,,Tipo de pieza,Baldosa,1,1,,,,,,,,,,,,,,,,,,,,,,,,,,,,,,,,,,,,,,,,,,1.35,20.22,5,63,"85,05","1298,86",15,30X90,9 MM,Pasta blanca,Mate,Pavimento y revestimiento,,,,,"Interior: salón, cocina, baño y dormitorio; formatos grandes",Porce Plus,Capitol,Esmalto,Ecoceramic,,Material: Pasta blanca | Acabado: Mate | Uso: Pavimento y revestimiento | Espesor: 9 MM | Tipo de pieza: Baldosa,,
,variation,ESM-CAPITOL-ARENA-60X120,Capitol Arena 60X120,1,,visible,,,taxable,,1,,,,28.62,,,,,,,,,,,ECOCERAMIC/CAPITOL/PAV/ECOCERAMIC_PZ_CAPITOL-PAV_ARENA_60X120.webp,,,ESM-CAPITOL,101,Modelo,Capitol,1,1,,Color,Arena,1,1,,Formato,60X120,1,1,,,,,,,,,,,,Tipo de pieza,Baldosa,1,1,,,,,,,,,,,,,,,,,,,,,,,,,,,,,,,,,,,,,,,,,,1.44,28.62,2,36,"51,84","1055,32",14,60X120,9 MM,Porcelánico,Mate,Pavimento y revestimiento,,No,No,,"Interior: salón, cocina, baño y dormitorio; formatos grandes",Porce Plus,Capitol,Esmalto,Ecoceramic,,Material: Porcelánico | Acabado: Mate | Uso: Pavimento y revestimiento | Espesor: 9 MM | Antideslizante: No | Versión antideslizante disponible: No | Tipo de pieza: Baldosa,,
,variation,ESM-CAPITOL-BLANCO-60X120,Capitol Blanco 60X120,1,,visible,,,taxable,,1,,,,28.62,,,,,,,,,,,ECOCERAMIC/CAPITOL/PAV/ECOCERAMIC_PZ_CAPITOL-PAV_BLANCO_60X120.webp,,,ESM-CAPITOL,102,Modelo,Capitol,1,1,,Color,Blanco,1,1,,Formato,60X120,1,1,,,,,,,,,,,,Tipo de pieza,Baldosa,1,1,,,,,,,,,,,,,,,,,,,,,,,,,,,,,,,,,,,,,,,,,,1.44,28.62,2,36,"51,84","1055,32",14,60X120,9 MM,Porcelánico,Mate,Pavimento y revestimiento,,No,No,,"Interior: salón, cocina, baño y dormitorio; formatos grandes",Porce Plus,Capitol,Esmalto,Ecoceramic,,Material: Porcelánico | Acabado: Mate | Uso: Pavimento y revestimiento | Espesor: 9 MM | Antideslizante: No | Versión antideslizante disponible: No | Tipo de pieza: Baldosa,,
,variation,ESM-CAPITOL-HUESO-60X120,Capitol Hueso 60X120,1,,visible,,,taxable,,1,,,,28.62,,,,,,,,,,,ECOCERAMIC/CAPITOL/PAV/ECOCERAMIC_PZ_CAPITOL-PAV_HUESO_60X120.webp,,,ESM-CAPITOL,103,Modelo,Capitol,1,1,,Color,Hueso,1,1,,Formato,60X120,1,1,,,,,,,,,,,,Tipo de pieza,Baldosa,1,1,,,,,,,,,,,,,,,,,,,,,,,,,,,,,,,,,,,,,,,,,,1.44,28.62,2,36,"51,84","1055,32",14,60X120,9 MM,Porcelánico,Mate,Pavimento y revestimiento,,No,No,,"Interior: salón, cocina, baño y dormitorio; formatos grandes",Porce Plus,Capitol,Esmalto,Ecoceramic,,Material: Porcelánico | Acabado: Mate | Uso: Pavimento y revestimiento | Espesor: 9 MM | Antideslizante: No | Versión antideslizante disponible: No | Tipo de pieza: Baldosa,,
,variation,ESM-CAPITOL-PERLA-60X120,Capitol Perla 60X120,1,,visible,,,taxable,,1,,,,28.62,,,,,,,,,,,ECOCERAMIC/CAPITOL/PAV/ECOCERAMIC_PZ_CAPITOL-PAV_PERLA_60X120.webp,,,ESM-CAPITOL,104,Modelo,Capitol,1,1,,Color,Perla,1,1,,Formato,60X120,1,1,,,,,,,,,,,,Tipo de pieza,Baldosa,1,1,,,,,,,,,,,,,,,,,,,,,,,,,,,,,,,,,,,,,,,,,,1.44,28.62,2,36,"51,84","1055,32",14,60X120,9 MM,Porcelánico,Mate,Pavimento y revestimiento,,No,No,,"Interior: salón, cocina, baño y dormitorio; formatos grandes",Porce Plus,Capitol,Esmalto,Ecoceramic,,Material: Porcelánico | Acabado: Mate | Uso: Pavimento y revestimiento | Espesor: 9 MM | Antideslizante: No | Versión antideslizante disponible: No | Tipo de pieza: Baldosa,,
,variation,ESM-CAPITOL-ARENA-60X60,Capitol Arena 60X60,1,,visible,,,taxable,,1,,,,35.36,,,,,,,,,,,ECOCERAMIC/CAPITOL/PAV/ECOCERAMIC_PZ_CAPITOL-PAV_ARENA_60X60.webp,,,ESM-CAPITOL,105,Modelo,Capitol,1,1,,Color,Arena,1,1,,Formato,60X60,1,1,,,,,,,,,,,,Tipo de pieza,Baldosa,1,1,,,,,,,,,,,,,,,,,,,,,,,,,,,,,,,,,,,,,,,,,,1.8,35.36,5,30,54,"1080,80",28,60X60,9 MM,Porcelánico,Mate,Pavimento y revestimiento,,No,Sí,,"Interior: salón, cocina, baño y dormitorio; formatos grandes",Porce Plus,Capitol,Esmalto,Ecoceramic,,Material: Porcelánico | Acabado: Mate | Uso: Pavimento y revestimiento | Espesor: 9 MM | Antideslizante: No | Versión antideslizante disponible: Sí | Tipo de pieza: Baldosa,,
,variation,ESM-CAPITOL-BLANCO-60X60,Capitol Blanco 60X60,1,,visible,,,taxable,,1,,,,35.36,,,,,,,,,,,ECOCERAMIC/CAPITOL/PAV/ECOCERAMIC_PZ_CAPITOL-PAV_BLANCO_60X60.webp,,,ESM-CAPITOL,106,Modelo,Capitol,1,1,,Color,Blanco,1,1,,Formato,60X60,1,1,,,,,,,,,,,,Tipo de pieza,Baldosa,1,1,,,,,,,,,,,,,,,,,,,,,,,,,,,,,,,,,,,,,,,,,,1.8,35.36,5,30,54,"1080,80",28,60X60,9 MM,Porcelánico,Mate,Pavimento y revestimiento,,No,Sí,,"Interior: salón, cocina, baño y dormitorio; formatos grandes",Porce Plus,Capitol,Esmalto,Ecoceramic,,Material: Porcelánico | Acabado: Mate | Uso: Pavimento y revestimiento | Espesor: 9 MM | Antideslizante: No | Versión antideslizante disponible: Sí | Tipo de pieza: Baldosa,,
,variation,ESM-CAPITOL-HUESO-60X60,Capitol Hueso 60X60,1,,visible,,,taxable,,1,,,,35.36,,,,,,,,,,,ECOCERAMIC/CAPITOL/PAV/ECOCERAMIC_PZ_CAPITOL-PAV_HUESO_60X60.webp,,,ESM-CAPITOL,107,Modelo,Capitol,1,1,,Color,Hueso,1,1,,Formato,60X60,1,1,,,,,,,,,,,,Tipo de pieza,Baldosa,1,1,,,,,,,,,,,,,,,,,,,,,,,,,,,,,,,,,,,,,,,,,,1.8,35.36,5,30,54,"1080,80",28,60X60,9 MM,Porcelánico,Mate,Pavimento y revestimiento,,No,Sí,,"Interior: salón, cocina, baño y dormitorio; formatos grandes",Porce Plus,Capitol,Esmalto,Ecoceramic,,Material: Porcelánico | Acabado: Mate | Uso: Pavimento y revestimiento | Espesor: 9 MM | Antideslizante: No | Versión antideslizante disponible: Sí | Tipo de pieza: Baldosa,,
,variation,ESM-CAPITOL-PERLA-60X60,Capitol Perla 60X60,1,,visible,,,taxable,,1,,,,35.36,,,,,,,,,,,ECOCERAMIC/CAPITOL/PAV/ECOCERAMIC_PZ_CAPITOL-PAV_PERLA_60X60.webp,,,ESM-CAPITOL,108,Modelo,Capitol,1,1,,Color,Perla,1,1,,Formato,60X60,1,1,,,,,,,,,,,,Tipo de pieza,Baldosa,1,1,,,,,,,,,,,,,,,,,,,,,,,,,,,,,,,,,,,,,,,,,,1.8,35.36,5,30,54,"1080,80",28,60X60,9 MM,Porcelánico,Mate,Pavimento y revestimiento,,No,Sí,,"Interior: salón, cocina, baño y dormitorio; formatos grandes",Porce Plus,Capitol,Esmalto,Ecoceramic,,Material: Porcelánico | Acabado: Mate | Uso: Pavimento y revestimiento | Espesor: 9 MM | Antideslizante: No | Versión antideslizante disponible: Sí | Tipo de pieza: Baldosa,,
,variation,ESM-CAPITOL-ARENA-30X90-RLV,Capitol Arena 30X90 Relieve,1,,visible,,,taxable,,1,,,,20.22,,,,,,,,,,,ECOCERAMIC/CAPITOL/REV/ECOCERAMIC_PZ_CAPITOL-REV_ARENA_30X90.webp,,,ESM-CAPITOL,109,Modelo,Capitol,1,1,,Color,Arena,1,1,,Formato,30X90,1,1,,,,,,,,,,,,Tipo de pieza,Relieve,1,1,,,,,,,,,,,,,,,,,,,,,,,,,,,,,,,,,,,,,,,,,,1.35,20.22,5,63,"85,05","1298,86",15,30X90,9 MM,Pasta blanca,Mate,Pavimento y revestimiento,,,,,"Interior: salón, cocina, baño y dormitorio; formatos grandes",Porce Plus,Capitol,Esmalto,Ecoceramic,,Material: Pasta blanca | Acabado: Mate | Uso: Pavimento y revestimiento | Espesor: 9 MM | Tipo de pieza: Relieve,,
,variation,ESM-CAPITOL-BLANCO-30X90-RLV,Capitol Blanco 30X90 Relieve,1,,visible,,,taxable,,1,,,,20.22,,,,,,,,,,,ECOCERAMIC/CAPITOL/REV/ECOCERAMIC_PZ_CAPITOL-REV_BLANCO_30X90.webp,,,ESM-CAPITOL,110,Modelo,Capitol,1,1,,Color,Blanco,1,1,,Formato,30X90,1,1,,,,,,,,,,,,Tipo de pieza,Relieve,1,1,,,,,,,,,,,,,,,,,,,,,,,,,,,,,,,,,,,,,,,,,,1.35,20.22,5,63,"85,05","1298,86",15,30X90,9 MM,Pasta blanca,Mate,Pavimento y revestimiento,,,,,"Interior: salón, cocina, baño y dormitorio; formatos grandes",Porce Plus,Capitol,Esmalto,Ecoceramic,,Material: Pasta blanca | Acabado: Mate | Uso: Pavimento y revestimiento | Espesor: 9 MM | Tipo de pieza: Relieve,,
,variation,ESM-CAPITOL-HUESO-30X90-RLV,Capitol Hueso 30X90 Relieve,1,,visible,,,taxable,,1,,,,20.22,,,,,,,,,,,ECOCERAMIC/CAPITOL/REV/ECOCERAMIC_PZ_CAPITOL-REV_HUESO_30X90.webp,,,ESM-CAPITOL,111,Modelo,Capitol,1,1,,Color,Hueso,1,1,,Formato,30X90,1,1,,,,,,,,,,,,Tipo de pieza,Relieve,1,1,,,,,,,,,,,,,,,,,,,,,,,,,,,,,,,,,,,,,,,,,,1.35,20.22,5,63,"85,05","1298,86",15,30X90,9 MM,Pasta blanca,Mate,Pavimento y revestimiento,,,,,"Interior: salón, cocina, baño y dormitorio; formatos grandes",Porce Plus,Capitol,Esmalto,Ecoceramic,,Material: Pasta blanca | Acabado: Mate | Uso: Pavimento y revestimiento | Espesor: 9 MM | Tipo de pieza: Relieve,,
,variation,ESM-CAPITOL-PERLA-30X90-RLV,Capitol Perla 30X90 Relieve,1,,visible,,,taxable,,1,,,,20.22,,,,,,,,,,,ECOCERAMIC/CAPITOL/REV/ECOCERAMIC_PZ_CAPITOL-REV_PERLA_30X90.webp,,,ESM-CAPITOL,112,Modelo,Capitol,1,1,,Color,Perla,1,1,,Formato,30X90,1,1,,,,,,,,,,,,Tipo de pieza,Relieve,1,1,,,,,,,,,,,,,,,,,,,,,,,,,,,,,,,,,,,,,,,,,,1.35,20.22,5,63,"85,05","1298,86",15,30X90,9 MM,Pasta blanca,Mate,Pavimento y revestimiento,,,,,"Interior: salón, cocina, baño y dormitorio; formatos grandes",Porce Plus,Capitol,Esmalto,Ecoceramic,,Material: Pasta blanca | Acabado: Mate | Uso: Pavimento y revestimiento | Espesor: 9 MM | Tipo de pieza: Relieve,,
,variable,ESM-CLAYTON,Clayton,1,0,visible,"Serie Clayton de Ecoceramic en porcelánico, acabado mate. 5 color(es) y 1 formato(s).","<p>La serie <strong>Clayton</strong> de Ecoceramic está fabricada en porcelánico con acabado mate. Se presenta en 5 color(es) y 1 formato(s), con un total de 5 referencias.</p><h3>Características técnicas</h3><ul><li><strong>Material:</strong> Porcelánico</li><li><strong>Acabado:</strong> Mate</li><li><strong>Uso:</strong> Pavimento y revestimiento</li><li><strong>Espesor:</strong> 9 MM</li><li><strong>Antideslizante:</strong> No</li><li><strong>Versión antideslizante:</strong> No</li><li><strong>Tipo de pieza:</strong> Baldosa</li><li><strong>Familia:</strong> Eco Woods</li></ul><p><strong>Colores disponibles:</strong> Gris, Blanco, Haya, Honey, Taupe.<br><strong>Formatos:</strong> 23X120.</p><p><strong>Espacios recomendados:</strong> Interior: salón, dormitorio, cocina y baño; efecto madera.</p><h3>Datos de embalaje</h3><table><thead><tr><th>Formato</th><th>Pz/caja</th><th>m²/caja</th><th>Kg/caja</th><th>Cajas/palet</th><th>m²/palet</th><th>Kg/palet</th></tr></thead><tbody><tr><td>23X120</td><td>5</td><td>1,38</td><td>26,20</td><td>48</td><td>66,24</td><td>1286,60</td></tr></tbody></table>",taxable,,1,,0,0,,,,,1,,,,Pavimentos y revestimientos > Eco Woods > Clayton,"Clayton, Ecoceramic, Esmalto, Eco Woods, Gris, Blanco, Haya, Honey, Taupe, 23X120, Porcelánico",,"ECOCERAMIC/CLAYTON/ECOCERAMIC_AMB_CLAYTON_GRIS.webp, ECOCERAMIC/CLAYTON/ECOCERAMIC_AMB_CLAYTON_HAYA_DETALLE.webp, ECOCERAMIC/CLAYTON/ECOCERAMIC_AMB_CLAYTON_HONEY_DETALLE.webp, ECOCERAMIC/CLAYTON/ECOCERAMIC_AMB_CLAYTON_TAUPE.webp, ECOCERAMIC/CLAYTON/ECOCERAMIC_PZ_CLAYTON_BLANCO.webp, ECOCERAMIC/CLAYTON/ECOCERAMIC_PZ_CLAYTON_GRIS.webp, ECOCERAMIC/CLAYTON/ECOCERAMIC_PZ_CLAYTON_HAYA.webp, ECOCERAMIC/CLAYTON/ECOCERAMIC_PZ_CLAYTON_HONEY.webp, ECOCERAMIC/CLAYTON/ECOCERAMIC_PZ_CLAYTON_TAUPE.webp",Ficha técnica Clayton,ECOCERAMIC/CLAYTON/ECOCERAMIC_FICHA_CLAYTON.jpg,,0,Modelo,Clayton,1,1,,Color,Gris | Blanco | Haya | Honey | Taupe,1,1,Gris,Formato,23X120,1,1,,Acabado,Mate,1,1,,Espesor,9 MM,1,1,,Tipo de pieza,Baldosa,1,1,,Material,Porcelánico,1,1,,Antideslizante,No,1,1,,Versión antideslizante,No,1,1,,Uso,Pavimento y revestimiento,1,1,,,,,,,,,,,,Familia,Eco Woods,1,1,,Fabricante,Ecoceramic,1,1,,,,,,,,,,,,,,,,,,"Interior: salón, dormitorio, cocina y baño; efecto madera",Eco Woods,Clayton,Esmalto,Ecoceramic,ECOCERAMIC/CLAYTON/ECOCERAMIC_FICHA_CLAYTON.jpg,Material: Porcelánico | Acabado: Mate | Uso: Pavimento y revestimiento | Espesor: 9 MM | Antideslizante: No | Versión antideslizante disponible: No | Tipo de pieza: Baldosa,Clayton | Porcelánico Eco Woods | Esmalto,"Serie Clayton de Ecoceramic en porcelánico, acabado mate. 5 color(es) y 1 formato(s)."
,variation,ESM-CLAYTON-BLANCO-23X120,Clayton Blanco 23X120,1,,visible,,,taxable,,1,,,,26.2,,,,,,,,,,,ECOCERAMIC/CLAYTON/ECOCERAMIC_PZ_CLAYTON_BLANCO.webp,,,ESM-CLAYTON,113,Modelo,Clayton,1,1,,Color,Blanco,1,1,,,,,,,,,,,,,,,,,,,,,,,,,,,,,,,,,,,,,,,,,,,,,,,,,,,,,,,,,,,,,,1.38,26.2,5,48,"66,24","1286,60",30,23X120,9 MM,Porcelánico,Mate,Pavimento y revestimiento,,No,No,,"Interior: salón, dormitorio, cocina y baño; efecto madera",Eco Woods,Clayton,Esmalto,Ecoceramic,,Material: Porcelánico | Acabado: Mate | Uso: Pavimento y revestimiento | Espesor: 9 MM | Antideslizante: No | Versión antideslizante disponible: No | Tipo de pieza: Baldosa,,
,variation,ESM-CLAYTON-GRIS-23X120,Clayton Gris 23X120,1,,visible,,,taxable,,1,,,,26.2,,,,,,,,,,,ECOCERAMIC/CLAYTON/ECOCERAMIC_PZ_CLAYTON_GRIS.webp,,,ESM-CLAYTON,114,Modelo,Clayton,1,1,,Color,Gris,1,1,,,,,,,,,,,,,,,,,,,,,,,,,,,,,,,,,,,,,,,,,,,,,,,,,,,,,,,,,,,,,,1.38,26.2,5,48,"66,24","1286,60",30,23X120,9 MM,Porcelánico,Mate,Pavimento y revestimiento,,No,No,,"Interior: salón, dormitorio, cocina y baño; efecto madera",Eco Woods,Clayton,Esmalto,Ecoceramic,,Material: Porcelánico | Acabado: Mate | Uso: Pavimento y revestimiento | Espesor: 9 MM | Antideslizante: No | Versión antideslizante disponible: No | Tipo de pieza: Baldosa,,
,variation,ESM-CLAYTON-HAYA-23X120,Clayton Haya 23X120,1,,visible,,,taxable,,1,,,,26.2,,,,,,,,,,,ECOCERAMIC/CLAYTON/ECOCERAMIC_PZ_CLAYTON_HAYA.webp,,,ESM-CLAYTON,115,Modelo,Clayton,1,1,,Color,Haya,1,1,,,,,,,,,,,,,,,,,,,,,,,,,,,,,,,,,,,,,,,,,,,,,,,,,,,,,,,,,,,,,,1.38,26.2,5,48,"66,24","1286,60",30,23X120,9 MM,Porcelánico,Mate,Pavimento y revestimiento,,No,No,,"Interior: salón, dormitorio, cocina y baño; efecto madera",Eco Woods,Clayton,Esmalto,Ecoceramic,,Material: Porcelánico | Acabado: Mate | Uso: Pavimento y revestimiento | Espesor: 9 MM | Antideslizante: No | Versión antideslizante disponible: No | Tipo de pieza: Baldosa,,
,variation,ESM-CLAYTON-HONEY-23X120,Clayton Honey 23X120,1,,visible,,,taxable,,1,,,,26.2,,,,,,,,,,,ECOCERAMIC/CLAYTON/ECOCERAMIC_PZ_CLAYTON_HONEY.webp,,,ESM-CLAYTON,116,Modelo,Clayton,1,1,,Color,Honey,1,1,,,,,,,,,,,,,,,,,,,,,,,,,,,,,,,,,,,,,,,,,,,,,,,,,,,,,,,,,,,,,,1.38,26.2,5,48,"66,24","1286,60",30,23X120,9 MM,Porcelánico,Mate,Pavimento y revestimiento,,No,No,,"Interior: salón, dormitorio, cocina y baño; efecto madera",Eco Woods,Clayton,Esmalto,Ecoceramic,,Material: Porcelánico | Acabado: Mate | Uso: Pavimento y revestimiento | Espesor: 9 MM | Antideslizante: No | Versión antideslizante disponible: No | Tipo de pieza: Baldosa,,
,variation,ESM-CLAYTON-TAUPE-23X120,Clayton Taupe 23X120,1,,visible,,,taxable,,1,,,,26.2,,,,,,,,,,,ECOCERAMIC/CLAYTON/ECOCERAMIC_PZ_CLAYTON_TAUPE.webp,,,ESM-CLAYTON,117,Modelo,Clayton,1,1,,Color,Taupe,1,1,,,,,,,,,,,,,,,,,,,,,,,,,,,,,,,,,,,,,,,,,,,,,,,,,,,,,,,,,,,,,,1.38,26.2,5,48,"66,24","1286,60",30,23X120,9 MM,Porcelánico,Mate,Pavimento y revestimiento,,No,No,,"Interior: salón, dormitorio, cocina y baño; efecto madera",Eco Woods,Clayton,Esmalto,Ecoceramic,,Material: Porcelánico | Acabado: Mate | Uso: Pavimento y revestimiento | Espesor: 9 MM | Antideslizante: No | Versión antideslizante disponible: No | Tipo de pieza: Baldosa,,
,variable,ESM-COLOSSO,Colosso,1,0,visible,"Serie Colosso de Ecoceramic en porcelánico, acabado mate. 2 color(es) y 1 formato(s).","<p>Colosso reinterpreta la nobleza del mármol travertino desde una mirada contemporánea. Sus estratos horizontales y matices suaves aportan ritmo, profundidad y una sensación de solidez serena.</p><h3>Características técnicas</h3><ul><li><strong>Material:</strong> Porcelánico</li><li><strong>Acabado:</strong> Mate</li><li><strong>Uso:</strong> Pavimento/Revestimiento</li><li><strong>Espesor:</strong> 9 MM</li><li><strong>Rectificado:</strong> Sí</li><li><strong>Antideslizante:</strong> No</li><li><strong>Versión antideslizante:</strong> No</li><li><strong>Destonificación:</strong> V2 Travertino estratos</li><li><strong>Tipo de pieza:</strong> Baldosa</li><li><strong>Familia:</strong> Porcelain</li></ul><p><strong>Colores disponibles:</strong> Gold, Light.<br><strong>Formatos:</strong> 60X120.</p><p><strong>Espacios recomendados:</strong> Interior: salón, baño.</p><h3>Datos de embalaje</h3><table><thead><tr><th>Formato</th><th>Pz/caja</th><th>m²/caja</th><th>Kg/caja</th><th>Cajas/palet</th><th>m²/palet</th><th>Kg/palet</th></tr></thead><tbody><tr><td>60X120</td><td>2</td><td>1,44</td><td>28,62</td><td>36</td><td>51,84</td><td>1055,32</td></tr></tbody></table>",taxable,,1,,0,0,,,,,1,,,,Pavimentos y revestimientos > Porcelain > Colosso,"Colosso, Ecoceramic, Esmalto, Porcelain, Gold, Light, 60X120, Porcelánico",,"ECOCERAMIC/COLOSSO/ECOCERAMIC_AMB_COLOSSO_LIGHT_GOLD_60X120_BATHROOM.webp, ECOCERAMIC/COLOSSO/ECOCERAMIC_AMB_COLOSSO_LIGHT_GOLD_60X120_DETALLE.webp, ECOCERAMIC/COLOSSO/ECOCERAMIC_PZ_COLOSSO_GOLD_60X120.webp, ECOCERAMIC/COLOSSO/ECOCERAMIC_PZ_COLOSSO_LIGHT_60X120.webp",Ficha técnica Colosso,ECOCERAMIC/COLOSSO/ECOCERAMIC_FICHA_COLOSSO.jpg,,0,Modelo,Colosso,1,1,,Color,Gold | Light,1,1,Gold,Formato,60X120,1,1,,Acabado,Mate,1,1,,Espesor,9 MM,1,1,,Tipo de pieza,Baldosa,1,1,,Material,Porcelánico,1,1,,Antideslizante,No,1,1,,Versión antideslizante,No,1,1,,Uso,Pavimento/Revestimiento,1,1,,Rectificado,Sí,1,1,,Destonificación,V2 Travertino estratos,1,1,,Familia,Porcelain,1,1,,Fabricante,Ecoceramic,1,1,,,,,,,,,,,,,,,,,,"Interior: salón, baño",Porcelain,Colosso,Esmalto,Ecoceramic,ECOCERAMIC/COLOSSO/ECOCERAMIC_FICHA_COLOSSO.jpg,Material: Porcelánico | Acabado: Mate | Uso: Pavimento/Revestimiento | Espesor: 9 MM | Rectificado: Sí | Antideslizante: No | Versión antideslizante disponible: No | Destonificación: V2 Travertino estratos | Tipo de pieza: Baldosa,Colosso | Porcelánico Porcelain | Esmalto,"Serie Colosso de Ecoceramic en porcelánico, acabado mate. 2 color(es) y 1 formato(s)."
,variation,ESM-COLOSSO-GOLD-60X120,Colosso Gold 60X120,1,,visible,,,taxable,,1,,,,28.62,,,,,,,,,,,ECOCERAMIC/COLOSSO/ECOCERAMIC_PZ_COLOSSO_GOLD_60X120.webp,,,ESM-COLOSSO,118,Modelo,Colosso,1,1,,Color,Gold,1,1,,,,,,,,,,,,,,,,,,,,,,,,,,,,,,,,,,,,,,,,,,,,,,,,,,,,,,,,,,,,,,1.44,28.62,2,36,"51,84","1055,32",14,60X120,9 MM,Porcelánico,Mate,Pavimento/Revestimiento,Sí,No,No,V2 Travertino estratos,"Interior: salón, baño",Porcelain,Colosso,Esmalto,Ecoceramic,,Material: Porcelánico | Acabado: Mate | Uso: Pavimento/Revestimiento | Espesor: 9 MM | Rectificado: Sí | Antideslizante: No | Versión antideslizante disponible: No | Destonificación: V2 Travertino estratos | Tipo de pieza: Baldosa,,
,variation,ESM-COLOSSO-LIGHT-60X120,Colosso Light 60X120,1,,visible,,,taxable,,1,,,,28.62,,,,,,,,,,,ECOCERAMIC/COLOSSO/ECOCERAMIC_PZ_COLOSSO_LIGHT_60X120.webp,,,ESM-COLOSSO,119,Modelo,Colosso,1,1,,Color,Light,1,1,,,,,,,,,,,,,,,,,,,,,,,,,,,,,,,,,,,,,,,,,,,,,,,,,,,,,,,,,,,,,,1.44,28.62,2,36,"51,84","1055,32",14,60X120,9 MM,Porcelánico,Mate,Pavimento/Revestimiento,Sí,No,No,V2 Travertino estratos,"Interior: salón, baño",Porcelain,Colosso,Esmalto,Ecoceramic,,Material: Porcelánico | Acabado: Mate | Uso: Pavimento/Revestimiento | Espesor: 9 MM | Rectificado: Sí | Antideslizante: No | Versión antideslizante disponible: No | Destonificación: V2 Travertino estratos | Tipo de pieza: Baldosa,,
,variable,ESM-CORALINA,Coralina,1,0,visible,"Serie Coralina de Ecoceramic en porcelánico, acabado mate. 3 color(es) y 4 formato(s).","<p>La serie <strong>Coralina</strong> de Ecoceramic está fabricada en porcelánico con acabado mate. Se presenta en 3 color(es) y 4 formato(s), con un total de 12 referencias.</p><h3>Características técnicas</h3><ul><li><strong>Material:</strong> Porcelánico</li><li><strong>Acabado:</strong> Mate</li><li><strong>Uso:</strong> Pavimento y revestimiento</li><li><strong>Espesor:</strong> 9 MM</li><li><strong>Antideslizante:</strong> No</li><li><strong>Versión antideslizante:</strong> Sí</li><li><strong>Tipo de pieza:</strong> Baldosa</li><li><strong>Familia:</strong> Porcelain</li></ul><p><strong>Colores disponibles:</strong> Blanco, Perla, Beige.<br><strong>Formatos:</strong> 60X120, 90X90, 60X60, 30X60.</p><p><strong>Espacios recomendados:</strong> Interior y exterior: salón, cocina, baño, terraza y fachada.</p><h3>Datos de embalaje</h3><table><thead><tr><th>Formato</th><th>Pz/caja</th><th>m²/caja</th><th>Kg/caja</th><th>Cajas/palet</th><th>m²/palet</th><th>Kg/palet</th></tr></thead><tbody><tr><td>30X60</td><td>6</td><td>1,08</td><td>22,63</td><td>48</td><td>51,84</td><td>1106</td></tr><tr><td>60X120</td><td>2</td><td>1,44</td><td>28,68</td><td>36</td><td>51,84</td><td>1055</td></tr><tr><td>60X60</td><td>3</td><td>1,08</td><td>43</td><td>20</td><td>21,60</td><td>880</td></tr><tr><td>60X90</td><td>2</td><td>1,08</td><td>45</td><td>22</td><td>23,76</td><td>1015</td></tr><tr><td>90X90</td><td>2</td><td>1,62</td><td>33</td><td>32</td><td>51,84</td><td>1081</td></tr></tbody></table>",taxable,,1,,0,0,,,,,1,,,,Pavimentos y revestimientos > Porcelain > Coralina,"Coralina, Ecoceramic, Esmalto, Porcelain, Blanco, Perla, Beige, 60X120, 90X90, 60X60, 30X60, Porcelánico",,"ECOCERAMIC/CORALINA/ECOCERAMIC_AMB_CORALINA_BEIGE_90X90.webp, ECOCERAMIC/CORALINA/ECOCERAMIC_AMB_CORALINA_BEIGE_90X90_INDOOR.webp, ECOCERAMIC/CORALINA/ECOCERAMIC_AMB_CORALINA_BLANCO_90X90.webp, ECOCERAMIC/CORALINA/ECOCERAMIC_AMB_CORALINA_PERLA_90X90.webp, ECOCERAMIC/CORALINA/ECOCERAMIC_AMB_CORALINA_PERLA_90X90_OUTDOOR.webp, ECOCERAMIC/CORALINA/ECOCERAMIC_PZ_CORALINA_BEIGE_30X60_01.webp, ECOCERAMIC/CORALINA/ECOCERAMIC_PZ_CORALINA_BEIGE_60X120_01.webp, ECOCERAMIC/CORALINA/ECOCERAMIC_PZ_CORALINA_BEIGE_60X60_01.webp, ECOCERAMIC/CORALINA/ECOCERAMIC_PZ_CORALINA_BEIGE_90X90_01.webp, ECOCERAMIC/CORALINA/ECOCERAMIC_PZ_CORALINA_BLANCO_30X60_01.webp, ECOCERAMIC/CORALINA/ECOCERAMIC_PZ_CORALINA_BLANCO_60X120_01.webp, ECOCERAMIC/CORALINA/ECOCERAMIC_PZ_CORALINA_BLANCO_60X60_01.webp, ECOCERAMIC/CORALINA/ECOCERAMIC_PZ_CORALINA_BLANCO_90X90_01.webp, ECOCERAMIC/CORALINA/ECOCERAMIC_PZ_CORALINA_PERLA_30X60_01.webp, ECOCERAMIC/CORALINA/ECOCERAMIC_PZ_CORALINA_PERLA_60X120_01.webp, ECOCERAMIC/CORALINA/ECOCERAMIC_PZ_CORALINA_PERLA_60X60_01.webp, ECOCERAMIC/CORALINA/ECOCERAMIC_PZ_CORALINA_PERLA_90X90_01.webp",Ficha técnica Coralina,ECOCERAMIC/CORALINA/ECOCERAMIC_FICHA_CORALINA.jpg,,0,Modelo,Coralina,1,1,,Color,Blanco | Perla | Beige,1,1,Blanco,Formato,60X120 | 90X90 | 60X60 | 30X60,1,1,60X120,Acabado,Mate,1,1,,Espesor,9 MM,1,1,,Tipo de pieza,Baldosa,1,1,,Material,Porcelánico,1,1,,Antideslizante,No,1,1,,Versión antideslizante,Sí,1,1,,Uso,Pavimento y revestimiento,1,1,,,,,,,,,,,,Familia,Porcelain,1,1,,Fabricante,Ecoceramic,1,1,,,,,,,,,,,,,,,,,,"Interior y exterior: salón, cocina, baño, terraza y fachada",Porcelain,Coralina,Esmalto,Ecoceramic,ECOCERAMIC/CORALINA/ECOCERAMIC_FICHA_CORALINA.jpg ; ECOCERAMIC/CORALINA/ECO20/ECOCERAMIC_FICHA_CORALINA_ECO20.jpg,Material: Porcelánico | Acabado: Mate | Uso: Pavimento y revestimiento | Espesor: 9 MM | Antideslizante: No | Versión antideslizante disponible: Sí | Tipo de pieza: Baldosa,Coralina | Porcelánico Porcelain | Esmalto,"Serie Coralina de Ecoceramic en porcelánico, acabado mate. 3 color(es) y 4 formato(s)."
,variation,ESM-CORALINA-BEIGE-30X60,Coralina Beige 30X60,1,,visible,,,taxable,,1,,,,22.63,,,,,,,,,,,ECOCERAMIC/CORALINA/ECOCERAMIC_PZ_CORALINA_BEIGE_30X60_01.webp,,,ESM-CORALINA,120,Modelo,Coralina,1,1,,Color,Beige,1,1,,Formato,30X60,1,1,,,,,,,,,,,,,,,,,,,,,,,,,,,,,,,,,,,,,,,,,,,,,,,,,,,,,,,,,1.08,22.63,6,48,"51,84",1106,56,30X60,9 MM,Porcelánico,Mate,Pavimento y revestimiento,,No,Sí,,"Interior y exterior: salón, cocina, baño, terraza y fachada",Porcelain,Coralina,Esmalto,Ecoceramic,,Material: Porcelánico | Acabado: Mate | Uso: Pavimento y revestimiento | Espesor: 9 MM | Antideslizante: No | Versión antideslizante disponible: Sí | Tipo de pieza: Baldosa,,
,variation,ESM-CORALINA-BLANCO-30X60,Coralina Blanco 30X60,1,,visible,,,taxable,,1,,,,,,,,,,,,,,,ECOCERAMIC/CORALINA/ECOCERAMIC_PZ_CORALINA_BLANCO_30X60_01.webp,,,ESM-CORALINA,121,Modelo,Coralina,1,1,,Color,Blanco,1,1,,Formato,30X60,1,1,,,,,,,,,,,,,,,,,,,,,,,,,,,,,,,,,,,,,,,,,,,,,,,,,,,,,,,,,,,6,48,"51,84",1106,56,30X60,9 MM,,,Pavimento y revestimiento,,,,,"Interior y exterior: salón, cocina, baño, terraza y fachada",Porcelain,Coralina,Esmalto,Ecoceramic,,Uso: Pavimento y revestimiento | Espesor: 9 MM | Tipo de pieza: Baldosa,,
,variation,ESM-CORALINA-PERLA-30X60,Coralina Perla 30X60,1,,visible,,,taxable,,1,,,,22.63,,,,,,,,,,,ECOCERAMIC/CORALINA/ECOCERAMIC_PZ_CORALINA_PERLA_30X60_01.webp,,,ESM-CORALINA,122,Modelo,Coralina,1,1,,Color,Perla,1,1,,Formato,30X60,1,1,,,,,,,,,,,,,,,,,,,,,,,,,,,,,,,,,,,,,,,,,,,,,,,,,,,,,,,,,1.08,22.63,6,48,"51,84",1106,56,30X60,9 MM,Porcelánico,Mate,Pavimento y revestimiento,,No,Sí,,"Interior y exterior: salón, cocina, baño, terraza y fachada",Porcelain,Coralina,Esmalto,Ecoceramic,,Material: Porcelánico | Acabado: Mate | Uso: Pavimento y revestimiento | Espesor: 9 MM | Antideslizante: No | Versión antideslizante disponible: Sí | Tipo de pieza: Baldosa,,
,variation,ESM-CORALINA-BEIGE-60X120,Coralina Beige 60X120,1,,visible,,,taxable,,1,,,,28.62,,,,,,,,,,,ECOCERAMIC/CORALINA/ECOCERAMIC_PZ_CORALINA_BEIGE_60X120_01.webp,,,ESM-CORALINA,123,Modelo,Coralina,1,1,,Color,Beige,1,1,,Formato,60X120,1,1,,,,,,,,,,,,,,,,,,,,,,,,,,,,,,,,,,,,,,,,,,,,,,,,,,,,,,,,,1.44,28.62,2,36,"51,84",1055,14,60X120,9 MM,Porcelánico,Mate,Pavimento y revestimiento,,No,Sí,,"Interior y exterior: salón, cocina, baño, terraza y fachada",Porcelain,Coralina,Esmalto,Ecoceramic,,Material: Porcelánico | Acabado: Mate | Uso: Pavimento y revestimiento | Espesor: 9 MM | Antideslizante: No | Versión antideslizante disponible: Sí | Tipo de pieza: Baldosa,,
,variation,ESM-CORALINA-BLANCO-60X120,Coralina Blanco 60X120,1,,visible,,,taxable,,1,,,,28.62,,,,,,,,,,,ECOCERAMIC/CORALINA/ECOCERAMIC_PZ_CORALINA_BLANCO_60X120_01.webp,,,ESM-CORALINA,124,Modelo,Coralina,1,1,,Color,Blanco,1,1,,Formato,60X120,1,1,,,,,,,,,,,,,,,,,,,,,,,,,,,,,,,,,,,,,,,,,,,,,,,,,,,,,,,,,1.44,28.62,2,36,"51,84",1055,14,60X120,9 MM,Porcelánico,Mate,Pavimento y revestimiento,,No,Sí,,"Interior y exterior: salón, cocina, baño, terraza y fachada",Porcelain,Coralina,Esmalto,Ecoceramic,,Material: Porcelánico | Acabado: Mate | Uso: Pavimento y revestimiento | Espesor: 9 MM | Antideslizante: No | Versión antideslizante disponible: Sí | Tipo de pieza: Baldosa,,
,variation,ESM-CORALINA-PERLA-60X120,Coralina Perla 60X120,1,,visible,,,taxable,,1,,,,28.62,,,,,,,,,,,ECOCERAMIC/CORALINA/ECOCERAMIC_PZ_CORALINA_PERLA_60X120_01.webp,,,ESM-CORALINA,125,Modelo,Coralina,1,1,,Color,Perla,1,1,,Formato,60X120,1,1,,,,,,,,,,,,,,,,,,,,,,,,,,,,,,,,,,,,,,,,,,,,,,,,,,,,,,,,,1.44,28.62,2,36,"51,84",1055,14,60X120,9 MM,Porcelánico,Mate,Pavimento y revestimiento,,No,Sí,,"Interior y exterior: salón, cocina, baño, terraza y fachada",Porcelain,Coralina,Esmalto,Ecoceramic,,Material: Porcelánico | Acabado: Mate | Uso: Pavimento y revestimiento | Espesor: 9 MM | Antideslizante: No | Versión antideslizante disponible: Sí | Tipo de pieza: Baldosa,,
,variation,ESM-CORALINA-BEIGE-60X60,Coralina Beige 60X60,1,,visible,,,taxable,,1,,,,30,,,,,,,,,,,ECOCERAMIC/CORALINA/ECOCERAMIC_PZ_CORALINA_BEIGE_60X60_01.webp,,,ESM-CORALINA,126,Modelo,Coralina,1,1,,Color,Beige,1,1,,Formato,60X60,1,1,,,,,,,,,,,,,,,,,,,,,,,,,,,,,,,,,,,,,,,,,,,,,,,,,,,,,,,,,1.44,30,4,30,"43,20",912,28,60X60,9 MM,Porcelánico,Mate,Pavimento y revestimiento,,No,Sí,,"Interior y exterior: salón, cocina, baño, terraza y fachada",Porcelain,Coralina,Esmalto,Ecoceramic,,Material: Porcelánico | Acabado: Mate | Uso: Pavimento y revestimiento | Espesor: 9 MM | Antideslizante: No | Versión antideslizante disponible: Sí | Tipo de pieza: Baldosa,,
,variation,ESM-CORALINA-BLANCO-60X60,Coralina Blanco 60X60,1,,visible,,,taxable,,1,,,,,,,,,,,,,,,ECOCERAMIC/CORALINA/ECOCERAMIC_PZ_CORALINA_BLANCO_60X60_01.webp,,,ESM-CORALINA,127,Modelo,Coralina,1,1,,Color,Blanco,1,1,,Formato,60X60,1,1,,,,,,,,,,,,,,,,,,,,,,,,,,,,,,,,,,,,,,,,,,,,,,,,,,,,,,,,,,,4,30,"43,20",912,28,60X60,9 MM,,,Pavimento y revestimiento,,,,,"Interior y exterior: salón, cocina, baño, terraza y fachada",Porcelain,Coralina,Esmalto,Ecoceramic,,Uso: Pavimento y revestimiento | Espesor: 9 MM | Tipo de pieza: Baldosa,,
,variation,ESM-CORALINA-PERLA-60X60,Coralina Perla 60X60,1,,visible,,,taxable,,1,,,,30,,,,,,,,,,,ECOCERAMIC/CORALINA/ECOCERAMIC_PZ_CORALINA_PERLA_60X60_01.webp,,,ESM-CORALINA,128,Modelo,Coralina,1,1,,Color,Perla,1,1,,Formato,60X60,1,1,,,,,,,,,,,,,,,,,,,,,,,,,,,,,,,,,,,,,,,,,,,,,,,,,,,,,,,,,1.44,30,4,30,"43,20",912,28,60X60,9 MM,Porcelánico,Mate,Pavimento y revestimiento,,No,Sí,,"Interior y exterior: salón, cocina, baño, terraza y fachada",Porcelain,Coralina,Esmalto,Ecoceramic,,Material: Porcelánico | Acabado: Mate | Uso: Pavimento y revestimiento | Espesor: 9 MM | Antideslizante: No | Versión antideslizante disponible: Sí | Tipo de pieza: Baldosa,,
,variation,ESM-CORALINA-BEIGE-90X90,Coralina Beige 90X90,1,,visible,,,taxable,,1,,,,33,,,,,,,,,,,ECOCERAMIC/CORALINA/ECOCERAMIC_PZ_CORALINA_BEIGE_90X90_01.webp,,,ESM-CORALINA,129,Modelo,Coralina,1,1,,Color,Beige,1,1,,Formato,90X90,1,1,,,,,,,,,,,,,,,,,,,,,,,,,,,,,,,,,,,,,,,,,,,,,,,,,,,,,,,,,1.62,33,2,32,"51,84",1081,7,90X90,9 MM,Porcelánico,Mate,Pavimento y revestimiento,,No,Sí,,"Interior y exterior: salón, cocina, baño, terraza y fachada",Porcelain,Coralina,Esmalto,Ecoceramic,,Material: Porcelánico | Acabado: Mate | Uso: Pavimento y revestimiento | Espesor: 9 MM | Antideslizante: No | Versión antideslizante disponible: Sí | Tipo de pieza: Baldosa,,
,variation,ESM-CORALINA-BLANCO-90X90,Coralina Blanco 90X90,1,,visible,,,taxable,,1,,,,33,,,,,,,,,,,ECOCERAMIC/CORALINA/ECOCERAMIC_PZ_CORALINA_BLANCO_90X90_01.webp,,,ESM-CORALINA,130,Modelo,Coralina,1,1,,Color,Blanco,1,1,,Formato,90X90,1,1,,,,,,,,,,,,,,,,,,,,,,,,,,,,,,,,,,,,,,,,,,,,,,,,,,,,,,,,,1.62,33,2,32,"51,84",1081,7,90X90,9 MM,Porcelánico,Mate,Pavimento y revestimiento,,No,Sí,,"Interior y exterior: salón, cocina, baño, terraza y fachada",Porcelain,Coralina,Esmalto,Ecoceramic,,Material: Porcelánico | Acabado: Mate | Uso: Pavimento y revestimiento | Espesor: 9 MM | Antideslizante: No | Versión antideslizante disponible: Sí | Tipo de pieza: Baldosa,,
,variation,ESM-CORALINA-PERLA-90X90,Coralina Perla 90X90,1,,visible,,,taxable,,1,,,,33,,,,,,,,,,,ECOCERAMIC/CORALINA/ECOCERAMIC_PZ_CORALINA_PERLA_90X90_01.webp,,,ESM-CORALINA,131,Modelo,Coralina,1,1,,Color,Perla,1,1,,Formato,90X90,1,1,,,,,,,,,,,,,,,,,,,,,,,,,,,,,,,,,,,,,,,,,,,,,,,,,,,,,,,,,1.62,33,2,32,"51,84",1081,7,90X90,9 MM,Porcelánico,Mate,Pavimento y revestimiento,,No,Sí,,"Interior y exterior: salón, cocina, baño, terraza y fachada",Porcelain,Coralina,Esmalto,Ecoceramic,,Material: Porcelánico | Acabado: Mate | Uso: Pavimento y revestimiento | Espesor: 9 MM | Antideslizante: No | Versión antideslizante disponible: Sí | Tipo de pieza: Baldosa,,
,variable,ESM-CREMA-MARFIL,Crema Marfil,1,0,visible,"Serie Crema Marfil de Ecoceramic en porcelánico, acabado brillo. 1 color(es) y 1 formato(s).","<p>La serie <strong>Crema Marfil</strong> de Ecoceramic está fabricada en porcelánico con acabado brillo. Se presenta en 1 color(es) y 1 formato(s), con un total de 1 referencias.</p><h3>Características técnicas</h3><ul><li><strong>Material:</strong> Porcelánico</li><li><strong>Acabado:</strong> Brillo</li><li><strong>Uso:</strong> Pavimento y revestimiento</li><li><strong>Espesor:</strong> 9 MM</li><li><strong>Antideslizante:</strong> No</li><li><strong>Versión antideslizante:</strong> No</li><li><strong>Tipo de pieza:</strong> Baldosa</li><li><strong>Familia:</strong> Porcelain</li></ul><p><strong>Colores disponibles:</strong> Crema Marfil.<br><strong>Formatos:</strong> 60X120.</p><p><strong>Espacios recomendados:</strong> Interior y exterior: salón, cocina, baño, terraza y fachada.</p><h3>Datos de embalaje</h3><table><thead><tr><th>Formato</th><th>Pz/caja</th><th>m²/caja</th><th>Kg/caja</th><th>Cajas/palet</th><th>m²/palet</th><th>Kg/palet</th></tr></thead><tbody><tr><td>60.8X60.8</td><td>4</td><td>1,48</td><td>29,90</td><td>30</td><td>44,40</td><td>911</td></tr><tr><td>60X120</td><td>2</td><td>1,44</td><td>28,68</td><td>36</td><td>51,84</td><td>1030,32</td></tr></tbody></table>",taxable,,1,,0,0,,,,,1,,,,Pavimentos y revestimientos > Porcelain > Crema Marfil,"Crema Marfil, Ecoceramic, Esmalto, Porcelain, Crema Marfil, 60X120, Porcelánico",,"ECOCERAMIC/CREMA MARFIL/ECOCERAMIC_AMB_CREMA-MARFIL.webp, ECOCERAMIC/CREMA MARFIL/ECOCERAMIC_AMB_CREMA-MARFIL_02.webp, ECOCERAMIC/CREMA MARFIL/ECOCERAMIC_AMB_CREMA-MARFIL_90X90.webp, ECOCERAMIC/CREMA MARFIL/ECOCERAMIC_AMB_CREMA-MARFIL_V2.webp, ECOCERAMIC/CREMA MARFIL/ECOCERAMIC_PZ_CREMA-MARFIL.webp, ECOCERAMIC/CREMA MARFIL/ECOCERAMIC_PZ_CREMA-MARFIL_60X60.webp, ECOCERAMIC/CREMA MARFIL/ECOCERAMIC_PZ_CREMA-MARFIL_60X60_V2.webp, ECOCERAMIC/CREMA MARFIL/ECOCERAMIC_PZ_CREMA-MARFIL_75X75.webp, ECOCERAMIC/CREMA MARFIL/ECOCERAMIC_PZ_CREMA-MARFIL_90X90.webp, ECOCERAMIC/CREMA MARFIL/ECOCERAMIC_PZ_CREMA-MARFIL_BRILLO.webp, ECOCERAMIC/CREMA MARFIL/ECOCERAMIC_PZ_CREMA-MARFIL_BRILLO_60X120.webp, ECOCERAMIC/CREMA MARFIL/ECOCERAMIC_PZ_CREMA-MARFIL_MATE.webp, ECOCERAMIC/CREMA MARFIL/ECOCERAMIC_PZ_CREMA-MARFIL_MATE_30X60.webp, ECOCERAMIC/CREMA MARFIL/ECOCERAMIC_PZ_CREMA-MARFIL_MATE_45X45.webp, ECOCERAMIC/CREMA MARFIL/ECOCERAMIC_PZ_CREMA-MARFIL_RODAPIE.webp",Ficha técnica Crema Marfil,ECOCERAMIC/CREMA MARFIL/ECOCERAMIC_FICHA_CREMA-MARFIL.jpg,,0,Modelo,Crema Marfil,1,1,,Color,Crema Marfil,1,1,Crema Marfil,Formato,60X120,1,1,,Acabado,Brillo,1,1,,Espesor,9 MM,1,1,,Tipo de pieza,Baldosa,1,1,,Material,Porcelánico,1,1,,Antideslizante,No,1,1,,Versión antideslizante,No,1,1,,Uso,Pavimento y revestimiento,1,1,,,,,,,,,,,,Familia,Porcelain,1,1,,Fabricante,Ecoceramic,1,1,,,,,,,,,,,,,,,,,,"Interior y exterior: salón, cocina, baño, terraza y fachada",Porcelain,Crema Marfil,Esmalto,Ecoceramic,ECOCERAMIC/CREMA MARFIL/ECOCERAMIC_FICHA_CREMA-MARFIL.jpg,Material: Porcelánico | Acabado: Brillo | Uso: Pavimento y revestimiento | Espesor: 9 MM | Antideslizante: No | Versión antideslizante disponible: No | Tipo de pieza: Baldosa,Crema Marfil | Porcelánico Porcelain | Esmalto,"Serie Crema Marfil de Ecoceramic en porcelánico, acabado brillo. 1 color(es) y 1 formato(s)."
,variation,ESM-CREMA-MARFIL-CREMA-MARFIL-60X120-BRI,Crema Marfil Crema Marfil 60X120 Brillo,1,,visible,,,taxable,,1,,,,28.62,,,,,,,,,,,ECOCERAMIC/CREMA MARFIL/ECOCERAMIC_PZ_CREMA-MARFIL_BRILLO_60X120.webp,,,ESM-CREMA-MARFIL,132,Modelo,Crema Marfil,1,1,,Color,Crema Marfil,1,1,,,,,,,,,,,,,,,,,,,,,,,,,,,,,,,,,,,,,,,,,,,,,,,,,,,,,,,,,,,,,,1.44,28.62,2,36,"51,84","1030,32",5,60X120,9 MM,Porcelánico,Brillo,Pavimento y revestimiento,,No,No,,"Interior y exterior: salón, cocina, baño, terraza y fachada",Porcelain,Crema Marfil,Esmalto,Ecoceramic,,Material: Porcelánico | Acabado: Brillo | Uso: Pavimento y revestimiento | Espesor: 9 MM | Antideslizante: No | Versión antideslizante disponible: No | Tipo de pieza: Baldosa,,
,variable,ESM-FIKA,Fika,1,0,visible,"Serie Fika de Ecoceramic en porcelánico, acabado mate. 4 color(es) y 2 formato(s).","<p>La serie <strong>Fika</strong> de Ecoceramic está fabricada en porcelánico con acabado mate. Se presenta en 4 color(es) y 2 formato(s), con un total de 8 referencias.</p><h3>Características técnicas</h3><ul><li><strong>Material:</strong> Porcelánico</li><li><strong>Acabado:</strong> Mate</li><li><strong>Uso:</strong> Pavimento y revestimiento</li><li><strong>Espesor:</strong> 9 MM</li><li><strong>Antideslizante:</strong> No</li><li><strong>Versión antideslizante:</strong> Sí / No</li><li><strong>Tipo de pieza:</strong> Baldosa</li><li><strong>Familia:</strong> Eco Woods</li></ul><p><strong>Colores disponibles:</strong> Haya, Maple, Natural, Taupe.<br><strong>Formatos:</strong> 20X120, 30X180.</p><p><strong>Espacios recomendados:</strong> Interior: salón, dormitorio, cocina y baño; efecto madera.</p><h3>Datos de embalaje</h3><table><thead><tr><th>Formato</th><th>Pz/caja</th><th>m²/caja</th><th>Kg/caja</th><th>Cajas/palet</th><th>m²/palet</th><th>Kg/palet</th></tr></thead><tbody><tr><td>20X120</td><td>7</td><td>1,68</td><td>32</td><td>44</td><td>73,92</td><td>1437</td></tr><tr><td>30X180</td><td>3</td><td>1,62</td><td>40</td><td>30</td><td>48,60</td><td>1260</td></tr></tbody></table>",taxable,,1,,0,0,,,,,1,,,,Pavimentos y revestimientos > Eco Woods > Fika,"Fika, Ecoceramic, Esmalto, Eco Woods, Haya, Maple, Natural, Taupe, 20X120, 30X180, Porcelánico",,"ECOCERAMIC/FIKA/ECOCERAMIC_AMB_FIKA_HAYA_20X120_02.webp, ECOCERAMIC/FIKA/ECOCERAMIC_AMB_FIKA_HAYA_20X120_BATHROOM.webp, ECOCERAMIC/FIKA/ECOCERAMIC_AMB_FIKA_HAYA_30X180_01.webp, ECOCERAMIC/FIKA/ECOCERAMIC_AMB_FIKA_HAYA_30X180_02.webp, ECOCERAMIC/FIKA/ECOCERAMIC_AMB_FIKA_HAYA_30X180_03.webp, ECOCERAMIC/FIKA/ECOCERAMIC_AMB_FIKA_MAPLE_20X120_02.webp, ECOCERAMIC/FIKA/ECOCERAMIC_AMB_FIKA_MAPLE_30X180_01.webp, ECOCERAMIC/FIKA/ECOCERAMIC_AMB_FIKA_MAPLE_30X180_02.webp, ECOCERAMIC/FIKA/ECOCERAMIC_AMB_FIKA_MAPLE_30X180_03.webp, ECOCERAMIC/FIKA/ECOCERAMIC_AMB_FIKA_MAPLE_HUESO_20X120_30X90.webp, ECOCERAMIC/FIKA/ECOCERAMIC_AMB_FIKA_NATURAL_20X120_02.webp, ECOCERAMIC/FIKA/ECOCERAMIC_AMB_FIKA_NATURAL_20X120_120X280_OUTDOOR.webp, ECOCERAMIC/FIKA/ECOCERAMIC_AMB_FIKA_NATURAL_30X180_01.webp, ECOCERAMIC/FIKA/ECOCERAMIC_AMB_FIKA_NATURAL_30X180_02.webp, ECOCERAMIC/FIKA/ECOCERAMIC_AMB_FIKA_NATURAL_30X180_03.webp, ECOCERAMIC/FIKA/ECOCERAMIC_AMB_FIKA_NATURAL_HUESO_20X120_30X90.webp, ECOCERAMIC/FIKA/ECOCERAMIC_AMB_FIKA_TAUPE_20X120_02.webp, ECOCERAMIC/FIKA/ECOCERAMIC_AMB_FIKA_TAUPE_20X120_120X280_OUTDOOR.webp, ECOCERAMIC/FIKA/ECOCERAMIC_AMB_FIKA_TAUPE_30X180_01.webp, ECOCERAMIC/FIKA/ECOCERAMIC_AMB_FIKA_TAUPE_30X180_02.webp, ECOCERAMIC/FIKA/ECOCERAMIC_AMB_FIKA_TAUPE_30X180_03.webp, ECOCERAMIC/FIKA/ECOCERAMIC_PZ_FIKA_HAYA_20X120.webp, ECOCERAMIC/FIKA/ECOCERAMIC_PZ_FIKA_HAYA_30X180.webp, ECOCERAMIC/FIKA/ECOCERAMIC_PZ_FIKA_MAPLE_20X120.webp, ECOCERAMIC/FIKA/ECOCERAMIC_PZ_FIKA_MAPLE_30X180.webp, ECOCERAMIC/FIKA/ECOCERAMIC_PZ_FIKA_NATURAL_20X120.webp, ECOCERAMIC/FIKA/ECOCERAMIC_PZ_FIKA_NATURAL_30X180.webp, ECOCERAMIC/FIKA/ECOCERAMIC_PZ_FIKA_TAUPE_20X120.webp, ECOCERAMIC/FIKA/ECOCERAMIC_PZ_FIKA_TAUPE_30X180.webp, ECOCERAMIC/FIKA/ECOCERAMIC_PZ_FIKA_ZOCALO_HAYA.webp, ECOCERAMIC/FIKA/ECOCERAMIC_PZ_FIKA_ZOCALO_NATURAL.webp, ECOCERAMIC/FIKA/ECOCERAMIC_PZ_FIKA_ZOCALO_TAUPE.webp",Ficha técnica Fika,ECOCERAMIC/FIKA/ECOCERAMIC_FICHA_FIKA.jpg,,0,Modelo,Fika,1,1,,Color,Haya | Maple | Natural | Taupe,1,1,Haya,Formato,20X120 | 30X180,1,1,20X120,Acabado,Mate,1,1,,Espesor,9 MM,1,1,,Tipo de pieza,Baldosa,1,1,,Material,Porcelánico,1,1,,Antideslizante,No,1,1,,Versión antideslizante,Sí | No,1,1,,Uso,Pavimento y revestimiento,1,1,,,,,,,,,,,,Familia,Eco Woods,1,1,,Fabricante,Ecoceramic,1,1,,,,,,,,,,,,,,,,,,"Interior: salón, dormitorio, cocina y baño; efecto madera",Eco Woods,Fika,Esmalto,Ecoceramic,ECOCERAMIC/FIKA/ECOCERAMIC_FICHA_FIKA.jpg,Material: Porcelánico | Acabado: Mate | Uso: Pavimento y revestimiento | Espesor: 9 MM | Antideslizante: No | Versión antideslizante disponible: Sí | Tipo de pieza: Baldosa,Fika | Porcelánico Eco Woods | Esmalto,"Serie Fika de Ecoceramic en porcelánico, acabado mate. 4 color(es) y 2 formato(s)."
,variation,ESM-FIKA-HAYA-20X120,Fika Haya 20X120,1,,visible,,,taxable,,1,,,,32,,,,,,,,,,,ECOCERAMIC/FIKA/ECOCERAMIC_PZ_FIKA_HAYA_20X120.webp,,,ESM-FIKA,133,Modelo,Fika,1,1,,Color,Haya,1,1,,Formato,20X120,1,1,,,,,,,,,,,,,,,,,,,,,,,,,,,,,,,,,,,,,,,,,,,,,,,,,,,,,,,,,1.68,32,7,44,"73,92",1437,15,20X120,9 MM,Porcelánico,Mate,Pavimento y revestimiento,,No,Sí,,"Interior: salón, dormitorio, cocina y baño; efecto madera",Eco Woods,Fika,Esmalto,Ecoceramic,,Material: Porcelánico | Acabado: Mate | Uso: Pavimento y revestimiento | Espesor: 9 MM | Antideslizante: No | Versión antideslizante disponible: Sí | Tipo de pieza: Baldosa,,
,variation,ESM-FIKA-MAPLE-20X120,Fika Maple 20X120,1,,visible,,,taxable,,1,,,,32,,,,,,,,,,,ECOCERAMIC/FIKA/ECOCERAMIC_PZ_FIKA_MAPLE_20X120.webp,,,ESM-FIKA,134,Modelo,Fika,1,1,,Color,Maple,1,1,,Formato,20X120,1,1,,,,,,,,,,,,,,,,,,,,,,,,,,,,,,,,,,,,,,,,,,,,,,,,,,,,,,,,,1.68,32,7,44,"73,92",1437,15,20X120,9 MM,Porcelánico,Mate,Pavimento y revestimiento,,No,Sí,,"Interior: salón, dormitorio, cocina y baño; efecto madera",Eco Woods,Fika,Esmalto,Ecoceramic,,Material: Porcelánico | Acabado: Mate | Uso: Pavimento y revestimiento | Espesor: 9 MM | Antideslizante: No | Versión antideslizante disponible: Sí | Tipo de pieza: Baldosa,,
,variation,ESM-FIKA-NATURAL-20X120,Fika Natural 20X120,1,,visible,,,taxable,,1,,,,32,,,,,,,,,,,ECOCERAMIC/FIKA/ECOCERAMIC_PZ_FIKA_NATURAL_20X120.webp,,,ESM-FIKA,135,Modelo,Fika,1,1,,Color,Natural,1,1,,Formato,20X120,1,1,,,,,,,,,,,,,,,,,,,,,,,,,,,,,,,,,,,,,,,,,,,,,,,,,,,,,,,,,1.68,32,7,44,"73,92",1437,15,20X120,9 MM,Porcelánico,Mate,Pavimento y revestimiento,,No,Sí,,"Interior: salón, dormitorio, cocina y baño; efecto madera",Eco Woods,Fika,Esmalto,Ecoceramic,,Material: Porcelánico | Acabado: Mate | Uso: Pavimento y revestimiento | Espesor: 9 MM | Antideslizante: No | Versión antideslizante disponible: Sí | Tipo de pieza: Baldosa,,
,variation,ESM-FIKA-TAUPE-20X120,Fika Taupe 20X120,1,,visible,,,taxable,,1,,,,32,,,,,,,,,,,ECOCERAMIC/FIKA/ECOCERAMIC_PZ_FIKA_TAUPE_20X120.webp,,,ESM-FIKA,136,Modelo,Fika,1,1,,Color,Taupe,1,1,,Formato,20X120,1,1,,,,,,,,,,,,,,,,,,,,,,,,,,,,,,,,,,,,,,,,,,,,,,,,,,,,,,,,,1.68,32,7,44,"73,92",1437,15,20X120,9 MM,Porcelánico,Mate,Pavimento y revestimiento,,No,Sí,,"Interior: salón, dormitorio, cocina y baño; efecto madera",Eco Woods,Fika,Esmalto,Ecoceramic,,Material: Porcelánico | Acabado: Mate | Uso: Pavimento y revestimiento | Espesor: 9 MM | Antideslizante: No | Versión antideslizante disponible: Sí | Tipo de pieza: Baldosa,,
,variation,ESM-FIKA-HAYA-30X180,Fika Haya 30X180,1,,visible,,,taxable,,1,,,,40,,,,,,,,,,,ECOCERAMIC/FIKA/ECOCERAMIC_PZ_FIKA_HAYA_30X180.webp,,,ESM-FIKA,137,Modelo,Fika,1,1,,Color,Haya,1,1,,Formato,30X180,1,1,,,,,,,,,,,,,,,,,,,,,,,,,,,,,,,,,,,,,,,,,,,,,,,,,,,,,,,,,1.62,40,3,30,"48,60",1260,15,30X180,9 MM,Porcelánico,Mate,Pavimento y revestimiento,,No,No,,"Interior: salón, dormitorio, cocina y baño; efecto madera",Eco Woods,Fika,Esmalto,Ecoceramic,,Material: Porcelánico | Acabado: Mate | Uso: Pavimento y revestimiento | Espesor: 9 MM | Antideslizante: No | Versión antideslizante disponible: No | Tipo de pieza: Baldosa,,
,variation,ESM-FIKA-MAPLE-30X180,Fika Maple 30X180,1,,visible,,,taxable,,1,,,,40,,,,,,,,,,,ECOCERAMIC/FIKA/ECOCERAMIC_PZ_FIKA_MAPLE_30X180.webp,,,ESM-FIKA,138,Modelo,Fika,1,1,,Color,Maple,1,1,,Formato,30X180,1,1,,,,,,,,,,,,,,,,,,,,,,,,,,,,,,,,,,,,,,,,,,,,,,,,,,,,,,,,,1.62,40,3,30,"48,60",1260,15,30X180,9 MM,Porcelánico,Mate,Pavimento y revestimiento,,No,No,,"Interior: salón, dormitorio, cocina y baño; efecto madera",Eco Woods,Fika,Esmalto,Ecoceramic,,Material: Porcelánico | Acabado: Mate | Uso: Pavimento y revestimiento | Espesor: 9 MM | Antideslizante: No | Versión antideslizante disponible: No | Tipo de pieza: Baldosa,,
,variation,ESM-FIKA-NATURAL-30X180,Fika Natural 30X180,1,,visible,,,taxable,,1,,,,40,,,,,,,,,,,ECOCERAMIC/FIKA/ECOCERAMIC_PZ_FIKA_NATURAL_30X180.webp,,,ESM-FIKA,139,Modelo,Fika,1,1,,Color,Natural,1,1,,Formato,30X180,1,1,,,,,,,,,,,,,,,,,,,,,,,,,,,,,,,,,,,,,,,,,,,,,,,,,,,,,,,,,1.62,40,3,30,"48,60",1260,15,30X180,9 MM,Porcelánico,Mate,Pavimento y revestimiento,,No,No,,"Interior: salón, dormitorio, cocina y baño; efecto madera",Eco Woods,Fika,Esmalto,Ecoceramic,,Material: Porcelánico | Acabado: Mate | Uso: Pavimento y revestimiento | Espesor: 9 MM | Antideslizante: No | Versión antideslizante disponible: No | Tipo de pieza: Baldosa,,
,variation,ESM-FIKA-TAUPE-30X180,Fika Taupe 30X180,1,,visible,,,taxable,,1,,,,40,,,,,,,,,,,ECOCERAMIC/FIKA/ECOCERAMIC_PZ_FIKA_TAUPE_30X180.webp,,,ESM-FIKA,140,Modelo,Fika,1,1,,Color,Taupe,1,1,,Formato,30X180,1,1,,,,,,,,,,,,,,,,,,,,,,,,,,,,,,,,,,,,,,,,,,,,,,,,,,,,,,,,,1.62,40,3,30,"48,60",1260,15,30X180,9 MM,Porcelánico,Mate,Pavimento y revestimiento,,No,No,,"Interior: salón, dormitorio, cocina y baño; efecto madera",Eco Woods,Fika,Esmalto,Ecoceramic,,Material: Porcelánico | Acabado: Mate | Uso: Pavimento y revestimiento | Espesor: 9 MM | Antideslizante: No | Versión antideslizante disponible: No | Tipo de pieza: Baldosa,,
,variable,ESM-HARPER,Harper,1,0,visible,"Serie Harper de Ecoceramic en porcelánico, acabado mate. 3 color(es) y 2 formato(s).","<p>La serie <strong>Harper</strong> de Ecoceramic está fabricada en porcelánico con acabado mate. Se presenta en 3 color(es) y 2 formato(s), con un total de 6 referencias.</p><h3>Características técnicas</h3><ul><li><strong>Material:</strong> Porcelánico</li><li><strong>Acabado:</strong> Mate</li><li><strong>Uso:</strong> Pavimento y revestimiento</li><li><strong>Espesor:</strong> 9 MM</li><li><strong>Antideslizante:</strong> No</li><li><strong>Versión antideslizante:</strong> No</li><li><strong>Tipo de pieza:</strong> Baldosa</li><li><strong>Familia:</strong> Eco Woods</li></ul><p><strong>Colores disponibles:</strong> Haya, Natural, Taupe.<br><strong>Formatos:</strong> 20X120, 25X150.</p><p><strong>Espacios recomendados:</strong> Interior: salón, dormitorio, cocina y baño; efecto madera.</p><h3>Datos de embalaje</h3><table><thead><tr><th>Formato</th><th>Pz/caja</th><th>m²/caja</th><th>Kg/caja</th><th>Cajas/palet</th><th>m²/palet</th><th>Kg/palet</th></tr></thead><tbody><tr><td>20X120</td><td>7</td><td>1,68</td><td>32</td><td>44</td><td>73,92</td><td>1437</td></tr><tr><td>25X150</td><td>4</td><td>1,50</td><td>35</td><td>40</td><td>60</td><td>1464</td></tr></tbody></table>",taxable,,1,,0,0,,,,,1,,,,Pavimentos y revestimientos > Eco Woods > Harper,"Harper, Ecoceramic, Esmalto, Eco Woods, Haya, Natural, Taupe, 20X120, 25X150, Porcelánico",,"ECOCERAMIC/HARPER/ECOCERAMIC_AMB_HARPER_HAYA_20X120.webp, ECOCERAMIC/HARPER/ECOCERAMIC_AMB_HARPER_HAYA_20X120_120X280.webp, ECOCERAMIC/HARPER/ECOCERAMIC_AMB_HARPER_HAYA_20X120_DETALLE.webp, ECOCERAMIC/HARPER/ECOCERAMIC_AMB_HARPER_HAYA_SAND_20X120_120X120.webp, ECOCERAMIC/HARPER/ECOCERAMIC_AMB_HARPER_NATURAL_20X120.webp, ECOCERAMIC/HARPER/ECOCERAMIC_AMB_HARPER_NATURAL_20X120_DETALLE.webp, ECOCERAMIC/HARPER/ECOCERAMIC_AMB_HARPER_NATURAL_SAND_20X120_120X120.webp, ECOCERAMIC/HARPER/ECOCERAMIC_AMB_HARPER_TAUPE_20X120.webp, ECOCERAMIC/HARPER/ECOCERAMIC_AMB_HARPER_TAUPE_20X120_DETALLE.webp, ECOCERAMIC/HARPER/ECOCERAMIC_AMB_HARPER_TAUPE_SAND_20X120_120X120.webp, ECOCERAMIC/HARPER/ECOCERAMIC_PZ_HARPER_HAYA_20X120.webp, ECOCERAMIC/HARPER/ECOCERAMIC_PZ_HARPER_NATURAL_20X120.webp, ECOCERAMIC/HARPER/ECOCERAMIC_PZ_HARPER_TAUPE_20X120.webp",Ficha técnica Harper,ECOCERAMIC/HARPER/ECOCERAMIC_FICHA_HARPER.jpg,,0,Modelo,Harper,1,1,,Color,Haya | Natural | Taupe,1,1,Haya,Formato,20X120 | 25X150,1,1,20X120,Acabado,Mate,1,1,,Espesor,9 MM,1,1,,Tipo de pieza,Baldosa,1,1,,Material,Porcelánico,1,1,,Antideslizante,No,1,1,,Versión antideslizante,No,1,1,,Uso,Pavimento y revestimiento,1,1,,,,,,,,,,,,Familia,Eco Woods,1,1,,Fabricante,Ecoceramic,1,1,,,,,,,,,,,,,,,,,,"Interior: salón, dormitorio, cocina y baño; efecto madera",Eco Woods,Harper,Esmalto,Ecoceramic,ECOCERAMIC/HARPER/ECOCERAMIC_FICHA_HARPER.jpg,Material: Porcelánico | Acabado: Mate | Uso: Pavimento y revestimiento | Espesor: 9 MM | Antideslizante: No | Versión antideslizante disponible: No | Tipo de pieza: Baldosa,Harper | Porcelánico Eco Woods | Esmalto,"Serie Harper de Ecoceramic en porcelánico, acabado mate. 3 color(es) y 2 formato(s)."
,variation,ESM-HARPER-HAYA-20X120,Harper Haya 20X120,1,,visible,,,taxable,,1,,,,32,,,,,,,,,,,ECOCERAMIC/HARPER/ECOCERAMIC_PZ_HARPER_HAYA_20X120.webp,,,ESM-HARPER,141,Modelo,Harper,1,1,,Color,Haya,1,1,,Formato,20X120,1,1,,,,,,,,,,,,,,,,,,,,,,,,,,,,,,,,,,,,,,,,,,,,,,,,,,,,,,,,,1.68,32,7,44,"73,92",1437,21,20X120,9 MM,Porcelánico,Mate,Pavimento y revestimiento,,No,No,,"Interior: salón, dormitorio, cocina y baño; efecto madera",Eco Woods,Harper,Esmalto,Ecoceramic,,Material: Porcelánico | Acabado: Mate | Uso: Pavimento y revestimiento | Espesor: 9 MM | Antideslizante: No | Versión antideslizante disponible: No | Tipo de pieza: Baldosa,,
,variation,ESM-HARPER-NATURAL-20X120,Harper Natural 20X120,1,,visible,,,taxable,,1,,,,32,,,,,,,,,,,ECOCERAMIC/HARPER/ECOCERAMIC_PZ_HARPER_NATURAL_20X120.webp,,,ESM-HARPER,142,Modelo,Harper,1,1,,Color,Natural,1,1,,Formato,20X120,1,1,,,,,,,,,,,,,,,,,,,,,,,,,,,,,,,,,,,,,,,,,,,,,,,,,,,,,,,,,1.68,32,7,44,"73,92",1437,21,20X120,9 MM,Porcelánico,Mate,Pavimento y revestimiento,,No,No,,"Interior: salón, dormitorio, cocina y baño; efecto madera",Eco Woods,Harper,Esmalto,Ecoceramic,,Material: Porcelánico | Acabado: Mate | Uso: Pavimento y revestimiento | Espesor: 9 MM | Antideslizante: No | Versión antideslizante disponible: No | Tipo de pieza: Baldosa,,
,variation,ESM-HARPER-TAUPE-20X120,Harper Taupe 20X120,1,,visible,,,taxable,,1,,,,32,,,,,,,,,,,ECOCERAMIC/HARPER/ECOCERAMIC_PZ_HARPER_TAUPE_20X120.webp,,,ESM-HARPER,143,Modelo,Harper,1,1,,Color,Taupe,1,1,,Formato,20X120,1,1,,,,,,,,,,,,,,,,,,,,,,,,,,,,,,,,,,,,,,,,,,,,,,,,,,,,,,,,,1.68,32,7,44,"73,92",1437,21,20X120,9 MM,Porcelánico,Mate,Pavimento y revestimiento,,No,No,,"Interior: salón, dormitorio, cocina y baño; efecto madera",Eco Woods,Harper,Esmalto,Ecoceramic,,Material: Porcelánico | Acabado: Mate | Uso: Pavimento y revestimiento | Espesor: 9 MM | Antideslizante: No | Versión antideslizante disponible: No | Tipo de pieza: Baldosa,,
,variation,ESM-HARPER-HAYA-25X150,Harper Haya 25X150,1,,visible,,,taxable,,1,,,,35,,,,,,,,,,,ECOCERAMIC/HARPER/ECOCERAMIC_PZ_HARPER_HAYA_20X120.webp,,,ESM-HARPER,144,Modelo,Harper,1,1,,Color,Haya,1,1,,Formato,25X150,1,1,,,,,,,,,,,,,,,,,,,,,,,,,,,,,,,,,,,,,,,,,,,,,,,,,,,,,,,,,1.5,35,4,40,60,1464,21,25X150,9 MM,Porcelánico,Mate,Pavimento y revestimiento,,No,No,,"Interior: salón, dormitorio, cocina y baño; efecto madera",Eco Woods,Harper,Esmalto,Ecoceramic,,Material: Porcelánico | Acabado: Mate | Uso: Pavimento y revestimiento | Espesor: 9 MM | Antideslizante: No | Versión antideslizante disponible: No | Tipo de pieza: Baldosa,,
,variation,ESM-HARPER-NATURAL-25X150,Harper Natural 25X150,1,,visible,,,taxable,,1,,,,35,,,,,,,,,,,ECOCERAMIC/HARPER/ECOCERAMIC_PZ_HARPER_NATURAL_20X120.webp,,,ESM-HARPER,145,Modelo,Harper,1,1,,Color,Natural,1,1,,Formato,25X150,1,1,,,,,,,,,,,,,,,,,,,,,,,,,,,,,,,,,,,,,,,,,,,,,,,,,,,,,,,,,1.5,35,4,40,60,1464,21,25X150,9 MM,Porcelánico,Mate,Pavimento y revestimiento,,No,No,,"Interior: salón, dormitorio, cocina y baño; efecto madera",Eco Woods,Harper,Esmalto,Ecoceramic,,Material: Porcelánico | Acabado: Mate | Uso: Pavimento y revestimiento | Espesor: 9 MM | Antideslizante: No | Versión antideslizante disponible: No | Tipo de pieza: Baldosa,,
,variation,ESM-HARPER-TAUPE-25X150,Harper Taupe 25X150,1,,visible,,,taxable,,1,,,,35,,,,,,,,,,,ECOCERAMIC/HARPER/ECOCERAMIC_PZ_HARPER_TAUPE_20X120.webp,,,ESM-HARPER,146,Modelo,Harper,1,1,,Color,Taupe,1,1,,Formato,25X150,1,1,,,,,,,,,,,,,,,,,,,,,,,,,,,,,,,,,,,,,,,,,,,,,,,,,,,,,,,,,1.5,35,4,40,60,1464,21,25X150,9 MM,Porcelánico,Mate,Pavimento y revestimiento,,No,No,,"Interior: salón, dormitorio, cocina y baño; efecto madera",Eco Woods,Harper,Esmalto,Ecoceramic,,Material: Porcelánico | Acabado: Mate | Uso: Pavimento y revestimiento | Espesor: 9 MM | Antideslizante: No | Versión antideslizante disponible: No | Tipo de pieza: Baldosa,,
,variable,ESM-HELSINKI,Helsinki,1,0,visible,"Serie Helsinki de Ecoceramic en porcelánico, acabado mate. 7 color(es) y 3 formato(s).","<p>La serie <strong>Helsinki</strong> de Ecoceramic está fabricada en porcelánico con acabado mate. Se presenta en 7 color(es) y 3 formato(s), con un total de 18 referencias.</p><h3>Características técnicas</h3><ul><li><strong>Material:</strong> Porcelánico</li><li><strong>Acabado:</strong> Mate</li><li><strong>Uso:</strong> Pavimento y revestimiento</li><li><strong>Espesor:</strong> 9 MM</li><li><strong>Antideslizante:</strong> No</li><li><strong>Versión antideslizante:</strong> No / Sí</li><li><strong>Tipo de pieza:</strong> Baldosa</li><li><strong>Familia:</strong> Eco Woods</li></ul><p><strong>Colores disponibles:</strong> Haya, Natural, Taupe, Encina, Blanco, Perla, Gris.<br><strong>Formatos:</strong> 20X120, 25X150, 60X120.</p><p><strong>Espacios recomendados:</strong> Interior: salón, dormitorio, cocina y baño; efecto madera.</p><h3>Datos de embalaje</h3><table><thead><tr><th>Formato</th><th>Pz/caja</th><th>m²/caja</th><th>Kg/caja</th><th>Cajas/palet</th><th>m²/palet</th><th>Kg/palet</th></tr></thead><tbody><tr><td>20X120</td><td>7</td><td>1,68</td><td>32</td><td>44</td><td>73,92</td><td>1437</td></tr><tr><td>25X150</td><td>4</td><td>1,50</td><td>35</td><td>40</td><td>60</td><td>1464</td></tr></tbody></table>",taxable,,1,,0,0,,,,,1,,,,Pavimentos y revestimientos > Eco Woods > Helsinki,"Helsinki, Ecoceramic, Esmalto, Eco Woods, Haya, Natural, Taupe, Encina, Blanco, Perla, Gris, 20X120, 25X150, 60X120, Porcelánico",,"ECOCERAMIC/HELSINKI/ECOCERAMIC_AMB_ARENISCA-POR_PERLA.webp, ECOCERAMIC/HELSINKI/ECOCERAMIC_AMB_HELSINKI.webp, ECOCERAMIC/HELSINKI/ECOCERAMIC_AMB_HELSINKI_120X120_60X120_LIVING.webp, ECOCERAMIC/HELSINKI/ECOCERAMIC_AMB_HELSINKI_60X120_20X120.webp, ECOCERAMIC/HELSINKI/ECOCERAMIC_AMB_HELSINKI_BLANCO.webp, ECOCERAMIC/HELSINKI/ECOCERAMIC_AMB_HELSINKI_BLANCO_TAUPE_FACHADA.webp, ECOCERAMIC/HELSINKI/ECOCERAMIC_AMB_HELSINKI_ENCINA_BEDROOM.webp, ECOCERAMIC/HELSINKI/ECOCERAMIC_AMB_HELSINKI_GRIS_BEDROOM.webp, ECOCERAMIC/HELSINKI/ECOCERAMIC_AMB_HELSINKI_HAYA.webp, ECOCERAMIC/HELSINKI/ECOCERAMIC_AMB_HELSINKI_HAYA_BATHROOM.webp, ECOCERAMIC/HELSINKI/ECOCERAMIC_AMB_HELSINKI_LIVING.webp, ECOCERAMIC/HELSINKI/ECOCERAMIC_AMB_HELSINKI_MALLA-RQ_TAUPE_20X120.webp, ECOCERAMIC/HELSINKI/ECOCERAMIC_AMB_HELSINKI_MALLA-RQ_TAUPE_DETALLE.webp, ECOCERAMIC/HELSINKI/ECOCERAMIC_AMB_HELSINKI_PERLA.webp, ECOCERAMIC/HELSINKI/ECOCERAMIC_AMB_HELSINKI_PERLA_BEDROOM.webp, ECOCERAMIC/HELSINKI/ECOCERAMIC_AMB_HELSINKI_POLISHED_120X280_120X120_KITCHEN.webp, ECOCERAMIC/HELSINKI/ECOCERAMIC_AMB_HELSINKI_RLV_HAYA_60X120_120X120_03.webp, ECOCERAMIC/HELSINKI/ECOCERAMIC_AMB_HELSINKI_RLV_HAYA_60X120_20X120_01.webp, ECOCERAMIC/HELSINKI/ECOCERAMIC_AMB_HELSINKI_RLV_HAYA_60X120_20X120_02.webp, ECOCERAMIC/HELSINKI/ECOCERAMIC_AMB_HELSINKI_RLV_NATURAL_60X120_120X120_03.webp, ECOCERAMIC/HELSINKI/ECOCERAMIC_AMB_HELSINKI_RLV_NATURAL_60X120_20X120_01.webp, ECOCERAMIC/HELSINKI/ECOCERAMIC_AMB_HELSINKI_RLV_NATURAL_60X120_20X120_02.webp, ECOCERAMIC/HELSINKI/ECOCERAMIC_AMB_HELSINKI_RLV_PERLA_60X120_120X120_03.webp, ECOCERAMIC/HELSINKI/ECOCERAMIC_AMB_HELSINKI_RLV_PERLA_GRIS_60X120_20X120_01.webp, ECOCERAMIC/HELSINKI/ECOCERAMIC_AMB_HELSINKI_RLV_PERLA_GRIS_60X120_20X120_02.webp, ECOCERAMIC/HELSINKI/ECOCERAMIC_AMB_HELSINKI_RLV_TAUPE_60X120_120X120_03.webp, ECOCERAMIC/HELSINKI/ECOCERAMIC_AMB_HELSINKI_RLV_TAUPE_60X120_20X120_01.webp, ECOCERAMIC/HELSINKI/ECOCERAMIC_AMB_HELSINKI_RLV_TAUPE_60X120_20X120_02.webp, ECOCERAMIC/HELSINKI/ECOCERAMIC_AMB_HELSINKI_TAUPE.webp, ECOCERAMIC/HELSINKI/ECOCERAMIC_AMB_HELSINKI_V2.webp, ECOCERAMIC/HELSINKI/ECOCERAMIC_PZ_HELSINKI_BLANCO_20X120.webp, ECOCERAMIC/HELSINKI/ECOCERAMIC_PZ_HELSINKI_ENCINA_20X120.webp, ECOCERAMIC/HELSINKI/ECOCERAMIC_PZ_HELSINKI_GRIS_20X120.webp, ECOCERAMIC/HELSINKI/ECOCERAMIC_PZ_HELSINKI_HAYA_20X120.webp, ECOCERAMIC/HELSINKI/ECOCERAMIC_PZ_HELSINKI_NATURAL_20X120.webp, ECOCERAMIC/HELSINKI/ECOCERAMIC_PZ_HELSINKI_PERLA_20X120.webp, ECOCERAMIC/HELSINKI/ECOCERAMIC_PZ_HELSINKI_RLV_HAYA_60X120.webp, ECOCERAMIC/HELSINKI/ECOCERAMIC_PZ_HELSINKI_RLV_NATURAL_60X120.webp, ECOCERAMIC/HELSINKI/ECOCERAMIC_PZ_HELSINKI_RLV_PERLA_60X120.webp, ECOCERAMIC/HELSINKI/ECOCERAMIC_PZ_HELSINKI_RLV_TAUPE_60X120.webp, ECOCERAMIC/HELSINKI/ECOCERAMIC_PZ_HELSINKI_TAUPE_20X120.webp, ECOCERAMIC/HELSINKI/PELDANO/ECOCERAMIC_PZ_HELSINKI_PELDANO-EXTRUSIONADO_GRIS_32X120.webp, ECOCERAMIC/HELSINKI/PELDANO/ECOCERAMIC_PZ_HELSINKI_PELDANO-EXTRUSIONADO_NATURAL_32X120.webp",Ficha técnica Helsinki,ECOCERAMIC/HELSINKI/ECOCERAMIC_FICHA_HELSINKI.jpg,,0,Modelo,Helsinki,1,1,,Color,Haya | Natural | Taupe | Encina | Blanco | Perla | Gris,1,1,Haya,Formato,20X120 | 25X150 | 60X120,1,1,20X120,Acabado,Mate,1,1,,Espesor,9 MM,1,1,,Tipo de pieza,Baldosa,1,1,,Material,Porcelánico,1,1,,Antideslizante,No,1,1,,Versión antideslizante,No | Sí,1,1,,Uso,Pavimento y revestimiento,1,1,,,,,,,,,,,,Familia,Eco Woods,1,1,,Fabricante,Ecoceramic,1,1,,,,,,,,,,,,,,,,,,"Interior: salón, dormitorio, cocina y baño; efecto madera",Eco Woods,Helsinki,Esmalto,Ecoceramic,ECOCERAMIC/HELSINKI/ECOCERAMIC_FICHA_HELSINKI.jpg,Material: Porcelánico | Acabado: Mate | Uso: Pavimento y revestimiento | Espesor: 9 MM | Antideslizante: No | Versión antideslizante disponible: No | Tipo de pieza: Baldosa,Helsinki | Porcelánico Eco Woods | Esmalto,"Serie Helsinki de Ecoceramic en porcelánico, acabado mate. 7 color(es) y 3 formato(s)."
,variation,ESM-HELSINKI-BLANCO-20X120,Helsinki Blanco 20X120,1,,visible,,,taxable,,1,,,,32,,,,,,,,,,,ECOCERAMIC/HELSINKI/ECOCERAMIC_PZ_HELSINKI_BLANCO_20X120.webp,,,ESM-HELSINKI,147,Modelo,Helsinki,1,1,,Color,Blanco,1,1,,Formato,20X120,1,1,,,,,,,,,,,,,,,,,,,,,,,,,,,,,,,,,,,,,,,,,,,,,,,,,,,,,,,,,1.68,32,7,44,"73,92",1437,33,20X120,9 MM,Porcelánico,Mate,Pavimento y revestimiento,,No,No,,"Interior: salón, dormitorio, cocina y baño; efecto madera",Eco Woods,Helsinki,Esmalto,Ecoceramic,,Material: Porcelánico | Acabado: Mate | Uso: Pavimento y revestimiento | Espesor: 9 MM | Antideslizante: No | Versión antideslizante disponible: No | Tipo de pieza: Baldosa,,
,variation,ESM-HELSINKI-ENCINA-20X120,Helsinki Encina 20X120,1,,visible,,,taxable,,1,,,,32,,,,,,,,,,,ECOCERAMIC/HELSINKI/ECOCERAMIC_PZ_HELSINKI_ENCINA_20X120.webp,,,ESM-HELSINKI,148,Modelo,Helsinki,1,1,,Color,Encina,1,1,,Formato,20X120,1,1,,,,,,,,,,,,,,,,,,,,,,,,,,,,,,,,,,,,,,,,,,,,,,,,,,,,,,,,,1.68,32,7,44,"73,92",1437,33,20X120,9 MM,Porcelánico,Mate,Pavimento y revestimiento,,No,No,,"Interior: salón, dormitorio, cocina y baño; efecto madera",Eco Woods,Helsinki,Esmalto,Ecoceramic,,Material: Porcelánico | Acabado: Mate | Uso: Pavimento y revestimiento | Espesor: 9 MM | Antideslizante: No | Versión antideslizante disponible: No | Tipo de pieza: Baldosa,,
,variation,ESM-HELSINKI-GRIS-20X120,Helsinki Gris 20X120,1,,visible,,,taxable,,1,,,,32,,,,,,,,,,,ECOCERAMIC/HELSINKI/ECOCERAMIC_PZ_HELSINKI_GRIS_20X120.webp,,,ESM-HELSINKI,149,Modelo,Helsinki,1,1,,Color,Gris,1,1,,Formato,20X120,1,1,,,,,,,,,,,,,,,,,,,,,,,,,,,,,,,,,,,,,,,,,,,,,,,,,,,,,,,,,1.68,32,7,44,"73,92",1437,33,20X120,9 MM,Porcelánico,Mate,Pavimento y revestimiento,,No,Sí,,"Interior: salón, dormitorio, cocina y baño; efecto madera",Eco Woods,Helsinki,Esmalto,Ecoceramic,,Material: Porcelánico | Acabado: Mate | Uso: Pavimento y revestimiento | Espesor: 9 MM | Antideslizante: No | Versión antideslizante disponible: Sí | Tipo de pieza: Baldosa,,
,variation,ESM-HELSINKI-HAYA-20X120,Helsinki Haya 20X120,1,,visible,,,taxable,,1,,,,32,,,,,,,,,,,ECOCERAMIC/HELSINKI/ECOCERAMIC_PZ_HELSINKI_HAYA_20X120.webp,,,ESM-HELSINKI,150,Modelo,Helsinki,1,1,,Color,Haya,1,1,,Formato,20X120,1,1,,,,,,,,,,,,,,,,,,,,,,,,,,,,,,,,,,,,,,,,,,,,,,,,,,,,,,,,,1.68,32,7,44,"73,92",1437,33,20X120,9 MM,Porcelánico,Mate,Pavimento y revestimiento,,No,No,,"Interior: salón, dormitorio, cocina y baño; efecto madera",Eco Woods,Helsinki,Esmalto,Ecoceramic,,Material: Porcelánico | Acabado: Mate | Uso: Pavimento y revestimiento | Espesor: 9 MM | Antideslizante: No | Versión antideslizante disponible: No | Tipo de pieza: Baldosa,,
,variation,ESM-HELSINKI-NATURAL-20X120,Helsinki Natural 20X120,1,,visible,,,taxable,,1,,,,32,,,,,,,,,,,ECOCERAMIC/HELSINKI/ECOCERAMIC_PZ_HELSINKI_NATURAL_20X120.webp,,,ESM-HELSINKI,151,Modelo,Helsinki,1,1,,Color,Natural,1,1,,Formato,20X120,1,1,,,,,,,,,,,,,,,,,,,,,,,,,,,,,,,,,,,,,,,,,,,,,,,,,,,,,,,,,1.68,32,7,44,"73,92",1437,33,20X120,9 MM,Porcelánico,Mate,Pavimento y revestimiento,,No,Sí,,"Interior: salón, dormitorio, cocina y baño; efecto madera",Eco Woods,Helsinki,Esmalto,Ecoceramic,,Material: Porcelánico | Acabado: Mate | Uso: Pavimento y revestimiento | Espesor: 9 MM | Antideslizante: No | Versión antideslizante disponible: Sí | Tipo de pieza: Baldosa,,
,variation,ESM-HELSINKI-PERLA-20X120,Helsinki Perla 20X120,1,,visible,,,taxable,,1,,,,32,,,,,,,,,,,ECOCERAMIC/HELSINKI/ECOCERAMIC_PZ_HELSINKI_PERLA_20X120.webp,,,ESM-HELSINKI,152,Modelo,Helsinki,1,1,,Color,Perla,1,1,,Formato,20X120,1,1,,,,,,,,,,,,,,,,,,,,,,,,,,,,,,,,,,,,,,,,,,,,,,,,,,,,,,,,,1.68,32,7,44,"73,92",1437,33,20X120,9 MM,Porcelánico,Mate,Pavimento y revestimiento,,No,No,,"Interior: salón, dormitorio, cocina y baño; efecto madera",Eco Woods,Helsinki,Esmalto,Ecoceramic,,Material: Porcelánico | Acabado: Mate | Uso: Pavimento y revestimiento | Espesor: 9 MM | Antideslizante: No | Versión antideslizante disponible: No | Tipo de pieza: Baldosa,,
,variation,ESM-HELSINKI-TAUPE-20X120,Helsinki Taupe 20X120,1,,visible,,,taxable,,1,,,,32,,,,,,,,,,,ECOCERAMIC/HELSINKI/ECOCERAMIC_PZ_HELSINKI_TAUPE_20X120.webp,,,ESM-HELSINKI,153,Modelo,Helsinki,1,1,,Color,Taupe,1,1,,Formato,20X120,1,1,,,,,,,,,,,,,,,,,,,,,,,,,,,,,,,,,,,,,,,,,,,,,,,,,,,,,,,,,1.68,32,7,44,"73,92",1437,33,20X120,9 MM,Porcelánico,Mate,Pavimento y revestimiento,,No,Sí,,"Interior: salón, dormitorio, cocina y baño; efecto madera",Eco Woods,Helsinki,Esmalto,Ecoceramic,,Material: Porcelánico | Acabado: Mate | Uso: Pavimento y revestimiento | Espesor: 9 MM | Antideslizante: No | Versión antideslizante disponible: Sí | Tipo de pieza: Baldosa,,
,variation,ESM-HELSINKI-BLANCO-25X150,Helsinki Blanco 25X150,1,,visible,,,taxable,,1,,,,35,,,,,,,,,,,ECOCERAMIC/HELSINKI/ECOCERAMIC_PZ_HELSINKI_BLANCO_20X120.webp,,,ESM-HELSINKI,154,Modelo,Helsinki,1,1,,Color,Blanco,1,1,,Formato,25X150,1,1,,,,,,,,,,,,,,,,,,,,,,,,,,,,,,,,,,,,,,,,,,,,,,,,,,,,,,,,,1.5,35,4,40,60,1464,33,25X150,9 MM,Porcelánico,Mate,Pavimento y revestimiento,,No,No,,"Interior: salón, dormitorio, cocina y baño; efecto madera",Eco Woods,Helsinki,Esmalto,Ecoceramic,,Material: Porcelánico | Acabado: Mate | Uso: Pavimento y revestimiento | Espesor: 9 MM | Antideslizante: No | Versión antideslizante disponible: No | Tipo de pieza: Baldosa,,
,variation,ESM-HELSINKI-ENCINA-25X150,Helsinki Encina 25X150,1,,visible,,,taxable,,1,,,,35,,,,,,,,,,,ECOCERAMIC/HELSINKI/ECOCERAMIC_PZ_HELSINKI_ENCINA_20X120.webp,,,ESM-HELSINKI,155,Modelo,Helsinki,1,1,,Color,Encina,1,1,,Formato,25X150,1,1,,,,,,,,,,,,,,,,,,,,,,,,,,,,,,,,,,,,,,,,,,,,,,,,,,,,,,,,,1.5,35,4,40,60,1464,33,25X150,9 MM,Porcelánico,Mate,Pavimento y revestimiento,,No,No,,"Interior: salón, dormitorio, cocina y baño; efecto madera",Eco Woods,Helsinki,Esmalto,Ecoceramic,,Material: Porcelánico | Acabado: Mate | Uso: Pavimento y revestimiento | Espesor: 9 MM | Antideslizante: No | Versión antideslizante disponible: No | Tipo de pieza: Baldosa,,
,variation,ESM-HELSINKI-GRIS-25X150,Helsinki Gris 25X150,1,,visible,,,taxable,,1,,,,35,,,,,,,,,,,ECOCERAMIC/HELSINKI/ECOCERAMIC_PZ_HELSINKI_GRIS_20X120.webp,,,ESM-HELSINKI,156,Modelo,Helsinki,1,1,,Color,Gris,1,1,,Formato,25X150,1,1,,,,,,,,,,,,,,,,,,,,,,,,,,,,,,,,,,,,,,,,,,,,,,,,,,,,,,,,,1.5,35,4,40,60,1464,33,25X150,9 MM,Porcelánico,Mate,Pavimento y revestimiento,,No,No,,"Interior: salón, dormitorio, cocina y baño; efecto madera",Eco Woods,Helsinki,Esmalto,Ecoceramic,,Material: Porcelánico | Acabado: Mate | Uso: Pavimento y revestimiento | Espesor: 9 MM | Antideslizante: No | Versión antideslizante disponible: No | Tipo de pieza: Baldosa,,
,variation,ESM-HELSINKI-HAYA-25X150,Helsinki Haya 25X150,1,,visible,,,taxable,,1,,,,35,,,,,,,,,,,ECOCERAMIC/HELSINKI/ECOCERAMIC_PZ_HELSINKI_HAYA_20X120.webp,,,ESM-HELSINKI,157,Modelo,Helsinki,1,1,,Color,Haya,1,1,,Formato,25X150,1,1,,,,,,,,,,,,,,,,,,,,,,,,,,,,,,,,,,,,,,,,,,,,,,,,,,,,,,,,,1.5,35,4,40,60,1464,33,25X150,9 MM,Porcelánico,Mate,Pavimento y revestimiento,,No,No,,"Interior: salón, dormitorio, cocina y baño; efecto madera",Eco Woods,Helsinki,Esmalto,Ecoceramic,,Material: Porcelánico | Acabado: Mate | Uso: Pavimento y revestimiento | Espesor: 9 MM | Antideslizante: No | Versión antideslizante disponible: No | Tipo de pieza: Baldosa,,
,variation,ESM-HELSINKI-NATURAL-25X150,Helsinki Natural 25X150,1,,visible,,,taxable,,1,,,,35,,,,,,,,,,,ECOCERAMIC/HELSINKI/ECOCERAMIC_PZ_HELSINKI_NATURAL_20X120.webp,,,ESM-HELSINKI,158,Modelo,Helsinki,1,1,,Color,Natural,1,1,,Formato,25X150,1,1,,,,,,,,,,,,,,,,,,,,,,,,,,,,,,,,,,,,,,,,,,,,,,,,,,,,,,,,,1.5,35,4,40,60,1464,33,25X150,9 MM,Porcelánico,Mate,Pavimento y revestimiento,,No,No,,"Interior: salón, dormitorio, cocina y baño; efecto madera",Eco Woods,Helsinki,Esmalto,Ecoceramic,,Material: Porcelánico | Acabado: Mate | Uso: Pavimento y revestimiento | Espesor: 9 MM | Antideslizante: No | Versión antideslizante disponible: No | Tipo de pieza: Baldosa,,
,variation,ESM-HELSINKI-PERLA-25X150,Helsinki Perla 25X150,1,,visible,,,taxable,,1,,,,35,,,,,,,,,,,ECOCERAMIC/HELSINKI/ECOCERAMIC_PZ_HELSINKI_PERLA_20X120.webp,,,ESM-HELSINKI,159,Modelo,Helsinki,1,1,,Color,Perla,1,1,,Formato,25X150,1,1,,,,,,,,,,,,,,,,,,,,,,,,,,,,,,,,,,,,,,,,,,,,,,,,,,,,,,,,,1.5,35,4,40,60,1464,33,25X150,9 MM,Porcelánico,Mate,Pavimento y revestimiento,,No,No,,"Interior: salón, dormitorio, cocina y baño; efecto madera",Eco Woods,Helsinki,Esmalto,Ecoceramic,,Material: Porcelánico | Acabado: Mate | Uso: Pavimento y revestimiento | Espesor: 9 MM | Antideslizante: No | Versión antideslizante disponible: No | Tipo de pieza: Baldosa,,
,variation,ESM-HELSINKI-TAUPE-25X150,Helsinki Taupe 25X150,1,,visible,,,taxable,,1,,,,35,,,,,,,,,,,ECOCERAMIC/HELSINKI/ECOCERAMIC_PZ_HELSINKI_TAUPE_20X120.webp,,,ESM-HELSINKI,160,Modelo,Helsinki,1,1,,Color,Taupe,1,1,,Formato,25X150,1,1,,,,,,,,,,,,,,,,,,,,,,,,,,,,,,,,,,,,,,,,,,,,,,,,,,,,,,,,,1.5,35,4,40,60,1464,33,25X150,9 MM,Porcelánico,Mate,Pavimento y revestimiento,,No,No,,"Interior: salón, dormitorio, cocina y baño; efecto madera",Eco Woods,Helsinki,Esmalto,Ecoceramic,,Material: Porcelánico | Acabado: Mate | Uso: Pavimento y revestimiento | Espesor: 9 MM | Antideslizante: No | Versión antideslizante disponible: No | Tipo de pieza: Baldosa,,
,variation,ESM-HELSINKI-HAYA-60X120,Helsinki Haya 60X120,1,,visible,,,taxable,,1,,,,28.62,,,,,,,,,,,ECOCERAMIC/HELSINKI/ECOCERAMIC_PZ_HELSINKI_HAYA_20X120.webp,,,ESM-HELSINKI,161,Modelo,Helsinki,1,1,,Color,Haya,1,1,,Formato,60X120,1,1,,,,,,,,,,,,,,,,,,,,,,,,,,,,,,,,,,,,,,,,,,,,,,,,,,,,,,,,,1.44,28.62,,,,,,60X120,9 MM,Porcelánico,Mate,Pavimento y revestimiento,,No,No,,"Interior: salón, dormitorio, cocina y baño; efecto madera",Eco Woods,Helsinki,Esmalto,Ecoceramic,,Material: Porcelánico | Acabado: Mate | Uso: Pavimento y revestimiento | Espesor: 9 MM | Antideslizante: No | Versión antideslizante disponible: No | Tipo de pieza: Baldosa,,
,variation,ESM-HELSINKI-NATURAL-60X120,Helsinki Natural 60X120,1,,visible,,,taxable,,1,,,,28.62,,,,,,,,,,,ECOCERAMIC/HELSINKI/ECOCERAMIC_PZ_HELSINKI_NATURAL_20X120.webp,,,ESM-HELSINKI,162,Modelo,Helsinki,1,1,,Color,Natural,1,1,,Formato,60X120,1,1,,,,,,,,,,,,,,,,,,,,,,,,,,,,,,,,,,,,,,,,,,,,,,,,,,,,,,,,,1.44,28.62,,,,,,60X120,9 MM,Porcelánico,Mate,Pavimento y revestimiento,,No,No,,"Interior: salón, dormitorio, cocina y baño; efecto madera",Eco Woods,Helsinki,Esmalto,Ecoceramic,,Material: Porcelánico | Acabado: Mate | Uso: Pavimento y revestimiento | Espesor: 9 MM | Antideslizante: No | Versión antideslizante disponible: No | Tipo de pieza: Baldosa,,
,variation,ESM-HELSINKI-PERLA-60X120,Helsinki Perla 60X120,1,,visible,,,taxable,,1,,,,28.62,,,,,,,,,,,ECOCERAMIC/HELSINKI/ECOCERAMIC_PZ_HELSINKI_PERLA_20X120.webp,,,ESM-HELSINKI,163,Modelo,Helsinki,1,1,,Color,Perla,1,1,,Formato,60X120,1,1,,,,,,,,,,,,,,,,,,,,,,,,,,,,,,,,,,,,,,,,,,,,,,,,,,,,,,,,,1.44,28.62,,,,,,60X120,9 MM,Porcelánico,Mate,Pavimento y revestimiento,,No,No,,"Interior: salón, dormitorio, cocina y baño; efecto madera",Eco Woods,Helsinki,Esmalto,Ecoceramic,,Material: Porcelánico | Acabado: Mate | Uso: Pavimento y revestimiento | Espesor: 9 MM | Antideslizante: No | Versión antideslizante disponible: No | Tipo de pieza: Baldosa,,
,variation,ESM-HELSINKI-TAUPE-60X120,Helsinki Taupe 60X120,1,,visible,,,taxable,,1,,,,28.62,,,,,,,,,,,ECOCERAMIC/HELSINKI/ECOCERAMIC_PZ_HELSINKI_TAUPE_20X120.webp,,,ESM-HELSINKI,164,Modelo,Helsinki,1,1,,Color,Taupe,1,1,,Formato,60X120,1,1,,,,,,,,,,,,,,,,,,,,,,,,,,,,,,,,,,,,,,,,,,,,,,,,,,,,,,,,,1.44,28.62,,,,,,60X120,9 MM,Porcelánico,Mate,Pavimento y revestimiento,,No,No,,"Interior: salón, dormitorio, cocina y baño; efecto madera",Eco Woods,Helsinki,Esmalto,Ecoceramic,,Material: Porcelánico | Acabado: Mate | Uso: Pavimento y revestimiento | Espesor: 9 MM | Antideslizante: No | Versión antideslizante disponible: No | Tipo de pieza: Baldosa,,
,variable,ESM-IKON,Ikon,1,0,visible,"Serie Ikon de Ecoceramic en porcelánico, acabado mate. 5 color(es) y 2 formato(s).","<p>La serie <strong>Ikon</strong> de Ecoceramic está fabricada en porcelánico con acabado mate. Se presenta en 5 color(es) y 2 formato(s), con un total de 10 referencias.</p><h3>Características técnicas</h3><ul><li><strong>Material:</strong> Porcelánico</li><li><strong>Acabado:</strong> Mate</li><li><strong>Uso:</strong> Pavimento y revestimiento</li><li><strong>Espesor:</strong> 9 MM</li><li><strong>Antideslizante:</strong> No</li><li><strong>Versión antideslizante:</strong> No</li><li><strong>Tipo de pieza:</strong> Baldosa</li><li><strong>Familia:</strong> Eco Woods</li></ul><p><strong>Colores disponibles:</strong> Hueso, Almond, Straw, Nogal, Moka.<br><strong>Formatos:</strong> 20X120, 25X150.</p><p><strong>Espacios recomendados:</strong> Interior: salón, dormitorio, cocina y baño; efecto madera.</p><h3>Datos de embalaje</h3><table><thead><tr><th>Formato</th><th>Pz/caja</th><th>m²/caja</th><th>Kg/caja</th><th>Cajas/palet</th><th>m²/palet</th><th>Kg/palet</th></tr></thead><tbody><tr><td>20X120</td><td>7</td><td>1,68</td><td>32</td><td>44</td><td>73,92</td><td>1437</td></tr><tr><td>25X150</td><td>4</td><td>1,50</td><td>35</td><td>40</td><td>60</td><td>1464</td></tr></tbody></table>",taxable,,1,,0,0,,,,,1,,,,Pavimentos y revestimientos > Eco Woods > Ikon,"Ikon, Ecoceramic, Esmalto, Eco Woods, Hueso, Almond, Straw, Nogal, Moka, 20X120, 25X150, Porcelánico",,"ECOCERAMIC/IKON/15X90/ECOCERAMIC_AMB_IKON_ALMOND_15X90.webp, ECOCERAMIC/IKON/15X90/ECOCERAMIC_AMB_IKON_HUESO_15X90.webp, ECOCERAMIC/IKON/15X90/ECOCERAMIC_AMB_IKON_NOGAL_15X90.webp, ECOCERAMIC/IKON/20X120/ECOCERAMIC_AMB_IKON-20X120_MATE_120X280.webp, ECOCERAMIC/IKON/20X120/ECOCERAMIC_AMB_IKON_ALMOND_20X120_120X280.webp, ECOCERAMIC/IKON/20X120/ECOCERAMIC_AMB_IKON_ALMOND_20X120_DETALLE.webp, ECOCERAMIC/IKON/20X120/ECOCERAMIC_AMB_IKON_HUESO_20X120_120X280.webp, ECOCERAMIC/IKON/20X120/ECOCERAMIC_AMB_IKON_HUESO_20X120_DETALLE.webp, ECOCERAMIC/IKON/20X120/ECOCERAMIC_AMB_IKON_MOKA_20X120_120X280.webp, ECOCERAMIC/IKON/20X120/ECOCERAMIC_AMB_IKON_MOKA_20X120_DETALLE.webp, ECOCERAMIC/IKON/20X120/ECOCERAMIC_AMB_IKON_NOGAL_20X120_120X280.webp, ECOCERAMIC/IKON/20X120/ECOCERAMIC_AMB_IKON_NOGAL_20X120_DETALLE.webp, ECOCERAMIC/IKON/20X120/ECOCERAMIC_AMB_IKON_STRAW_20X120_120X280.webp, ECOCERAMIC/IKON/20X120/ECOCERAMIC_AMB_IKON_STRAW_20X120_DETALLE.webp, ECOCERAMIC/IKON/15X90/ECOCERAMIC_PZ_IKON_ALMOND_15X90_01.webp, ECOCERAMIC/IKON/15X90/ECOCERAMIC_PZ_IKON_HUESO_15X90_01.webp, ECOCERAMIC/IKON/15X90/ECOCERAMIC_PZ_IKON_NOGAL_15X90_01.webp, ECOCERAMIC/IKON/20X120/ECOCERAMIC_PZ_IKON_ALMOND_20X120.webp, ECOCERAMIC/IKON/20X120/ECOCERAMIC_PZ_IKON_HUESO_20X120.webp, ECOCERAMIC/IKON/20X120/ECOCERAMIC_PZ_IKON_MOKA_20X120.webp, ECOCERAMIC/IKON/20X120/ECOCERAMIC_PZ_IKON_NOGAL_20X120.webp, ECOCERAMIC/IKON/20X120/ECOCERAMIC_PZ_IKON_STRAW_20X120.webp",Ficha técnica Ikon,ECOCERAMIC/IKON/ECOCERAMIC_FICHA_IKON.jpg,,0,Modelo,Ikon,1,1,,Color,Hueso | Almond | Straw | Nogal | Moka,1,1,Hueso,Formato,20X120 | 25X150,1,1,20X120,Acabado,Mate,1,1,,Espesor,9 MM,1,1,,Tipo de pieza,Baldosa,1,1,,Material,Porcelánico,1,1,,Antideslizante,No,1,1,,Versión antideslizante,No,1,1,,Uso,Pavimento y revestimiento,1,1,,,,,,,,,,,,Familia,Eco Woods,1,1,,Fabricante,Ecoceramic,1,1,,,,,,,,,,,,,,,,,,"Interior: salón, dormitorio, cocina y baño; efecto madera",Eco Woods,Ikon,Esmalto,Ecoceramic,ECOCERAMIC/IKON/ECOCERAMIC_FICHA_IKON.jpg,Material: Porcelánico | Acabado: Mate | Uso: Pavimento y revestimiento | Espesor: 9 MM | Antideslizante: No | Versión antideslizante disponible: No | Tipo de pieza: Baldosa,Ikon | Porcelánico Eco Woods | Esmalto,"Serie Ikon de Ecoceramic en porcelánico, acabado mate. 5 color(es) y 2 formato(s)."
,variation,ESM-IKON-ALMOND-20X120,Ikon Almond 20X120,1,,visible,,,taxable,,1,,,,32,,,,,,,,,,,ECOCERAMIC/IKON/20X120/ECOCERAMIC_PZ_IKON_ALMOND_20X120.webp,,,ESM-IKON,165,Modelo,Ikon,1,1,,Color,Almond,1,1,,Formato,20X120,1,1,,,,,,,,,,,,,,,,,,,,,,,,,,,,,,,,,,,,,,,,,,,,,,,,,,,,,,,,,1.68,32,7,44,"73,92",1437,21,20X120,9 MM,Porcelánico,Mate,Pavimento y revestimiento,,No,No,,"Interior: salón, dormitorio, cocina y baño; efecto madera",Eco Woods,Ikon,Esmalto,Ecoceramic,,Material: Porcelánico | Acabado: Mate | Uso: Pavimento y revestimiento | Espesor: 9 MM | Antideslizante: No | Versión antideslizante disponible: No | Tipo de pieza: Baldosa,,
,variation,ESM-IKON-HUESO-20X120,Ikon Hueso 20X120,1,,visible,,,taxable,,1,,,,32,,,,,,,,,,,ECOCERAMIC/IKON/20X120/ECOCERAMIC_PZ_IKON_HUESO_20X120.webp,,,ESM-IKON,166,Modelo,Ikon,1,1,,Color,Hueso,1,1,,Formato,20X120,1,1,,,,,,,,,,,,,,,,,,,,,,,,,,,,,,,,,,,,,,,,,,,,,,,,,,,,,,,,,1.68,32,7,44,"73,92",1437,21,20X120,9 MM,Porcelánico,Mate,Pavimento y revestimiento,,No,No,,"Interior: salón, dormitorio, cocina y baño; efecto madera",Eco Woods,Ikon,Esmalto,Ecoceramic,,Material: Porcelánico | Acabado: Mate | Uso: Pavimento y revestimiento | Espesor: 9 MM | Antideslizante: No | Versión antideslizante disponible: No | Tipo de pieza: Baldosa,,
,variation,ESM-IKON-MOKA-20X120,Ikon Moka 20X120,1,,visible,,,taxable,,1,,,,32,,,,,,,,,,,ECOCERAMIC/IKON/20X120/ECOCERAMIC_PZ_IKON_MOKA_20X120.webp,,,ESM-IKON,167,Modelo,Ikon,1,1,,Color,Moka,1,1,,Formato,20X120,1,1,,,,,,,,,,,,,,,,,,,,,,,,,,,,,,,,,,,,,,,,,,,,,,,,,,,,,,,,,1.68,32,7,44,"73,92",1437,21,20X120,9 MM,Porcelánico,Mate,Pavimento y revestimiento,,No,No,,"Interior: salón, dormitorio, cocina y baño; efecto madera",Eco Woods,Ikon,Esmalto,Ecoceramic,,Material: Porcelánico | Acabado: Mate | Uso: Pavimento y revestimiento | Espesor: 9 MM | Antideslizante: No | Versión antideslizante disponible: No | Tipo de pieza: Baldosa,,
,variation,ESM-IKON-NOGAL-20X120,Ikon Nogal 20X120,1,,visible,,,taxable,,1,,,,32,,,,,,,,,,,ECOCERAMIC/IKON/20X120/ECOCERAMIC_PZ_IKON_NOGAL_20X120.webp,,,ESM-IKON,168,Modelo,Ikon,1,1,,Color,Nogal,1,1,,Formato,20X120,1,1,,,,,,,,,,,,,,,,,,,,,,,,,,,,,,,,,,,,,,,,,,,,,,,,,,,,,,,,,1.68,32,7,44,"73,92",1437,21,20X120,9 MM,Porcelánico,Mate,Pavimento y revestimiento,,No,No,,"Interior: salón, dormitorio, cocina y baño; efecto madera",Eco Woods,Ikon,Esmalto,Ecoceramic,,Material: Porcelánico | Acabado: Mate | Uso: Pavimento y revestimiento | Espesor: 9 MM | Antideslizante: No | Versión antideslizante disponible: No | Tipo de pieza: Baldosa,,
,variation,ESM-IKON-STRAW-20X120,Ikon Straw 20X120,1,,visible,,,taxable,,1,,,,32,,,,,,,,,,,ECOCERAMIC/IKON/20X120/ECOCERAMIC_PZ_IKON_STRAW_20X120.webp,,,ESM-IKON,169,Modelo,Ikon,1,1,,Color,Straw,1,1,,Formato,20X120,1,1,,,,,,,,,,,,,,,,,,,,,,,,,,,,,,,,,,,,,,,,,,,,,,,,,,,,,,,,,1.68,32,7,44,"73,92",1437,21,20X120,9 MM,Porcelánico,Mate,Pavimento y revestimiento,,No,No,,"Interior: salón, dormitorio, cocina y baño; efecto madera",Eco Woods,Ikon,Esmalto,Ecoceramic,,Material: Porcelánico | Acabado: Mate | Uso: Pavimento y revestimiento | Espesor: 9 MM | Antideslizante: No | Versión antideslizante disponible: No | Tipo de pieza: Baldosa,,
,variation,ESM-IKON-ALMOND-25X150,Ikon Almond 25X150,1,,visible,,,taxable,,1,,,,35,,,,,,,,,,,ECOCERAMIC/IKON/15X90/ECOCERAMIC_PZ_IKON_ALMOND_15X90_01.webp,,,ESM-IKON,170,Modelo,Ikon,1,1,,Color,Almond,1,1,,Formato,25X150,1,1,,,,,,,,,,,,,,,,,,,,,,,,,,,,,,,,,,,,,,,,,,,,,,,,,,,,,,,,,1.5,35,4,40,60,1464,22,25X150,9 MM,Porcelánico,Mate,Pavimento y revestimiento,,No,No,,"Interior: salón, dormitorio, cocina y baño; efecto madera",Eco Woods,Ikon,Esmalto,Ecoceramic,,Material: Porcelánico | Acabado: Mate | Uso: Pavimento y revestimiento | Espesor: 9 MM | Antideslizante: No | Versión antideslizante disponible: No | Tipo de pieza: Baldosa,,
,variation,ESM-IKON-HUESO-25X150,Ikon Hueso 25X150,1,,visible,,,taxable,,1,,,,35,,,,,,,,,,,ECOCERAMIC/IKON/15X90/ECOCERAMIC_PZ_IKON_HUESO_15X90_01.webp,,,ESM-IKON,171,Modelo,Ikon,1,1,,Color,Hueso,1,1,,Formato,25X150,1,1,,,,,,,,,,,,,,,,,,,,,,,,,,,,,,,,,,,,,,,,,,,,,,,,,,,,,,,,,1.5,35,4,40,60,1464,22,25X150,9 MM,Porcelánico,Mate,Pavimento y revestimiento,,No,No,,"Interior: salón, dormitorio, cocina y baño; efecto madera",Eco Woods,Ikon,Esmalto,Ecoceramic,,Material: Porcelánico | Acabado: Mate | Uso: Pavimento y revestimiento | Espesor: 9 MM | Antideslizante: No | Versión antideslizante disponible: No | Tipo de pieza: Baldosa,,
,variation,ESM-IKON-MOKA-25X150,Ikon Moka 25X150,1,,visible,,,taxable,,1,,,,35,,,,,,,,,,,ECOCERAMIC/IKON/20X120/ECOCERAMIC_PZ_IKON_MOKA_20X120.webp,,,ESM-IKON,172,Modelo,Ikon,1,1,,Color,Moka,1,1,,Formato,25X150,1,1,,,,,,,,,,,,,,,,,,,,,,,,,,,,,,,,,,,,,,,,,,,,,,,,,,,,,,,,,1.5,35,4,40,60,1464,22,25X150,9 MM,Porcelánico,Mate,Pavimento y revestimiento,,No,No,,"Interior: salón, dormitorio, cocina y baño; efecto madera",Eco Woods,Ikon,Esmalto,Ecoceramic,,Material: Porcelánico | Acabado: Mate | Uso: Pavimento y revestimiento | Espesor: 9 MM | Antideslizante: No | Versión antideslizante disponible: No | Tipo de pieza: Baldosa,,
,variation,ESM-IKON-NOGAL-25X150,Ikon Nogal 25X150,1,,visible,,,taxable,,1,,,,35,,,,,,,,,,,ECOCERAMIC/IKON/15X90/ECOCERAMIC_PZ_IKON_NOGAL_15X90_01.webp,,,ESM-IKON,173,Modelo,Ikon,1,1,,Color,Nogal,1,1,,Formato,25X150,1,1,,,,,,,,,,,,,,,,,,,,,,,,,,,,,,,,,,,,,,,,,,,,,,,,,,,,,,,,,1.5,35,4,40,60,1464,22,25X150,9 MM,Porcelánico,Mate,Pavimento y revestimiento,,No,No,,"Interior: salón, dormitorio, cocina y baño; efecto madera",Eco Woods,Ikon,Esmalto,Ecoceramic,,Material: Porcelánico | Acabado: Mate | Uso: Pavimento y revestimiento | Espesor: 9 MM | Antideslizante: No | Versión antideslizante disponible: No | Tipo de pieza: Baldosa,,
,variation,ESM-IKON-STRAW-25X150,Ikon Straw 25X150,1,,visible,,,taxable,,1,,,,35,,,,,,,,,,,ECOCERAMIC/IKON/20X120/ECOCERAMIC_PZ_IKON_STRAW_20X120.webp,,,ESM-IKON,174,Modelo,Ikon,1,1,,Color,Straw,1,1,,Formato,25X150,1,1,,,,,,,,,,,,,,,,,,,,,,,,,,,,,,,,,,,,,,,,,,,,,,,,,,,,,,,,,1.5,35,4,40,60,1464,22,25X150,9 MM,Porcelánico,Mate,Pavimento y revestimiento,,No,No,,"Interior: salón, dormitorio, cocina y baño; efecto madera",Eco Woods,Ikon,Esmalto,Ecoceramic,,Material: Porcelánico | Acabado: Mate | Uso: Pavimento y revestimiento | Espesor: 9 MM | Antideslizante: No | Versión antideslizante disponible: No | Tipo de pieza: Baldosa,,
,variable,ESM-IMPERIAL-CALACATTA,Imperial Calacatta,1,0,visible,"Serie Imperial Calacatta de Ecoceramic en porcelánico, acabado brillo. 1 color(es) y 2 formato(s).","<p>La serie <strong>Imperial Calacatta</strong> de Ecoceramic está fabricada en porcelánico con acabado brillo. Se presenta en 1 color(es) y 2 formato(s), con un total de 2 referencias.</p><h3>Características técnicas</h3><ul><li><strong>Material:</strong> Porcelánico</li><li><strong>Acabado:</strong> Brillo</li><li><strong>Uso:</strong> Pavimento y revestimiento</li><li><strong>Espesor:</strong> 9 MM</li><li><strong>Antideslizante:</strong> No</li><li><strong>Versión antideslizante:</strong> No</li><li><strong>Tipo de pieza:</strong> Baldosa</li><li><strong>Familia:</strong> Porce Plus</li></ul><p><strong>Colores disponibles:</strong> Imperial Calacatta.<br><strong>Formatos:</strong> 100X100, 60X120.</p><p><strong>Espacios recomendados:</strong> Interior: salón, cocina, baño y dormitorio; formatos grandes.</p><h3>Datos de embalaje</h3><table><thead><tr><th>Formato</th><th>Pz/caja</th><th>m²/caja</th><th>Kg/caja</th><th>Cajas/palet</th><th>m²/palet</th><th>Kg/palet</th></tr></thead><tbody><tr><td>100X100</td><td>2</td><td>2,00</td><td>41,15</td><td>27</td><td>54,00</td><td>1133,05</td></tr><tr><td>60X120</td><td>2</td><td>1,44</td><td>28,62</td><td>36</td><td>51,84</td><td>1055,32</td></tr></tbody></table>",taxable,,1,,0,0,,,,,1,,,,Pavimentos y revestimientos > Porce Plus > Imperial Calacatta,"Imperial Calacatta, Ecoceramic, Esmalto, Porce Plus, Imperial Calacatta, 100X100, 60X120, Porcelánico",,"ECOCERAMIC/IMPERIAL CALACATTA/ECOCERAMIC_AMB_IMPERIAL-CALACATTA_100X100_KITCHEN.webp, ECOCERAMIC/IMPERIAL CALACATTA/ECOCERAMIC_AMB_IMPERIAL-CALACATTA_100X100_LIVING.webp, ECOCERAMIC/IMPERIAL CALACATTA/ECOCERAMIC_PZ_IMPERIAL-CALACATTA_100X100.webp",Ficha técnica Imperial Calacatta,ECOCERAMIC/IMPERIAL CALACATTA/ECOCERAMIC_FICHA_IMPERIAL-CALACATTA.jpg,,0,Modelo,Imperial Calacatta,1,1,,Color,Imperial Calacatta,1,1,,Formato,100X100 | 60X120,1,1,100X100,Acabado,Brillo,1,1,,Espesor,9 MM,1,1,,Tipo de pieza,Baldosa,1,1,,Material,Porcelánico,1,1,,Antideslizante,No,1,1,,Versión antideslizante,No,1,1,,Uso,Pavimento y revestimiento,1,1,,,,,,,,,,,,Familia,Porce Plus,1,1,,Fabricante,Ecoceramic,1,1,,,,,,,,,,,,,,,,,,"Interior: salón, cocina, baño y dormitorio; formatos grandes",Porce Plus,Imperial Calacatta,Esmalto,Ecoceramic,ECOCERAMIC/IMPERIAL CALACATTA/ECOCERAMIC_FICHA_IMPERIAL-CALACATTA.jpg,Material: Porcelánico | Acabado: Brillo | Uso: Pavimento y revestimiento | Espesor: 9 MM | Antideslizante: No | Versión antideslizante disponible: No | Tipo de pieza: Baldosa,Imperial Calacatta | Porcelánico Porce Plus | Esmalto,"Serie Imperial Calacatta de Ecoceramic en porcelánico, acabado brillo. 1 color(es) y 2 formato(s)."
,variation,ESM-IMPERIAL-CALACATTA-IMPERIAL-CALACATTA-100X100-BRI,Imperial Calacatta Imperial Calacatta 100X100 Brillo,1,,visible,,,taxable,,1,,,,41.15,,,,,,,,,,,ECOCERAMIC/IMPERIAL CALACATTA/ECOCERAMIC_PZ_IMPERIAL-CALACATTA_100X100.webp,,,ESM-IMPERIAL-CALACATTA,175,Modelo,Imperial Calacatta,1,1,,,,,,,Formato,100X100,1,1,,,,,,,,,,,,,,,,,,,,,,,,,,,,,,,,,,,,,,,,,,,,,,,,,,,,,,,,,2,41.15,2,27,"54,00","1133,05",5,100X100,9 MM,Porcelánico,Brillo,Pavimento y revestimiento,,No,No,,"Interior: salón, cocina, baño y dormitorio; formatos grandes",Porce Plus,Imperial Calacatta,Esmalto,Ecoceramic,,Material: Porcelánico | Acabado: Brillo | Uso: Pavimento y revestimiento | Espesor: 9 MM | Antideslizante: No | Versión antideslizante disponible: No | Tipo de pieza: Baldosa,,
,variation,ESM-IMPERIAL-CALACATTA-IMPERIAL-CALACATTA-60X120-BRI,Imperial Calacatta Imperial Calacatta 60X120 Brillo,1,,visible,,,taxable,,1,,,,28.62,,,,,,,,,,,ECOCERAMIC/IMPERIAL CALACATTA/ECOCERAMIC_PZ_IMPERIAL-CALACATTA_100X100.webp,,,ESM-IMPERIAL-CALACATTA,176,Modelo,Imperial Calacatta,1,1,,,,,,,Formato,60X120,1,1,,,,,,,,,,,,,,,,,,,,,,,,,,,,,,,,,,,,,,,,,,,,,,,,,,,,,,,,,1.44,28.62,2,36,"51,84","1055,32",5,60X120,9 MM,Porcelánico,Brillo,Pavimento y revestimiento,,No,No,,"Interior: salón, cocina, baño y dormitorio; formatos grandes",Porce Plus,Imperial Calacatta,Esmalto,Ecoceramic,,Material: Porcelánico | Acabado: Brillo | Uso: Pavimento y revestimiento | Espesor: 9 MM | Antideslizante: No | Versión antideslizante disponible: No | Tipo de pieza: Baldosa,,
,variable,ESM-KOOTENAI,Kootenai,1,0,visible,"Serie Kootenai de Ecoceramic en porcelánico, acabado mate. 7 color(es) y 1 formato(s).","<p>La serie <strong>Kootenai</strong> de Ecoceramic está fabricada en porcelánico con acabado mate. Se presenta en 7 color(es) y 1 formato(s), con un total de 7 referencias.</p><h3>Características técnicas</h3><ul><li><strong>Material:</strong> Porcelánico</li><li><strong>Acabado:</strong> Mate</li><li><strong>Uso:</strong> Pavimento y revestimiento</li><li><strong>Espesor:</strong> 9 MM</li><li><strong>Antideslizante:</strong> No</li><li><strong>Versión antideslizante:</strong> No / Sí</li><li><strong>Tipo de pieza:</strong> Baldosa</li><li><strong>Familia:</strong> Eco Woods</li></ul><p><strong>Colores disponibles:</strong> White, Pearl, Haya, Natural, Straw, Taupe, Cerezo.<br><strong>Formatos:</strong> 20X120.</p><p><strong>Espacios recomendados:</strong> Interior: salón, dormitorio, cocina y baño; efecto madera.</p><h3>Datos de embalaje</h3><table><thead><tr><th>Formato</th><th>Pz/caja</th><th>m²/caja</th><th>Kg/caja</th><th>Cajas/palet</th><th>m²/palet</th><th>Kg/palet</th></tr></thead><tbody><tr><td>20X120</td><td>7</td><td>1,68</td><td>32</td><td>44</td><td>73,92</td><td>1437</td></tr><tr><td>8X44.2</td><td>30</td><td>1,06</td><td>19,90</td><td>65</td><td>68,90</td><td>1313,50</td></tr></tbody></table>",taxable,,1,,0,0,,,,,1,,,,Pavimentos y revestimientos > Eco Woods > Kootenai,"Kootenai, Ecoceramic, Esmalto, Eco Woods, White, Pearl, Haya, Natural, Straw, Taupe, Cerezo, 20X120, Porcelánico",,"ECOCERAMIC/KOOTENAI/20X120/ECOCERAMIC_AMB_KOOTENAI-20X120.webp, ECOCERAMIC/KOOTENAI/20X120/ECOCERAMIC_AMB_KOOTENAI-20X120_HAYA.webp, ECOCERAMIC/KOOTENAI/20X120/ECOCERAMIC_AMB_KOOTENAI-20X120_HAYA_V2.webp, ECOCERAMIC/KOOTENAI/20X120/ECOCERAMIC_AMB_KOOTENAI-20X120_RLV.webp, ECOCERAMIC/KOOTENAI/20X120/ECOCERAMIC_AMB_KOOTENAI-20X120_STRAW.webp, ECOCERAMIC/KOOTENAI/20X120/ECOCERAMIC_AMB_KOOTENAI-20X120_V2.webp, ECOCERAMIC/KOOTENAI/20X120/ECOCERAMIC_AMB_KOOTENAI-20X120_WHITE.webp, ECOCERAMIC/KOOTENAI/8X442/ECOCERAMIC_AMB_KOOTENAI-8X442.webp, ECOCERAMIC/KOOTENAI/8X442/ECOCERAMIC_AMB_KOOTENAI-8X442_HAYA.webp, ECOCERAMIC/KOOTENAI/8X442/ECOCERAMIC_AMB_KOOTENAI-8X442_HAYA_V2.webp, ECOCERAMIC/KOOTENAI/8X442/ECOCERAMIC_AMB_KOOTENAI-8X442_NATURAL.webp, ECOCERAMIC/KOOTENAI/8X442/ECOCERAMIC_AMB_KOOTENAI-8X442_PELDANO-EXTRUSIONADO_NATURAL_30X120_30X90.webp, ECOCERAMIC/KOOTENAI/8X442/ECOCERAMIC_AMB_KOOTENAI-8X442_PELDANO-EXTRUSIONADO_NATURAL_30X120_30X90_DETALLE.webp, ECOCERAMIC/KOOTENAI/8X442/ECOCERAMIC_AMB_KOOTENAI-8X442_STRAW.webp, ECOCERAMIC/KOOTENAI/8X442/ECOCERAMIC_AMB_KOOTENAI-8X442_TAUPE.webp, ECOCERAMIC/KOOTENAI/8X442/ECOCERAMIC_AMB_KOOTENAI-8X442_WHITE.webp, ECOCERAMIC/KOOTENAI/8X442/ECOCERAMIC_AMB_KOOTENAI_CEREZO_8X44.2.webp, ECOCERAMIC/KOOTENAI/8X442/ECOCERAMIC_AMB_KOOTENAI_CEREZO_8X44.2_V2.webp, ECOCERAMIC/KOOTENAI/8X442/ECOCERAMIC_AMB_KOOTENAI_HAYA_8X44.2.webp, ECOCERAMIC/KOOTENAI/8X442/ECOCERAMIC_AMB_KOOTENAI_NATURAL_8X44.2.webp, ECOCERAMIC/KOOTENAI/8X442/ECOCERAMIC_AMB_KOOTENAI_NATURAL_8X44.2_DETALLE.webp, ECOCERAMIC/KOOTENAI/8X442/ECOCERAMIC_AMB_KOOTENAI_NATURAL_8X44.2_V2.webp, ECOCERAMIC/KOOTENAI/8X442/ECOCERAMIC_AMB_KOOTENAI_STRAW_8X44.2.webp, ECOCERAMIC/KOOTENAI/PELDANO/ECOCERAMIC_AMB_KOOTENAI_PELDANO-EXTRUSIONADO_NATURAL_30X120_30X90.webp, ECOCERAMIC/KOOTENAI/PELDANO/ECOCERAMIC_AMB_KOOTENAI_PELDANO-EXTRUSIONADO_NATURAL_30X120_30X90_DETALLE.webp, ECOCERAMIC/KOOTENAI/20X120/ECOCERAMIC_PZ_KOOTENAI-20X120_CEREZO.webp, ECOCERAMIC/KOOTENAI/20X120/ECOCERAMIC_PZ_KOOTENAI-20X120_HAYA.webp, ECOCERAMIC/KOOTENAI/20X120/ECOCERAMIC_PZ_KOOTENAI-20X120_NATURAL.webp, ECOCERAMIC/KOOTENAI/20X120/ECOCERAMIC_PZ_KOOTENAI-20X120_PEARL.webp, ECOCERAMIC/KOOTENAI/20X120/ECOCERAMIC_PZ_KOOTENAI-20X120_STRAW.webp, ECOCERAMIC/KOOTENAI/20X120/ECOCERAMIC_PZ_KOOTENAI-20X120_TAUPE.webp, ECOCERAMIC/KOOTENAI/20X120/ECOCERAMIC_PZ_KOOTENAI-20X120_WHITE.webp, ECOCERAMIC/KOOTENAI/20X120/ECOCERAMIC_PZ_KOOTENAI_HAYA_20X120_DETALLE.webp, ECOCERAMIC/KOOTENAI/20X120/ECOCERAMIC_PZ_KOOTENAI_NATURAL_20X120_DETALLE.webp, ECOCERAMIC/KOOTENAI/20X120/ECOCERAMIC_PZ_KOOTENAI_WHITE_20X120_DETALLE.webp, ECOCERAMIC/KOOTENAI/8X442/ECOCERAMIC_PZ_KOOTENAI-8X442_CEREZO_8X44.webp, ECOCERAMIC/KOOTENAI/8X442/ECOCERAMIC_PZ_KOOTENAI-8X442_HAYA_8X44.webp, ECOCERAMIC/KOOTENAI/8X442/ECOCERAMIC_PZ_KOOTENAI-8X442_NATURAL_8X44.webp, ECOCERAMIC/KOOTENAI/8X442/ECOCERAMIC_PZ_KOOTENAI-8X442_STRAW_8X44.webp, ECOCERAMIC/KOOTENAI/PELDANO/ECOCERAMIC_PZ_KOOTENAI_PELDANO-EXTRUSIONADO_CEREZO_32X120.webp, ECOCERAMIC/KOOTENAI/PELDANO/ECOCERAMIC_PZ_KOOTENAI_PELDANO-EXTRUSIONADO_HAYA_32X120.webp, ECOCERAMIC/KOOTENAI/PELDANO/ECOCERAMIC_PZ_KOOTENAI_PELDANO-EXTRUSIONADO_HAYA_32X120_01.webp, ECOCERAMIC/KOOTENAI/PELDANO/ECOCERAMIC_PZ_KOOTENAI_PELDANO-EXTRUSIONADO_HAYA_32X120_02.webp, ECOCERAMIC/KOOTENAI/PELDANO/ECOCERAMIC_PZ_KOOTENAI_PELDANO-EXTRUSIONADO_NATURAL_32X120.webp, ECOCERAMIC/KOOTENAI/PELDANO/ECOCERAMIC_PZ_KOOTENAI_PELDANO-EXTRUSIONADO_NATURAL_32X120_01.webp, ECOCERAMIC/KOOTENAI/PELDANO/ECOCERAMIC_PZ_KOOTENAI_PELDANO-EXTRUSIONADO_NATURAL_32X120_02.webp, ECOCERAMIC/KOOTENAI/PELDANO/ECOCERAMIC_PZ_KOOTENAI_PELDANO-EXTRUSIONADO_STRAW_32X120.webp, ECOCERAMIC/KOOTENAI/PELDANO/ECOCERAMIC_PZ_KOOTENAI_PELDANO-EXTRUSIONADO_TAUPE_32X120.webp",Ficha técnica Kootenai,ECOCERAMIC/KOOTENAI/ECOCERAMIC_FICHA_KOOTENAI.jpg,,0,Modelo,Kootenai,1,1,,Color,White | Pearl | Haya | Natural | Straw | Taupe | Cerezo,1,1,White,Formato,20X120,1,1,,Acabado,Mate,1,1,,Espesor,9 MM,1,1,,Tipo de pieza,Baldosa,1,1,,Material,Porcelánico,1,1,,Antideslizante,No,1,1,,Versión antideslizante,No | Sí,1,1,,Uso,Pavimento y revestimiento,1,1,,,,,,,,,,,,Familia,Eco Woods,1,1,,Fabricante,Ecoceramic,1,1,,,,,,,,,,,,,,,,,,"Interior: salón, dormitorio, cocina y baño; efecto madera",Eco Woods,Kootenai,Esmalto,Ecoceramic,ECOCERAMIC/KOOTENAI/ECOCERAMIC_FICHA_KOOTENAI.jpg,Material: Porcelánico | Acabado: Mate | Uso: Pavimento y revestimiento | Espesor: 9 MM | Antideslizante: No | Versión antideslizante disponible: No | Tipo de pieza: Baldosa,Kootenai | Porcelánico Eco Woods | Esmalto,"Serie Kootenai de Ecoceramic en porcelánico, acabado mate. 7 color(es) y 1 formato(s)."
,variation,ESM-KOOTENAI-CEREZO-20X120,Kootenai Cerezo 20X120,1,,visible,,,taxable,,1,,,,32,,,,,,,,,,,ECOCERAMIC/KOOTENAI/20X120/ECOCERAMIC_PZ_KOOTENAI-20X120_CEREZO.webp,,,ESM-KOOTENAI,177,Modelo,Kootenai,1,1,,Color,Cerezo,1,1,,,,,,,,,,,,,,,,,,,,,,,,,,,,,,,,,,,,,,,,,,,,,,,,,,,,,,,,,,,,,,1.68,32,7,44,"73,92",1437,18,20X120,9 MM,Porcelánico,Mate,Pavimento y revestimiento,,No,No,,"Interior: salón, dormitorio, cocina y baño; efecto madera",Eco Woods,Kootenai,Esmalto,Ecoceramic,,Material: Porcelánico | Acabado: Mate | Uso: Pavimento y revestimiento | Espesor: 9 MM | Antideslizante: No | Versión antideslizante disponible: No | Tipo de pieza: Baldosa,,
,variation,ESM-KOOTENAI-HAYA-20X120,Kootenai Haya 20X120,1,,visible,,,taxable,,1,,,,32,,,,,,,,,,,ECOCERAMIC/KOOTENAI/20X120/ECOCERAMIC_PZ_KOOTENAI_HAYA_20X120_DETALLE.webp,,,ESM-KOOTENAI,178,Modelo,Kootenai,1,1,,Color,Haya,1,1,,,,,,,,,,,,,,,,,,,,,,,,,,,,,,,,,,,,,,,,,,,,,,,,,,,,,,,,,,,,,,1.68,32,7,44,"73,92",1437,18,20X120,9 MM,Porcelánico,Mate,Pavimento y revestimiento,,No,Sí,,"Interior: salón, dormitorio, cocina y baño; efecto madera",Eco Woods,Kootenai,Esmalto,Ecoceramic,,Material: Porcelánico | Acabado: Mate | Uso: Pavimento y revestimiento | Espesor: 9 MM | Antideslizante: No | Versión antideslizante disponible: Sí | Tipo de pieza: Baldosa,,
,variation,ESM-KOOTENAI-NATURAL-20X120,Kootenai Natural 20X120,1,,visible,,,taxable,,1,,,,32,,,,,,,,,,,ECOCERAMIC/KOOTENAI/20X120/ECOCERAMIC_PZ_KOOTENAI_NATURAL_20X120_DETALLE.webp,,,ESM-KOOTENAI,179,Modelo,Kootenai,1,1,,Color,Natural,1,1,,,,,,,,,,,,,,,,,,,,,,,,,,,,,,,,,,,,,,,,,,,,,,,,,,,,,,,,,,,,,,1.68,32,7,44,"73,92",1437,18,20X120,9 MM,Porcelánico,Mate,Pavimento y revestimiento,,No,Sí,,"Interior: salón, dormitorio, cocina y baño; efecto madera",Eco Woods,Kootenai,Esmalto,Ecoceramic,,Material: Porcelánico | Acabado: Mate | Uso: Pavimento y revestimiento | Espesor: 9 MM | Antideslizante: No | Versión antideslizante disponible: Sí | Tipo de pieza: Baldosa,,
,variation,ESM-KOOTENAI-PEARL-20X120,Kootenai Pearl 20X120,1,,visible,,,taxable,,1,,,,32,,,,,,,,,,,ECOCERAMIC/KOOTENAI/20X120/ECOCERAMIC_PZ_KOOTENAI-20X120_PEARL.webp,,,ESM-KOOTENAI,180,Modelo,Kootenai,1,1,,Color,Pearl,1,1,,,,,,,,,,,,,,,,,,,,,,,,,,,,,,,,,,,,,,,,,,,,,,,,,,,,,,,,,,,,,,1.68,32,7,44,"73,92",1437,18,20X120,9 MM,Porcelánico,Mate,Pavimento y revestimiento,,No,No,,"Interior: salón, dormitorio, cocina y baño; efecto madera",Eco Woods,Kootenai,Esmalto,Ecoceramic,,Material: Porcelánico | Acabado: Mate | Uso: Pavimento y revestimiento | Espesor: 9 MM | Antideslizante: No | Versión antideslizante disponible: No | Tipo de pieza: Baldosa,,
,variation,ESM-KOOTENAI-STRAW-20X120,Kootenai Straw 20X120,1,,visible,,,taxable,,1,,,,32,,,,,,,,,,,ECOCERAMIC/KOOTENAI/20X120/ECOCERAMIC_PZ_KOOTENAI-20X120_STRAW.webp,,,ESM-KOOTENAI,181,Modelo,Kootenai,1,1,,Color,Straw,1,1,,,,,,,,,,,,,,,,,,,,,,,,,,,,,,,,,,,,,,,,,,,,,,,,,,,,,,,,,,,,,,1.68,32,7,44,"73,92",1437,18,20X120,9 MM,Porcelánico,Mate,Pavimento y revestimiento,,No,Sí,,"Interior: salón, dormitorio, cocina y baño; efecto madera",Eco Woods,Kootenai,Esmalto,Ecoceramic,,Material: Porcelánico | Acabado: Mate | Uso: Pavimento y revestimiento | Espesor: 9 MM | Antideslizante: No | Versión antideslizante disponible: Sí | Tipo de pieza: Baldosa,,
,variation,ESM-KOOTENAI-TAUPE-20X120,Kootenai Taupe 20X120,1,,visible,,,taxable,,1,,,,32,,,,,,,,,,,ECOCERAMIC/KOOTENAI/20X120/ECOCERAMIC_PZ_KOOTENAI-20X120_TAUPE.webp,,,ESM-KOOTENAI,182,Modelo,Kootenai,1,1,,Color,Taupe,1,1,,,,,,,,,,,,,,,,,,,,,,,,,,,,,,,,,,,,,,,,,,,,,,,,,,,,,,,,,,,,,,1.68,32,7,44,"73,92",1437,18,20X120,9 MM,Porcelánico,Mate,Pavimento y revestimiento,,No,No,,"Interior: salón, dormitorio, cocina y baño; efecto madera",Eco Woods,Kootenai,Esmalto,Ecoceramic,,Material: Porcelánico | Acabado: Mate | Uso: Pavimento y revestimiento | Espesor: 9 MM | Antideslizante: No | Versión antideslizante disponible: No | Tipo de pieza: Baldosa,,
,variation,ESM-KOOTENAI-WHITE-20X120,Kootenai White 20X120,1,,visible,,,taxable,,1,,,,32,,,,,,,,,,,ECOCERAMIC/KOOTENAI/20X120/ECOCERAMIC_PZ_KOOTENAI_WHITE_20X120_DETALLE.webp,,,ESM-KOOTENAI,183,Modelo,Kootenai,1,1,,Color,White,1,1,,,,,,,,,,,,,,,,,,,,,,,,,,,,,,,,,,,,,,,,,,,,,,,,,,,,,,,,,,,,,,1.68,32,7,44,"73,92",1437,18,20X120,9 MM,Porcelánico,Mate,Pavimento y revestimiento,,No,No,,"Interior: salón, dormitorio, cocina y baño; efecto madera",Eco Woods,Kootenai,Esmalto,Ecoceramic,,Material: Porcelánico | Acabado: Mate | Uso: Pavimento y revestimiento | Espesor: 9 MM | Antideslizante: No | Versión antideslizante disponible: No | Tipo de pieza: Baldosa,,
,variable,ESM-LOIRE,Loire,1,0,visible,"Serie Loire de Ecoceramic en porcelánico, acabado mate. 3 color(es) y 1 formato(s).","<p>La serie <strong>Loire</strong> de Ecoceramic está fabricada en porcelánico con acabado mate. Se presenta en 3 color(es) y 1 formato(s), con un total de 3 referencias.</p><h3>Características técnicas</h3><ul><li><strong>Material:</strong> Porcelánico</li><li><strong>Acabado:</strong> Mate</li><li><strong>Uso:</strong> Pavimento y revestimiento</li><li><strong>Espesor:</strong> 9 MM</li><li><strong>Antideslizante:</strong> No</li><li><strong>Versión antideslizante:</strong> No</li><li><strong>Tipo de pieza:</strong> Baldosa</li><li><strong>Familia:</strong> Eco Woods</li></ul><p><strong>Colores disponibles:</strong> Pearl, Maple, Oak.<br><strong>Formatos:</strong> 60X120.</p><p><strong>Espacios recomendados:</strong> Interior: salón, dormitorio, cocina y baño; efecto madera.</p><h3>Datos de embalaje</h3><table><thead><tr><th>Formato</th><th>Pz/caja</th><th>m²/caja</th><th>Kg/caja</th><th>Cajas/palet</th><th>m²/palet</th><th>Kg/palet</th></tr></thead><tbody><tr><td>60X120</td><td>2</td><td>1,44</td><td>28,62</td><td>36</td><td>51,84</td><td>1055,32</td></tr></tbody></table>",taxable,,1,,0,0,,,,,1,,,,Pavimentos y revestimientos > Eco Woods > Loire,"Loire, Ecoceramic, Esmalto, Eco Woods, Pearl, Maple, Oak, 60X120, Porcelánico",,"ECOCERAMIC/LOIRE/ECOCERAMIC_AMB_LOIRE.webp, ECOCERAMIC/LOIRE/ECOCERAMIC_AMB_LOIRE_60X120.webp, ECOCERAMIC/LOIRE/ECOCERAMIC_AMB_LOIRE_MAPLE.webp, ECOCERAMIC/LOIRE/ECOCERAMIC_AMB_LOIRE_MAPLE_60X120.webp, ECOCERAMIC/LOIRE/ECOCERAMIC_AMB_LOIRE_MAPLE_BATHROOM.webp, ECOCERAMIC/LOIRE/ECOCERAMIC_AMB_LOIRE_MAPLE_KITCHEN.webp, ECOCERAMIC/LOIRE/ECOCERAMIC_AMB_LOIRE_MAPLE_LIVING.webp, ECOCERAMIC/LOIRE/ECOCERAMIC_AMB_LOIRE_OAK_BEDROOM.webp, ECOCERAMIC/LOIRE/ECOCERAMIC_AMB_LOIRE_OAK_LIVING.webp, ECOCERAMIC/LOIRE/ECOCERAMIC_AMB_LOIRE_PEARL_LIVING.webp, ECOCERAMIC/LOIRE/ECOCERAMIC_PZ_LOIRE_MAPLE_60X120.webp, ECOCERAMIC/LOIRE/ECOCERAMIC_PZ_LOIRE_OAK_60X120.webp, ECOCERAMIC/LOIRE/ECOCERAMIC_PZ_LOIRE_PEARL_60X120.webp, ECOCERAMIC/LOIRE/CARAS/ECOCERAMIC_PZ_LOIRE-CARAS_MAPLE_60X120.webp, ECOCERAMIC/LOIRE/CARAS/ECOCERAMIC_PZ_LOIRE-CARAS_OAK_60X120.webp, ECOCERAMIC/LOIRE/CARAS/ECOCERAMIC_PZ_LOIRE-CARAS_PEARL_60X120.webp",Ficha técnica Loire,ECOCERAMIC/LOIRE/ECOCERAMIC_FICHA_LOIRE.jpg,,0,Modelo,Loire,1,1,,Color,Pearl | Maple | Oak,1,1,Pearl,Formato,60X120,1,1,,Acabado,Mate,1,1,,Espesor,9 MM,1,1,,Tipo de pieza,Baldosa,1,1,,Material,Porcelánico,1,1,,Antideslizante,No,1,1,,Versión antideslizante,No,1,1,,Uso,Pavimento y revestimiento,1,1,,,,,,,,,,,,Familia,Eco Woods,1,1,,Fabricante,Ecoceramic,1,1,,,,,,,,,,,,,,,,,,"Interior: salón, dormitorio, cocina y baño; efecto madera",Eco Woods,Loire,Esmalto,Ecoceramic,ECOCERAMIC/LOIRE/ECOCERAMIC_FICHA_LOIRE.jpg,Material: Porcelánico | Acabado: Mate | Uso: Pavimento y revestimiento | Espesor: 9 MM | Antideslizante: No | Versión antideslizante disponible: No | Tipo de pieza: Baldosa,Loire | Porcelánico Eco Woods | Esmalto,"Serie Loire de Ecoceramic en porcelánico, acabado mate. 3 color(es) y 1 formato(s)."
,variation,ESM-LOIRE-MAPLE-60X120,Loire Maple 60X120,1,,visible,,,taxable,,1,,,,28.62,,,,,,,,,,,ECOCERAMIC/LOIRE/ECOCERAMIC_PZ_LOIRE_MAPLE_60X120.webp,,,ESM-LOIRE,184,Modelo,Loire,1,1,,Color,Maple,1,1,,,,,,,,,,,,,,,,,,,,,,,,,,,,,,,,,,,,,,,,,,,,,,,,,,,,,,,,,,,,,,1.44,28.62,2,36,"51,84","1055,32",31,60X120,9 MM,Porcelánico,Mate,Pavimento y revestimiento,,No,No,,"Interior: salón, dormitorio, cocina y baño; efecto madera",Eco Woods,Loire,Esmalto,Ecoceramic,,Material: Porcelánico | Acabado: Mate | Uso: Pavimento y revestimiento | Espesor: 9 MM | Antideslizante: No | Versión antideslizante disponible: No | Tipo de pieza: Baldosa,,
,variation,ESM-LOIRE-OAK-60X120,Loire Oak 60X120,1,,visible,,,taxable,,1,,,,28.62,,,,,,,,,,,ECOCERAMIC/LOIRE/ECOCERAMIC_PZ_LOIRE_OAK_60X120.webp,,,ESM-LOIRE,185,Modelo,Loire,1,1,,Color,Oak,1,1,,,,,,,,,,,,,,,,,,,,,,,,,,,,,,,,,,,,,,,,,,,,,,,,,,,,,,,,,,,,,,1.44,28.62,2,36,"51,84","1055,32",31,60X120,9 MM,Porcelánico,Mate,Pavimento y revestimiento,,No,No,,"Interior: salón, dormitorio, cocina y baño; efecto madera",Eco Woods,Loire,Esmalto,Ecoceramic,,Material: Porcelánico | Acabado: Mate | Uso: Pavimento y revestimiento | Espesor: 9 MM | Antideslizante: No | Versión antideslizante disponible: No | Tipo de pieza: Baldosa,,
,variation,ESM-LOIRE-PEARL-60X120,Loire Pearl 60X120,1,,visible,,,taxable,,1,,,,28.62,,,,,,,,,,,ECOCERAMIC/LOIRE/ECOCERAMIC_PZ_LOIRE_PEARL_60X120.webp,,,ESM-LOIRE,186,Modelo,Loire,1,1,,Color,Pearl,1,1,,,,,,,,,,,,,,,,,,,,,,,,,,,,,,,,,,,,,,,,,,,,,,,,,,,,,,,,,,,,,,1.44,28.62,2,36,"51,84","1055,32",31,60X120,9 MM,Porcelánico,Mate,Pavimento y revestimiento,,No,No,,"Interior: salón, dormitorio, cocina y baño; efecto madera",Eco Woods,Loire,Esmalto,Ecoceramic,,Material: Porcelánico | Acabado: Mate | Uso: Pavimento y revestimiento | Espesor: 9 MM | Antideslizante: No | Versión antideslizante disponible: No | Tipo de pieza: Baldosa,,
,variable,ESM-LUCCA,Lucca,1,0,visible,"Serie Lucca de Ecoceramic en porcelánico y pasta blanca, acabado mate. 4 color(es) y 3 formato(s).","<p>Lucca combina suavidad, equilibrio y una inspiración natural. Su versión en pasta blanca para revestimiento, con relieves delicados, añade riqueza táctil y visual a paredes que buscan calidez y calma.</p><h3>Características técnicas</h3><ul><li><strong>Material:</strong> Porcelánico y Pasta blanca</li><li><strong>Acabado:</strong> Mate</li><li><strong>Uso:</strong> Revestimiento</li><li><strong>Espesor:</strong> 9 MM</li><li><strong>Rectificado:</strong> Sí</li><li><strong>Antideslizante:</strong> No</li><li><strong>Versión antideslizante:</strong> No</li><li><strong>Destonificación:</strong> V2 Suave</li><li><strong>Tipo de pieza:</strong> Baldosa y Relieve</li></ul><p><strong>Colores disponibles:</strong> Marfil, Taupe, Blanco, Perla.<br><strong>Formatos:</strong> 60X120, 100X100, 33.3X100.</p><p><strong>Espacios recomendados:</strong> Interior: salón, baño, cocina.</p>",taxable,,1,,0,0,,,,,1,,,,Pavimentos y revestimientos > Cerámica > Lucca,"Lucca, Ecoceramic, Esmalto, Marfil, Taupe, Blanco, Perla, 60X120, 100X100, 33.3X100, Porcelánico, Pasta blanca",,,,,,0,Modelo,Lucca,1,1,,Color,Marfil | Taupe | Blanco | Perla,1,1,Marfil,Formato,60X120 | 100X100 | 33.3X100,1,1,60X120,Acabado,Mate,1,1,,Espesor,9 MM,1,1,,Tipo de pieza,Baldosa | Relieve,1,1,Baldosa,Material,Porcelánico | Pasta blanca,1,1,,Antideslizante,No,1,1,,Versión antideslizante,No,1,1,,Uso,Revestimiento,1,1,,Rectificado,Sí,1,1,,Destonificación,V2 Suave,1,1,,,,,,,Fabricante,Ecoceramic,1,1,,,,,,,,,,,,,,,,,,"Interior: salón, baño, cocina",,Lucca,Esmalto,Ecoceramic,,Material: Porcelánico | Acabado: Mate | Uso: Revestimiento | Espesor: 9 MM | Rectificado: Sí | Antideslizante: No | Versión antideslizante disponible: No | Destonificación: V2 Suave | Tipo de pieza: Baldosa,Lucca | Porcelánico  | Esmalto,"Serie Lucca de Ecoceramic en porcelánico y pasta blanca, acabado mate. 4 color(es) y 3 formato(s)."
,variation,ESM-LUCCA-BLANCO-100X100,Lucca Blanco 100X100,1,,visible,,,taxable,,1,,,,41.15,,,,,,,,,,,,,,ESM-LUCCA,187,Modelo,Lucca,1,1,,Color,Blanco,1,1,,Formato,100X100,1,1,,,,,,,,,,,,Tipo de pieza,Baldosa,1,1,,,,,,,,,,,,,,,,,,,,,,,,,,,,,,,,,,,,,,,,,,2,41.15,,,,,,100X100,9 MM,Porcelánico,Mate,Revestimiento,Sí,No,No,V2 Suave,"Interior: salón, baño, cocina",,Lucca,Esmalto,Ecoceramic,,Material: Porcelánico | Acabado: Mate | Uso: Revestimiento | Espesor: 9 MM | Rectificado: Sí | Antideslizante: No | Versión antideslizante disponible: No | Destonificación: V2 Suave | Tipo de pieza: Baldosa,,
,variation,ESM-LUCCA-MARFIL-100X100,Lucca Marfil 100X100,1,,visible,,,taxable,,1,,,,41.15,,,,,,,,,,,,,,ESM-LUCCA,188,Modelo,Lucca,1,1,,Color,Marfil,1,1,,Formato,100X100,1,1,,,,,,,,,,,,Tipo de pieza,Baldosa,1,1,,,,,,,,,,,,,,,,,,,,,,,,,,,,,,,,,,,,,,,,,,2,41.15,,,,,,100X100,9 MM,Porcelánico,Mate,Revestimiento,Sí,No,No,V2 Suave,"Interior: salón, baño, cocina",,Lucca,Esmalto,Ecoceramic,,Material: Porcelánico | Acabado: Mate | Uso: Revestimiento | Espesor: 9 MM | Rectificado: Sí | Antideslizante: No | Versión antideslizante disponible: No | Destonificación: V2 Suave | Tipo de pieza: Baldosa,,
,variation,ESM-LUCCA-PERLA-100X100,Lucca Perla 100X100,1,,visible,,,taxable,,1,,,,41.15,,,,,,,,,,,,,,ESM-LUCCA,189,Modelo,Lucca,1,1,,Color,Perla,1,1,,Formato,100X100,1,1,,,,,,,,,,,,Tipo de pieza,Baldosa,1,1,,,,,,,,,,,,,,,,,,,,,,,,,,,,,,,,,,,,,,,,,,2,41.15,,,,,,100X100,9 MM,Porcelánico,Mate,Revestimiento,Sí,No,No,V2 Suave,"Interior: salón, baño, cocina",,Lucca,Esmalto,Ecoceramic,,Material: Porcelánico | Acabado: Mate | Uso: Revestimiento | Espesor: 9 MM | Rectificado: Sí | Antideslizante: No | Versión antideslizante disponible: No | Destonificación: V2 Suave | Tipo de pieza: Baldosa,,
,variation,ESM-LUCCA-TAUPE-100X100,Lucca Taupe 100X100,1,,visible,,,taxable,,1,,,,41.15,,,,,,,,,,,,,,ESM-LUCCA,190,Modelo,Lucca,1,1,,Color,Taupe,1,1,,Formato,100X100,1,1,,,,,,,,,,,,Tipo de pieza,Baldosa,1,1,,,,,,,,,,,,,,,,,,,,,,,,,,,,,,,,,,,,,,,,,,2,41.15,,,,,,100X100,9 MM,Porcelánico,Mate,Revestimiento,Sí,No,No,V2 Suave,"Interior: salón, baño, cocina",,Lucca,Esmalto,Ecoceramic,,Material: Porcelánico | Acabado: Mate | Uso: Revestimiento | Espesor: 9 MM | Rectificado: Sí | Antideslizante: No | Versión antideslizante disponible: No | Destonificación: V2 Suave | Tipo de pieza: Baldosa,,
,variation,ESM-LUCCA-BLANCO-333X100,Lucca Blanco 33.3X100,1,,visible,,,taxable,,1,,,,25,,,,,,,,,,,,,,ESM-LUCCA,191,Modelo,Lucca,1,1,,Color,Blanco,1,1,,Formato,33.3X100,1,1,,,,,,,,,,,,Tipo de pieza,Baldosa,1,1,,,,,,,,,,,,,,,,,,,,,,,,,,,,,,,,,,,,,,,,,,2,25,,,,,,33.3X100,9 MM,Pasta blanca,Mate,Revestimiento,Sí,,,V2 Suave,"Interior: salón, baño, cocina",,Lucca,Esmalto,Ecoceramic,,Material: Pasta blanca | Acabado: Mate | Uso: Revestimiento | Espesor: 9 MM | Rectificado: Sí | Destonificación: V2 Suave | Tipo de pieza: Baldosa,,
,variation,ESM-LUCCA-MARFIL-333X100,Lucca Marfil 33.3X100,1,,visible,,,taxable,,1,,,,25,,,,,,,,,,,,,,ESM-LUCCA,192,Modelo,Lucca,1,1,,Color,Marfil,1,1,,Formato,33.3X100,1,1,,,,,,,,,,,,Tipo de pieza,Baldosa,1,1,,,,,,,,,,,,,,,,,,,,,,,,,,,,,,,,,,,,,,,,,,2,25,,,,,,33.3X100,9 MM,Pasta blanca,Mate,Revestimiento,Sí,,,V2 Suave,"Interior: salón, baño, cocina",,Lucca,Esmalto,Ecoceramic,,Material: Pasta blanca | Acabado: Mate | Uso: Revestimiento | Espesor: 9 MM | Rectificado: Sí | Destonificación: V2 Suave | Tipo de pieza: Baldosa,,
,variation,ESM-LUCCA-PERLA-333X100,Lucca Perla 33.3X100,1,,visible,,,taxable,,1,,,,25,,,,,,,,,,,,,,ESM-LUCCA,193,Modelo,Lucca,1,1,,Color,Perla,1,1,,Formato,33.3X100,1,1,,,,,,,,,,,,Tipo de pieza,Baldosa,1,1,,,,,,,,,,,,,,,,,,,,,,,,,,,,,,,,,,,,,,,,,,2,25,,,,,,33.3X100,9 MM,Pasta blanca,Mate,Revestimiento,Sí,,,V2 Suave,"Interior: salón, baño, cocina",,Lucca,Esmalto,Ecoceramic,,Material: Pasta blanca | Acabado: Mate | Uso: Revestimiento | Espesor: 9 MM | Rectificado: Sí | Destonificación: V2 Suave | Tipo de pieza: Baldosa,,
,variation,ESM-LUCCA-TAUPE-333X100,Lucca Taupe 33.3X100,1,,visible,,,taxable,,1,,,,25,,,,,,,,,,,,,,ESM-LUCCA,194,Modelo,Lucca,1,1,,Color,Taupe,1,1,,Formato,33.3X100,1,1,,,,,,,,,,,,Tipo de pieza,Baldosa,1,1,,,,,,,,,,,,,,,,,,,,,,,,,,,,,,,,,,,,,,,,,,2,25,,,,,,33.3X100,9 MM,Pasta blanca,Mate,Revestimiento,Sí,,,V2 Suave,"Interior: salón, baño, cocina",,Lucca,Esmalto,Ecoceramic,,Material: Pasta blanca | Acabado: Mate | Uso: Revestimiento | Espesor: 9 MM | Rectificado: Sí | Destonificación: V2 Suave | Tipo de pieza: Baldosa,,
,variation,ESM-LUCCA-BLANCO-60X120,Lucca Blanco 60X120,1,,visible,,,taxable,,1,,,,28.62,,,,,,,,,,,,,,ESM-LUCCA,195,Modelo,Lucca,1,1,,Color,Blanco,1,1,,Formato,60X120,1,1,,,,,,,,,,,,Tipo de pieza,Baldosa,1,1,,,,,,,,,,,,,,,,,,,,,,,,,,,,,,,,,,,,,,,,,,1.44,28.62,,,,,,60X120,9 MM,Porcelánico,Mate,Revestimiento,Sí,No,No,V2 Suave,"Interior: salón, baño, cocina",,Lucca,Esmalto,Ecoceramic,,Material: Porcelánico | Acabado: Mate | Uso: Revestimiento | Espesor: 9 MM | Rectificado: Sí | Antideslizante: No | Versión antideslizante disponible: No | Destonificación: V2 Suave | Tipo de pieza: Baldosa,,
,variation,ESM-LUCCA-MARFIL-60X120,Lucca Marfil 60X120,1,,visible,,,taxable,,1,,,,28.62,,,,,,,,,,,,,,ESM-LUCCA,196,Modelo,Lucca,1,1,,Color,Marfil,1,1,,Formato,60X120,1,1,,,,,,,,,,,,Tipo de pieza,Baldosa,1,1,,,,,,,,,,,,,,,,,,,,,,,,,,,,,,,,,,,,,,,,,,1.44,28.62,,,,,,60X120,9 MM,Porcelánico,Mate,Revestimiento,Sí,No,No,V2 Suave,"Interior: salón, baño, cocina",,Lucca,Esmalto,Ecoceramic,,Material: Porcelánico | Acabado: Mate | Uso: Revestimiento | Espesor: 9 MM | Rectificado: Sí | Antideslizante: No | Versión antideslizante disponible: No | Destonificación: V2 Suave | Tipo de pieza: Baldosa,,
,variation,ESM-LUCCA-PERLA-60X120,Lucca Perla 60X120,1,,visible,,,taxable,,1,,,,28.62,,,,,,,,,,,,,,ESM-LUCCA,197,Modelo,Lucca,1,1,,Color,Perla,1,1,,Formato,60X120,1,1,,,,,,,,,,,,Tipo de pieza,Baldosa,1,1,,,,,,,,,,,,,,,,,,,,,,,,,,,,,,,,,,,,,,,,,,1.44,28.62,,,,,,60X120,9 MM,Porcelánico,Mate,Revestimiento,Sí,No,No,V2 Suave,"Interior: salón, baño, cocina",,Lucca,Esmalto,Ecoceramic,,Material: Porcelánico | Acabado: Mate | Uso: Revestimiento | Espesor: 9 MM | Rectificado: Sí | Antideslizante: No | Versión antideslizante disponible: No | Destonificación: V2 Suave | Tipo de pieza: Baldosa,,
,variation,ESM-LUCCA-TAUPE-60X120,Lucca Taupe 60X120,1,,visible,,,taxable,,1,,,,28.62,,,,,,,,,,,,,,ESM-LUCCA,198,Modelo,Lucca,1,1,,Color,Taupe,1,1,,Formato,60X120,1,1,,,,,,,,,,,,Tipo de pieza,Baldosa,1,1,,,,,,,,,,,,,,,,,,,,,,,,,,,,,,,,,,,,,,,,,,1.44,28.62,,,,,,60X120,9 MM,Porcelánico,Mate,Revestimiento,Sí,No,No,V2 Suave,"Interior: salón, baño, cocina",,Lucca,Esmalto,Ecoceramic,,Material: Porcelánico | Acabado: Mate | Uso: Revestimiento | Espesor: 9 MM | Rectificado: Sí | Antideslizante: No | Versión antideslizante disponible: No | Destonificación: V2 Suave | Tipo de pieza: Baldosa,,
,variation,ESM-LUCCA-BLANCO-333X100-RLV,Lucca Blanco 33.3X100 Relieve,1,,visible,,,taxable,,1,,,,25,,,,,,,,,,,,,,ESM-LUCCA,199,Modelo,Lucca,1,1,,Color,Blanco,1,1,,Formato,33.3X100,1,1,,,,,,,,,,,,Tipo de pieza,Relieve,1,1,,,,,,,,,,,,,,,,,,,,,,,,,,,,,,,,,,,,,,,,,,2,25,,,,,,33.3X100,9 MM,Pasta blanca,Mate,Revestimiento,Sí,,,V2 Suave,"Interior: salón, baño, cocina",,Lucca,Esmalto,Ecoceramic,,Material: Pasta blanca | Acabado: Mate | Uso: Revestimiento | Espesor: 9 MM | Rectificado: Sí | Destonificación: V2 Suave | Tipo de pieza: Relieve,,
,variation,ESM-LUCCA-MARFIL-333X100-RLV,Lucca Marfil 33.3X100 Relieve,1,,visible,,,taxable,,1,,,,25,,,,,,,,,,,,,,ESM-LUCCA,200,Modelo,Lucca,1,1,,Color,Marfil,1,1,,Formato,33.3X100,1,1,,,,,,,,,,,,Tipo de pieza,Relieve,1,1,,,,,,,,,,,,,,,,,,,,,,,,,,,,,,,,,,,,,,,,,,2,25,,,,,,33.3X100,9 MM,Pasta blanca,Mate,Revestimiento,Sí,,,V2 Suave,"Interior: salón, baño, cocina",,Lucca,Esmalto,Ecoceramic,,Material: Pasta blanca | Acabado: Mate | Uso: Revestimiento | Espesor: 9 MM | Rectificado: Sí | Destonificación: V2 Suave | Tipo de pieza: Relieve,,
,variation,ESM-LUCCA-PERLA-333X100-RLV,Lucca Perla 33.3X100 Relieve,1,,visible,,,taxable,,1,,,,25,,,,,,,,,,,,,,ESM-LUCCA,201,Modelo,Lucca,1,1,,Color,Perla,1,1,,Formato,33.3X100,1,1,,,,,,,,,,,,Tipo de pieza,Relieve,1,1,,,,,,,,,,,,,,,,,,,,,,,,,,,,,,,,,,,,,,,,,,2,25,,,,,,33.3X100,9 MM,Pasta blanca,Mate,Revestimiento,Sí,,,V2 Suave,"Interior: salón, baño, cocina",,Lucca,Esmalto,Ecoceramic,,Material: Pasta blanca | Acabado: Mate | Uso: Revestimiento | Espesor: 9 MM | Rectificado: Sí | Destonificación: V2 Suave | Tipo de pieza: Relieve,,
,variation,ESM-LUCCA-TAUPE-333X100-RLV,Lucca Taupe 33.3X100 Relieve,1,,visible,,,taxable,,1,,,,25,,,,,,,,,,,,,,ESM-LUCCA,202,Modelo,Lucca,1,1,,Color,Taupe,1,1,,Formato,33.3X100,1,1,,,,,,,,,,,,Tipo de pieza,Relieve,1,1,,,,,,,,,,,,,,,,,,,,,,,,,,,,,,,,,,,,,,,,,,2,25,,,,,,33.3X100,9 MM,Pasta blanca,Mate,Revestimiento,Sí,,,V2 Suave,"Interior: salón, baño, cocina",,Lucca,Esmalto,Ecoceramic,,Material: Pasta blanca | Acabado: Mate | Uso: Revestimiento | Espesor: 9 MM | Rectificado: Sí | Destonificación: V2 Suave | Tipo de pieza: Relieve,,
,variable,ESM-MANLEY,Manley,1,0,visible,"Serie Manley de Ecoceramic en porcelánico, acabado mate. 5 color(es) y 4 formato(s).","<p>La serie <strong>Manley</strong> de Ecoceramic está fabricada en porcelánico con acabado mate. Se presenta en 5 color(es) y 4 formato(s), con un total de 20 referencias.</p><h3>Características técnicas</h3><ul><li><strong>Material:</strong> Porcelánico</li><li><strong>Acabado:</strong> Mate</li><li><strong>Uso:</strong> Pavimento y revestimiento</li><li><strong>Espesor:</strong> 9 MM</li><li><strong>Antideslizante:</strong> No</li><li><strong>Versión antideslizante:</strong> No</li><li><strong>Tipo de pieza:</strong> Baldosa</li><li><strong>Familia:</strong> Porcelain</li></ul><p><strong>Colores disponibles:</strong> Blanco, Marfil, Perla, Gris, Negro.<br><strong>Formatos:</strong> 60X120, 45X90, 60X60, 30X60.</p><p><strong>Espacios recomendados:</strong> Interior y exterior: salón, cocina, baño, terraza y fachada.</p><h3>Datos de embalaje</h3><table><thead><tr><th>Formato</th><th>Pz/caja</th><th>m²/caja</th><th>Kg/caja</th><th>Cajas/palet</th><th>m²/palet</th><th>Kg/palet</th></tr></thead><tbody><tr><td>30X60</td><td>6</td><td>1,08</td><td>22,63</td><td>48</td><td>51,84</td><td>1086,24</td></tr><tr><td>45X90</td><td>3</td><td>1,21</td><td>25</td><td>55</td><td>66,55</td><td>1395</td></tr><tr><td>60X120</td><td>2</td><td>1,44</td><td>28,62</td><td>36</td><td>51,84</td><td>1055</td></tr><tr><td>60X60</td><td>4</td><td>1,44</td><td>29,75</td><td>30</td><td>43,20</td><td>892,5</td></tr></tbody></table>",taxable,,1,,0,0,,,,,1,,,,Pavimentos y revestimientos > Porcelain > Manley,"Manley, Ecoceramic, Esmalto, Porcelain, Blanco, Marfil, Perla, Gris, Negro, 60X120, 45X90, 60X60, 30X60, Porcelánico",,"ECOCERAMIC/MANLEY/ECOCERAMIC_AMB_HELSINKI_BLANCO_TAUPE_FACHADA.webp, ECOCERAMIC/MANLEY/ECOCERAMIC_AMB_MANLEY_MIX.webp, ECOCERAMIC/MANLEY/ECOCERAMIC_AMB_MANLEY_NEGRO_BLANCO.webp, ECOCERAMIC/MANLEY/ECOCERAMIC_AMB_MANLEY_NEGRO_MARFIL.webp, ECOCERAMIC/MANLEY/ECOCERAMIC_AMB_MANLEY_PERLA_GRIS_60X120.webp, ECOCERAMIC/MANLEY/ECOCERAMIC_PZ_MANLEY_BLANCO_30X60.webp, ECOCERAMIC/MANLEY/ECOCERAMIC_PZ_MANLEY_BLANCO_45X90.webp, ECOCERAMIC/MANLEY/ECOCERAMIC_PZ_MANLEY_BLANCO_60X120.webp, ECOCERAMIC/MANLEY/ECOCERAMIC_PZ_MANLEY_BLANCO_60X60.webp, ECOCERAMIC/MANLEY/ECOCERAMIC_PZ_MANLEY_GRIS_30X60.webp, ECOCERAMIC/MANLEY/ECOCERAMIC_PZ_MANLEY_GRIS_45X90.webp, ECOCERAMIC/MANLEY/ECOCERAMIC_PZ_MANLEY_GRIS_60X120.webp, ECOCERAMIC/MANLEY/ECOCERAMIC_PZ_MANLEY_GRIS_60X60.webp, ECOCERAMIC/MANLEY/ECOCERAMIC_PZ_MANLEY_MARFIL_30X60.webp, ECOCERAMIC/MANLEY/ECOCERAMIC_PZ_MANLEY_MARFIL_45X90.webp, ECOCERAMIC/MANLEY/ECOCERAMIC_PZ_MANLEY_MARFIL_60X120.webp, ECOCERAMIC/MANLEY/ECOCERAMIC_PZ_MANLEY_MARFIL_60X60.webp, ECOCERAMIC/MANLEY/ECOCERAMIC_PZ_MANLEY_NEGRO_30X60.webp, ECOCERAMIC/MANLEY/ECOCERAMIC_PZ_MANLEY_NEGRO_45X90.webp, ECOCERAMIC/MANLEY/ECOCERAMIC_PZ_MANLEY_NEGRO_60X120.webp, ECOCERAMIC/MANLEY/ECOCERAMIC_PZ_MANLEY_NEGRO_60X60.webp, ECOCERAMIC/MANLEY/ECOCERAMIC_PZ_MANLEY_PERLA_30X60.webp, ECOCERAMIC/MANLEY/ECOCERAMIC_PZ_MANLEY_PERLA_45X90.webp, ECOCERAMIC/MANLEY/ECOCERAMIC_PZ_MANLEY_PERLA_60X120.webp, ECOCERAMIC/MANLEY/ECOCERAMIC_PZ_MANLEY_PERLA_60X60.webp",Ficha técnica Manley,ECOCERAMIC/MANLEY/ECOCERAMIC_FICHA_MANLEY.jpg,,0,Modelo,Manley,1,1,,Color,Blanco | Marfil | Perla | Gris | Negro,1,1,Blanco,Formato,60X120 | 45X90 | 60X60 | 30X60,1,1,60X120,Acabado,Mate,1,1,,Espesor,9 MM,1,1,,Tipo de pieza,Baldosa,1,1,,Material,Porcelánico,1,1,,Antideslizante,No,1,1,,Versión antideslizante,No,1,1,,Uso,Pavimento y revestimiento,1,1,,,,,,,,,,,,Familia,Porcelain,1,1,,Fabricante,Ecoceramic,1,1,,,,,,,,,,,,,,,,,,"Interior y exterior: salón, cocina, baño, terraza y fachada",Porcelain,Manley,Esmalto,Ecoceramic,ECOCERAMIC/MANLEY/ECOCERAMIC_FICHA_MANLEY.jpg,Material: Porcelánico | Acabado: Mate | Uso: Pavimento y revestimiento | Espesor: 9 MM | Antideslizante: No | Versión antideslizante disponible: No | Tipo de pieza: Baldosa,Manley | Porcelánico Porcelain | Esmalto,"Serie Manley de Ecoceramic en porcelánico, acabado mate. 5 color(es) y 4 formato(s)."
,variation,ESM-MANLEY-BLANCO-30X60,Manley Blanco 30X60,1,,visible,,,taxable,,1,,,,22.63,,,,,,,,,,,ECOCERAMIC/MANLEY/ECOCERAMIC_PZ_MANLEY_BLANCO_30X60.webp,,,ESM-MANLEY,203,Modelo,Manley,1,1,,Color,Blanco,1,1,,Formato,30X60,1,1,,,,,,,,,,,,,,,,,,,,,,,,,,,,,,,,,,,,,,,,,,,,,,,,,,,,,,,,,1.08,22.63,6,48,"51,84","1086,24",1,30X60,9 MM,Porcelánico,Mate,Pavimento y revestimiento,,No,No,,"Interior y exterior: salón, cocina, baño, terraza y fachada",Porcelain,Manley,Esmalto,Ecoceramic,,Material: Porcelánico | Acabado: Mate | Uso: Pavimento y revestimiento | Espesor: 9 MM | Antideslizante: No | Versión antideslizante disponible: No | Tipo de pieza: Baldosa,,
,variation,ESM-MANLEY-GRIS-30X60,Manley Gris 30X60,1,,visible,,,taxable,,1,,,,22.63,,,,,,,,,,,ECOCERAMIC/MANLEY/ECOCERAMIC_PZ_MANLEY_GRIS_30X60.webp,,,ESM-MANLEY,204,Modelo,Manley,1,1,,Color,Gris,1,1,,Formato,30X60,1,1,,,,,,,,,,,,,,,,,,,,,,,,,,,,,,,,,,,,,,,,,,,,,,,,,,,,,,,,,1.08,22.63,6,48,"51,84","1086,24",1,30X60,9 MM,Porcelánico,Mate,Pavimento y revestimiento,,No,No,,"Interior y exterior: salón, cocina, baño, terraza y fachada",Porcelain,Manley,Esmalto,Ecoceramic,,Material: Porcelánico | Acabado: Mate | Uso: Pavimento y revestimiento | Espesor: 9 MM | Antideslizante: No | Versión antideslizante disponible: No | Tipo de pieza: Baldosa,,
,variation,ESM-MANLEY-MARFIL-30X60,Manley Marfil 30X60,1,,visible,,,taxable,,1,,,,22.63,,,,,,,,,,,ECOCERAMIC/MANLEY/ECOCERAMIC_PZ_MANLEY_MARFIL_30X60.webp,,,ESM-MANLEY,205,Modelo,Manley,1,1,,Color,Marfil,1,1,,Formato,30X60,1,1,,,,,,,,,,,,,,,,,,,,,,,,,,,,,,,,,,,,,,,,,,,,,,,,,,,,,,,,,1.08,22.63,6,48,"51,84","1086,24",1,30X60,9 MM,Porcelánico,Mate,Pavimento y revestimiento,,No,No,,"Interior y exterior: salón, cocina, baño, terraza y fachada",Porcelain,Manley,Esmalto,Ecoceramic,,Material: Porcelánico | Acabado: Mate | Uso: Pavimento y revestimiento | Espesor: 9 MM | Antideslizante: No | Versión antideslizante disponible: No | Tipo de pieza: Baldosa,,
,variation,ESM-MANLEY-NEGRO-30X60,Manley Negro 30X60,1,,visible,,,taxable,,1,,,,22.63,,,,,,,,,,,ECOCERAMIC/MANLEY/ECOCERAMIC_PZ_MANLEY_NEGRO_30X60.webp,,,ESM-MANLEY,206,Modelo,Manley,1,1,,Color,Negro,1,1,,Formato,30X60,1,1,,,,,,,,,,,,,,,,,,,,,,,,,,,,,,,,,,,,,,,,,,,,,,,,,,,,,,,,,1.08,22.63,6,48,"51,84","1086,24",1,30X60,9 MM,Porcelánico,Mate,Pavimento y revestimiento,,No,No,,"Interior y exterior: salón, cocina, baño, terraza y fachada",Porcelain,Manley,Esmalto,Ecoceramic,,Material: Porcelánico | Acabado: Mate | Uso: Pavimento y revestimiento | Espesor: 9 MM | Antideslizante: No | Versión antideslizante disponible: No | Tipo de pieza: Baldosa,,
,variation,ESM-MANLEY-PERLA-30X60,Manley Perla 30X60,1,,visible,,,taxable,,1,,,,22.63,,,,,,,,,,,ECOCERAMIC/MANLEY/ECOCERAMIC_PZ_MANLEY_PERLA_30X60.webp,,,ESM-MANLEY,207,Modelo,Manley,1,1,,Color,Perla,1,1,,Formato,30X60,1,1,,,,,,,,,,,,,,,,,,,,,,,,,,,,,,,,,,,,,,,,,,,,,,,,,,,,,,,,,1.08,22.63,6,48,"51,84","1086,24",1,30X60,9 MM,Porcelánico,Mate,Pavimento y revestimiento,,No,No,,"Interior y exterior: salón, cocina, baño, terraza y fachada",Porcelain,Manley,Esmalto,Ecoceramic,,Material: Porcelánico | Acabado: Mate | Uso: Pavimento y revestimiento | Espesor: 9 MM | Antideslizante: No | Versión antideslizante disponible: No | Tipo de pieza: Baldosa,,
,variation,ESM-MANLEY-BLANCO-45X90,Manley Blanco 45X90,1,,visible,,,taxable,,1,,,,25,,,,,,,,,,,ECOCERAMIC/MANLEY/ECOCERAMIC_PZ_MANLEY_BLANCO_45X90.webp,,,ESM-MANLEY,208,Modelo,Manley,1,1,,Color,Blanco,1,1,,Formato,45X90,1,1,,,,,,,,,,,,,,,,,,,,,,,,,,,,,,,,,,,,,,,,,,,,,,,,,,,,,,,,,1.21,25,3,55,"66,55",1395,1,45X90,9 MM,Porcelánico,Mate,Pavimento y revestimiento,,No,No,,"Interior y exterior: salón, cocina, baño, terraza y fachada",Porcelain,Manley,Esmalto,Ecoceramic,,Material: Porcelánico | Acabado: Mate | Uso: Pavimento y revestimiento | Espesor: 9 MM | Antideslizante: No | Versión antideslizante disponible: No | Tipo de pieza: Baldosa,,
,variation,ESM-MANLEY-GRIS-45X90,Manley Gris 45X90,1,,visible,,,taxable,,1,,,,25,,,,,,,,,,,ECOCERAMIC/MANLEY/ECOCERAMIC_PZ_MANLEY_GRIS_45X90.webp,,,ESM-MANLEY,209,Modelo,Manley,1,1,,Color,Gris,1,1,,Formato,45X90,1,1,,,,,,,,,,,,,,,,,,,,,,,,,,,,,,,,,,,,,,,,,,,,,,,,,,,,,,,,,1.21,25,3,55,"66,55",1395,1,45X90,9 MM,Porcelánico,Mate,Pavimento y revestimiento,,No,No,,"Interior y exterior: salón, cocina, baño, terraza y fachada",Porcelain,Manley,Esmalto,Ecoceramic,,Material: Porcelánico | Acabado: Mate | Uso: Pavimento y revestimiento | Espesor: 9 MM | Antideslizante: No | Versión antideslizante disponible: No | Tipo de pieza: Baldosa,,
,variation,ESM-MANLEY-MARFIL-45X90,Manley Marfil 45X90,1,,visible,,,taxable,,1,,,,25,,,,,,,,,,,ECOCERAMIC/MANLEY/ECOCERAMIC_PZ_MANLEY_MARFIL_45X90.webp,,,ESM-MANLEY,210,Modelo,Manley,1,1,,Color,Marfil,1,1,,Formato,45X90,1,1,,,,,,,,,,,,,,,,,,,,,,,,,,,,,,,,,,,,,,,,,,,,,,,,,,,,,,,,,1.21,25,3,55,"66,55",1395,1,45X90,9 MM,Porcelánico,Mate,Pavimento y revestimiento,,No,No,,"Interior y exterior: salón, cocina, baño, terraza y fachada",Porcelain,Manley,Esmalto,Ecoceramic,,Material: Porcelánico | Acabado: Mate | Uso: Pavimento y revestimiento | Espesor: 9 MM | Antideslizante: No | Versión antideslizante disponible: No | Tipo de pieza: Baldosa,,
,variation,ESM-MANLEY-NEGRO-45X90,Manley Negro 45X90,1,,visible,,,taxable,,1,,,,25,,,,,,,,,,,ECOCERAMIC/MANLEY/ECOCERAMIC_PZ_MANLEY_NEGRO_45X90.webp,,,ESM-MANLEY,211,Modelo,Manley,1,1,,Color,Negro,1,1,,Formato,45X90,1,1,,,,,,,,,,,,,,,,,,,,,,,,,,,,,,,,,,,,,,,,,,,,,,,,,,,,,,,,,1.21,25,3,55,"66,55",1395,1,45X90,9 MM,Porcelánico,Mate,Pavimento y revestimiento,,No,No,,"Interior y exterior: salón, cocina, baño, terraza y fachada",Porcelain,Manley,Esmalto,Ecoceramic,,Material: Porcelánico | Acabado: Mate | Uso: Pavimento y revestimiento | Espesor: 9 MM | Antideslizante: No | Versión antideslizante disponible: No | Tipo de pieza: Baldosa,,
,variation,ESM-MANLEY-PERLA-45X90,Manley Perla 45X90,1,,visible,,,taxable,,1,,,,25,,,,,,,,,,,ECOCERAMIC/MANLEY/ECOCERAMIC_PZ_MANLEY_PERLA_45X90.webp,,,ESM-MANLEY,212,Modelo,Manley,1,1,,Color,Perla,1,1,,Formato,45X90,1,1,,,,,,,,,,,,,,,,,,,,,,,,,,,,,,,,,,,,,,,,,,,,,,,,,,,,,,,,,1.21,25,3,55,"66,55",1395,1,45X90,9 MM,Porcelánico,Mate,Pavimento y revestimiento,,No,No,,"Interior y exterior: salón, cocina, baño, terraza y fachada",Porcelain,Manley,Esmalto,Ecoceramic,,Material: Porcelánico | Acabado: Mate | Uso: Pavimento y revestimiento | Espesor: 9 MM | Antideslizante: No | Versión antideslizante disponible: No | Tipo de pieza: Baldosa,,
,variation,ESM-MANLEY-BLANCO-60X120,Manley Blanco 60X120,1,,visible,,,taxable,,1,,,,28.62,,,,,,,,,,,ECOCERAMIC/MANLEY/ECOCERAMIC_PZ_MANLEY_BLANCO_60X120.webp,,,ESM-MANLEY,213,Modelo,Manley,1,1,,Color,Blanco,1,1,,Formato,60X120,1,1,,,,,,,,,,,,,,,,,,,,,,,,,,,,,,,,,,,,,,,,,,,,,,,,,,,,,,,,,1.44,28.62,2,36,"51,84",1055,1,60X120,9 MM,Porcelánico,Mate,Pavimento y revestimiento,,No,No,,"Interior y exterior: salón, cocina, baño, terraza y fachada",Porcelain,Manley,Esmalto,Ecoceramic,,Material: Porcelánico | Acabado: Mate | Uso: Pavimento y revestimiento | Espesor: 9 MM | Antideslizante: No | Versión antideslizante disponible: No | Tipo de pieza: Baldosa,,
,variation,ESM-MANLEY-GRIS-60X120,Manley Gris 60X120,1,,visible,,,taxable,,1,,,,28.62,,,,,,,,,,,ECOCERAMIC/MANLEY/ECOCERAMIC_PZ_MANLEY_GRIS_60X120.webp,,,ESM-MANLEY,214,Modelo,Manley,1,1,,Color,Gris,1,1,,Formato,60X120,1,1,,,,,,,,,,,,,,,,,,,,,,,,,,,,,,,,,,,,,,,,,,,,,,,,,,,,,,,,,1.44,28.62,2,36,"51,84",1055,1,60X120,9 MM,Porcelánico,Mate,Pavimento y revestimiento,,No,No,,"Interior y exterior: salón, cocina, baño, terraza y fachada",Porcelain,Manley,Esmalto,Ecoceramic,,Material: Porcelánico | Acabado: Mate | Uso: Pavimento y revestimiento | Espesor: 9 MM | Antideslizante: No | Versión antideslizante disponible: No | Tipo de pieza: Baldosa,,
,variation,ESM-MANLEY-MARFIL-60X120,Manley Marfil 60X120,1,,visible,,,taxable,,1,,,,28.62,,,,,,,,,,,ECOCERAMIC/MANLEY/ECOCERAMIC_PZ_MANLEY_MARFIL_60X120.webp,,,ESM-MANLEY,215,Modelo,Manley,1,1,,Color,Marfil,1,1,,Formato,60X120,1,1,,,,,,,,,,,,,,,,,,,,,,,,,,,,,,,,,,,,,,,,,,,,,,,,,,,,,,,,,1.44,28.62,2,36,"51,84",1055,1,60X120,9 MM,Porcelánico,Mate,Pavimento y revestimiento,,No,No,,"Interior y exterior: salón, cocina, baño, terraza y fachada",Porcelain,Manley,Esmalto,Ecoceramic,,Material: Porcelánico | Acabado: Mate | Uso: Pavimento y revestimiento | Espesor: 9 MM | Antideslizante: No | Versión antideslizante disponible: No | Tipo de pieza: Baldosa,,
,variation,ESM-MANLEY-NEGRO-60X120,Manley Negro 60X120,1,,visible,,,taxable,,1,,,,28.62,,,,,,,,,,,ECOCERAMIC/MANLEY/ECOCERAMIC_PZ_MANLEY_NEGRO_60X120.webp,,,ESM-MANLEY,216,Modelo,Manley,1,1,,Color,Negro,1,1,,Formato,60X120,1,1,,,,,,,,,,,,,,,,,,,,,,,,,,,,,,,,,,,,,,,,,,,,,,,,,,,,,,,,,1.44,28.62,2,36,"51,84",1055,1,60X120,9 MM,Porcelánico,Mate,Pavimento y revestimiento,,No,No,,"Interior y exterior: salón, cocina, baño, terraza y fachada",Porcelain,Manley,Esmalto,Ecoceramic,,Material: Porcelánico | Acabado: Mate | Uso: Pavimento y revestimiento | Espesor: 9 MM | Antideslizante: No | Versión antideslizante disponible: No | Tipo de pieza: Baldosa,,
,variation,ESM-MANLEY-PERLA-60X120,Manley Perla 60X120,1,,visible,,,taxable,,1,,,,28.62,,,,,,,,,,,ECOCERAMIC/MANLEY/ECOCERAMIC_PZ_MANLEY_PERLA_60X120.webp,,,ESM-MANLEY,217,Modelo,Manley,1,1,,Color,Perla,1,1,,Formato,60X120,1,1,,,,,,,,,,,,,,,,,,,,,,,,,,,,,,,,,,,,,,,,,,,,,,,,,,,,,,,,,1.44,28.62,2,36,"51,84",1055,1,60X120,9 MM,Porcelánico,Mate,Pavimento y revestimiento,,No,No,,"Interior y exterior: salón, cocina, baño, terraza y fachada",Porcelain,Manley,Esmalto,Ecoceramic,,Material: Porcelánico | Acabado: Mate | Uso: Pavimento y revestimiento | Espesor: 9 MM | Antideslizante: No | Versión antideslizante disponible: No | Tipo de pieza: Baldosa,,
,variation,ESM-MANLEY-BLANCO-60X60,Manley Blanco 60X60,1,,visible,,,taxable,,1,,,,30,,,,,,,,,,,ECOCERAMIC/MANLEY/ECOCERAMIC_PZ_MANLEY_BLANCO_60X60.webp,,,ESM-MANLEY,218,Modelo,Manley,1,1,,Color,Blanco,1,1,,Formato,60X60,1,1,,,,,,,,,,,,,,,,,,,,,,,,,,,,,,,,,,,,,,,,,,,,,,,,,,,,,,,,,1.44,30,4,30,"43,20","892,5",1,60X60,9 MM,Porcelánico,Mate,Pavimento y revestimiento,,No,No,,"Interior y exterior: salón, cocina, baño, terraza y fachada",Porcelain,Manley,Esmalto,Ecoceramic,,Material: Porcelánico | Acabado: Mate | Uso: Pavimento y revestimiento | Espesor: 9 MM | Antideslizante: No | Versión antideslizante disponible: No | Tipo de pieza: Baldosa,,
,variation,ESM-MANLEY-GRIS-60X60,Manley Gris 60X60,1,,visible,,,taxable,,1,,,,30,,,,,,,,,,,ECOCERAMIC/MANLEY/ECOCERAMIC_PZ_MANLEY_GRIS_60X60.webp,,,ESM-MANLEY,219,Modelo,Manley,1,1,,Color,Gris,1,1,,Formato,60X60,1,1,,,,,,,,,,,,,,,,,,,,,,,,,,,,,,,,,,,,,,,,,,,,,,,,,,,,,,,,,1.44,30,4,30,"43,20","892,5",1,60X60,9 MM,Porcelánico,Mate,Pavimento y revestimiento,,No,No,,"Interior y exterior: salón, cocina, baño, terraza y fachada",Porcelain,Manley,Esmalto,Ecoceramic,,Material: Porcelánico | Acabado: Mate | Uso: Pavimento y revestimiento | Espesor: 9 MM | Antideslizante: No | Versión antideslizante disponible: No | Tipo de pieza: Baldosa,,
,variation,ESM-MANLEY-MARFIL-60X60,Manley Marfil 60X60,1,,visible,,,taxable,,1,,,,30,,,,,,,,,,,ECOCERAMIC/MANLEY/ECOCERAMIC_PZ_MANLEY_MARFIL_60X60.webp,,,ESM-MANLEY,220,Modelo,Manley,1,1,,Color,Marfil,1,1,,Formato,60X60,1,1,,,,,,,,,,,,,,,,,,,,,,,,,,,,,,,,,,,,,,,,,,,,,,,,,,,,,,,,,1.44,30,4,30,"43,20","892,5",1,60X60,9 MM,Porcelánico,Mate,Pavimento y revestimiento,,No,No,,"Interior y exterior: salón, cocina, baño, terraza y fachada",Porcelain,Manley,Esmalto,Ecoceramic,,Material: Porcelánico | Acabado: Mate | Uso: Pavimento y revestimiento | Espesor: 9 MM | Antideslizante: No | Versión antideslizante disponible: No | Tipo de pieza: Baldosa,,
,variation,ESM-MANLEY-NEGRO-60X60,Manley Negro 60X60,1,,visible,,,taxable,,1,,,,30,,,,,,,,,,,ECOCERAMIC/MANLEY/ECOCERAMIC_PZ_MANLEY_NEGRO_60X60.webp,,,ESM-MANLEY,221,Modelo,Manley,1,1,,Color,Negro,1,1,,Formato,60X60,1,1,,,,,,,,,,,,,,,,,,,,,,,,,,,,,,,,,,,,,,,,,,,,,,,,,,,,,,,,,1.44,30,4,30,"43,20","892,5",1,60X60,9 MM,Porcelánico,Mate,Pavimento y revestimiento,,No,No,,"Interior y exterior: salón, cocina, baño, terraza y fachada",Porcelain,Manley,Esmalto,Ecoceramic,,Material: Porcelánico | Acabado: Mate | Uso: Pavimento y revestimiento | Espesor: 9 MM | Antideslizante: No | Versión antideslizante disponible: No | Tipo de pieza: Baldosa,,
,variation,ESM-MANLEY-PERLA-60X60,Manley Perla 60X60,1,,visible,,,taxable,,1,,,,30,,,,,,,,,,,ECOCERAMIC/MANLEY/ECOCERAMIC_PZ_MANLEY_PERLA_60X60.webp,,,ESM-MANLEY,222,Modelo,Manley,1,1,,Color,Perla,1,1,,Formato,60X60,1,1,,,,,,,,,,,,,,,,,,,,,,,,,,,,,,,,,,,,,,,,,,,,,,,,,,,,,,,,,1.44,30,4,30,"43,20","892,5",1,60X60,9 MM,Porcelánico,Mate,Pavimento y revestimiento,,No,No,,"Interior y exterior: salón, cocina, baño, terraza y fachada",Porcelain,Manley,Esmalto,Ecoceramic,,Material: Porcelánico | Acabado: Mate | Uso: Pavimento y revestimiento | Espesor: 9 MM | Antideslizante: No | Versión antideslizante disponible: No | Tipo de pieza: Baldosa,,
,variable,ESM-NIARA,Niara,1,0,visible,"Serie Niara de Ecoceramic en porcelánico, acabado mate. 4 color(es) y 1 formato(s).","<p>La serie <strong>Niara</strong> de Ecoceramic está fabricada en porcelánico con acabado mate. Se presenta en 4 color(es) y 1 formato(s), con un total de 4 referencias.</p><h3>Características técnicas</h3><ul><li><strong>Material:</strong> Porcelánico</li><li><strong>Acabado:</strong> Mate</li><li><strong>Uso:</strong> Pavimento y revestimiento</li><li><strong>Espesor:</strong> 9 MM</li><li><strong>Antideslizante:</strong> No</li><li><strong>Versión antideslizante:</strong> No</li><li><strong>Tipo de pieza:</strong> Baldosa</li><li><strong>Familia:</strong> Eco Woods</li></ul><p><strong>Colores disponibles:</strong> Blanco, Haya, Natural, Nut.<br><strong>Formatos:</strong> 23X120.</p><p><strong>Espacios recomendados:</strong> Interior: salón, dormitorio, cocina y baño; efecto madera.</p><h3>Datos de embalaje</h3><table><thead><tr><th>Formato</th><th>Pz/caja</th><th>m²/caja</th><th>Kg/caja</th><th>Cajas/palet</th><th>m²/palet</th><th>Kg/palet</th></tr></thead><tbody><tr><td>23X120</td><td>5</td><td>1,38</td><td>26,20</td><td>48</td><td>66,24</td><td>1286,60</td></tr></tbody></table>",taxable,,1,,0,0,,,,,1,,,,Pavimentos y revestimientos > Eco Woods > Niara,"Niara, Ecoceramic, Esmalto, Eco Woods, Blanco, Haya, Natural, Nut, 23X120, Porcelánico",,"ECOCERAMIC/NIARA/ECOCERAMIC_AMB_NIARA_BLANCO_DETALLE.webp, ECOCERAMIC/NIARA/ECOCERAMIC_AMB_NIARA_HAYA.webp, ECOCERAMIC/NIARA/ECOCERAMIC_AMB_NIARA_NATURAL.webp, ECOCERAMIC/NIARA/ECOCERAMIC_AMB_NIARA_NUT.webp, ECOCERAMIC/NIARA/ECOCERAMIC_PZ_NIARA_BLANCO_23X120.webp, ECOCERAMIC/NIARA/ECOCERAMIC_PZ_NIARA_HAYA_23X120.webp, ECOCERAMIC/NIARA/ECOCERAMIC_PZ_NIARA_NATURAL_23X120.webp, ECOCERAMIC/NIARA/ECOCERAMIC_PZ_NIARA_NUT_23X120.webp",Ficha técnica Niara,ECOCERAMIC/NIARA/ECOCERAMIC_FICHA_NIARA.jpg,,0,Modelo,Niara,1,1,,Color,Blanco | Haya | Natural | Nut,1,1,Blanco,Formato,23X120,1,1,,Acabado,Mate,1,1,,Espesor,9 MM,1,1,,Tipo de pieza,Baldosa,1,1,,Material,Porcelánico,1,1,,Antideslizante,No,1,1,,Versión antideslizante,No,1,1,,Uso,Pavimento y revestimiento,1,1,,,,,,,,,,,,Familia,Eco Woods,1,1,,Fabricante,Ecoceramic,1,1,,,,,,,,,,,,,,,,,,"Interior: salón, dormitorio, cocina y baño; efecto madera",Eco Woods,Niara,Esmalto,Ecoceramic,ECOCERAMIC/NIARA/ECOCERAMIC_FICHA_NIARA.jpg,Material: Porcelánico | Acabado: Mate | Uso: Pavimento y revestimiento | Espesor: 9 MM | Antideslizante: No | Versión antideslizante disponible: No | Tipo de pieza: Baldosa,Niara | Porcelánico Eco Woods | Esmalto,"Serie Niara de Ecoceramic en porcelánico, acabado mate. 4 color(es) y 1 formato(s)."
,variation,ESM-NIARA-BLANCO-23X120,Niara Blanco 23X120,1,,visible,,,taxable,,1,,,,26.2,,,,,,,,,,,ECOCERAMIC/NIARA/ECOCERAMIC_PZ_NIARA_BLANCO_23X120.webp,,,ESM-NIARA,223,Modelo,Niara,1,1,,Color,Blanco,1,1,,,,,,,,,,,,,,,,,,,,,,,,,,,,,,,,,,,,,,,,,,,,,,,,,,,,,,,,,,,,,,1.38,26.2,5,48,"66,24","1286,60",31,23X120,9 MM,Porcelánico,Mate,Pavimento y revestimiento,,No,No,,"Interior: salón, dormitorio, cocina y baño; efecto madera",Eco Woods,Niara,Esmalto,Ecoceramic,,Material: Porcelánico | Acabado: Mate | Uso: Pavimento y revestimiento | Espesor: 9 MM | Antideslizante: No | Versión antideslizante disponible: No | Tipo de pieza: Baldosa,,
,variation,ESM-NIARA-HAYA-23X120,Niara Haya 23X120,1,,visible,,,taxable,,1,,,,26.2,,,,,,,,,,,ECOCERAMIC/NIARA/ECOCERAMIC_PZ_NIARA_HAYA_23X120.webp,,,ESM-NIARA,224,Modelo,Niara,1,1,,Color,Haya,1,1,,,,,,,,,,,,,,,,,,,,,,,,,,,,,,,,,,,,,,,,,,,,,,,,,,,,,,,,,,,,,,1.38,26.2,5,48,"66,24","1286,60",31,23X120,9 MM,Porcelánico,Mate,Pavimento y revestimiento,,No,No,,"Interior: salón, dormitorio, cocina y baño; efecto madera",Eco Woods,Niara,Esmalto,Ecoceramic,,Material: Porcelánico | Acabado: Mate | Uso: Pavimento y revestimiento | Espesor: 9 MM | Antideslizante: No | Versión antideslizante disponible: No | Tipo de pieza: Baldosa,,
,variation,ESM-NIARA-NATURAL-23X120,Niara Natural 23X120,1,,visible,,,taxable,,1,,,,26.2,,,,,,,,,,,ECOCERAMIC/NIARA/ECOCERAMIC_PZ_NIARA_NATURAL_23X120.webp,,,ESM-NIARA,225,Modelo,Niara,1,1,,Color,Natural,1,1,,,,,,,,,,,,,,,,,,,,,,,,,,,,,,,,,,,,,,,,,,,,,,,,,,,,,,,,,,,,,,1.38,26.2,5,48,"66,24","1286,60",31,23X120,9 MM,Porcelánico,Mate,Pavimento y revestimiento,,No,No,,"Interior: salón, dormitorio, cocina y baño; efecto madera",Eco Woods,Niara,Esmalto,Ecoceramic,,Material: Porcelánico | Acabado: Mate | Uso: Pavimento y revestimiento | Espesor: 9 MM | Antideslizante: No | Versión antideslizante disponible: No | Tipo de pieza: Baldosa,,
,variation,ESM-NIARA-NUT-23X120,Niara Nut 23X120,1,,visible,,,taxable,,1,,,,26.2,,,,,,,,,,,ECOCERAMIC/NIARA/ECOCERAMIC_PZ_NIARA_NUT_23X120.webp,,,ESM-NIARA,226,Modelo,Niara,1,1,,Color,Nut,1,1,,,,,,,,,,,,,,,,,,,,,,,,,,,,,,,,,,,,,,,,,,,,,,,,,,,,,,,,,,,,,,1.38,26.2,5,48,"66,24","1286,60",31,23X120,9 MM,Porcelánico,Mate,Pavimento y revestimiento,,No,No,,"Interior: salón, dormitorio, cocina y baño; efecto madera",Eco Woods,Niara,Esmalto,Ecoceramic,,Material: Porcelánico | Acabado: Mate | Uso: Pavimento y revestimiento | Espesor: 9 MM | Antideslizante: No | Versión antideslizante disponible: No | Tipo de pieza: Baldosa,,
,variable,ESM-NIVALA,Nivala,1,0,visible,"Serie Nivala de Ecoceramic en porcelánico, acabado mate. 3 color(es) y 1 formato(s).","<p>La serie <strong>Nivala</strong> de Ecoceramic está fabricada en porcelánico con acabado mate. Se presenta en 3 color(es) y 1 formato(s), con un total de 3 referencias.</p><h3>Características técnicas</h3><ul><li><strong>Material:</strong> Porcelánico</li><li><strong>Acabado:</strong> Mate</li><li><strong>Uso:</strong> Pavimento y revestimiento</li><li><strong>Espesor:</strong> 9 MM</li><li><strong>Antideslizante:</strong> No</li><li><strong>Versión antideslizante:</strong> Sí</li><li><strong>Tipo de pieza:</strong> Baldosa</li><li><strong>Familia:</strong> Eco Woods</li></ul><p><strong>Colores disponibles:</strong> Haya, Natural, Taupe.<br><strong>Formatos:</strong> 20X120.</p><p><strong>Espacios recomendados:</strong> Interior: salón, dormitorio, cocina y baño; efecto madera.</p><h3>Datos de embalaje</h3><table><thead><tr><th>Formato</th><th>Pz/caja</th><th>m²/caja</th><th>Kg/caja</th><th>Cajas/palet</th><th>m²/palet</th><th>Kg/palet</th></tr></thead><tbody><tr><td>20X120</td><td>7</td><td>1,68</td><td>32</td><td>44</td><td>73,92</td><td>1437</td></tr></tbody></table>",taxable,,1,,0,0,,,,,1,,,,Pavimentos y revestimientos > Eco Woods > Nivala,"Nivala, Ecoceramic, Esmalto, Eco Woods, Haya, Natural, Taupe, 20X120, Porcelánico",,"ECOCERAMIC/NIVALA/ECOCERAMIC_AMB_NIVALA_HAYA_20X120.webp, ECOCERAMIC/NIVALA/ECOCERAMIC_AMB_NIVALA_NATURAL_20X120.webp, ECOCERAMIC/NIVALA/ECOCERAMIC_AMB_NIVALA_NATURAL_20X120_DETALLE.webp, ECOCERAMIC/NIVALA/ECOCERAMIC_PZ_NIVALA_HAYA_20X120.webp, ECOCERAMIC/NIVALA/ECOCERAMIC_PZ_NIVALA_NATURAL_20X120.webp, ECOCERAMIC/NIVALA/ECOCERAMIC_PZ_NIVALA_TAUPE_20X120.webp",Ficha técnica Nivala,ECOCERAMIC/NIVALA/ECOCERAMIC_FICHA_NIVALA.jpg,,0,Modelo,Nivala,1,1,,Color,Haya | Natural | Taupe,1,1,Haya,Formato,20X120,1,1,,Acabado,Mate,1,1,,Espesor,9 MM,1,1,,Tipo de pieza,Baldosa,1,1,,Material,Porcelánico,1,1,,Antideslizante,No,1,1,,Versión antideslizante,Sí,1,1,,Uso,Pavimento y revestimiento,1,1,,,,,,,,,,,,Familia,Eco Woods,1,1,,Fabricante,Ecoceramic,1,1,,,,,,,,,,,,,,,,,,"Interior: salón, dormitorio, cocina y baño; efecto madera",Eco Woods,Nivala,Esmalto,Ecoceramic,ECOCERAMIC/NIVALA/ECOCERAMIC_FICHA_NIVALA.jpg,Material: Porcelánico | Acabado: Mate | Uso: Pavimento y revestimiento | Espesor: 9 MM | Antideslizante: No | Versión antideslizante disponible: Sí | Tipo de pieza: Baldosa,Nivala | Porcelánico Eco Woods | Esmalto,"Serie Nivala de Ecoceramic en porcelánico, acabado mate. 3 color(es) y 1 formato(s)."
,variation,ESM-NIVALA-HAYA-20X120,Nivala Haya 20X120,1,,visible,,,taxable,,1,,,,32,,,,,,,,,,,ECOCERAMIC/NIVALA/ECOCERAMIC_PZ_NIVALA_HAYA_20X120.webp,,,ESM-NIVALA,227,Modelo,Nivala,1,1,,Color,Haya,1,1,,,,,,,,,,,,,,,,,,,,,,,,,,,,,,,,,,,,,,,,,,,,,,,,,,,,,,,,,,,,,,1.68,32,7,44,"73,92",1437,21,20X120,9 MM,Porcelánico,Mate,Pavimento y revestimiento,,No,Sí,,"Interior: salón, dormitorio, cocina y baño; efecto madera",Eco Woods,Nivala,Esmalto,Ecoceramic,,Material: Porcelánico | Acabado: Mate | Uso: Pavimento y revestimiento | Espesor: 9 MM | Antideslizante: No | Versión antideslizante disponible: Sí | Tipo de pieza: Baldosa,,
,variation,ESM-NIVALA-NATURAL-20X120,Nivala Natural 20X120,1,,visible,,,taxable,,1,,,,32,,,,,,,,,,,ECOCERAMIC/NIVALA/ECOCERAMIC_PZ_NIVALA_NATURAL_20X120.webp,,,ESM-NIVALA,228,Modelo,Nivala,1,1,,Color,Natural,1,1,,,,,,,,,,,,,,,,,,,,,,,,,,,,,,,,,,,,,,,,,,,,,,,,,,,,,,,,,,,,,,1.68,32,7,44,"73,92",1437,21,20X120,9 MM,Porcelánico,Mate,Pavimento y revestimiento,,No,Sí,,"Interior: salón, dormitorio, cocina y baño; efecto madera",Eco Woods,Nivala,Esmalto,Ecoceramic,,Material: Porcelánico | Acabado: Mate | Uso: Pavimento y revestimiento | Espesor: 9 MM | Antideslizante: No | Versión antideslizante disponible: Sí | Tipo de pieza: Baldosa,,
,variation,ESM-NIVALA-TAUPE-20X120,Nivala Taupe 20X120,1,,visible,,,taxable,,1,,,,32,,,,,,,,,,,ECOCERAMIC/NIVALA/ECOCERAMIC_PZ_NIVALA_TAUPE_20X120.webp,,,ESM-NIVALA,229,Modelo,Nivala,1,1,,Color,Taupe,1,1,,,,,,,,,,,,,,,,,,,,,,,,,,,,,,,,,,,,,,,,,,,,,,,,,,,,,,,,,,,,,,1.68,32,7,44,"73,92",1437,21,20X120,9 MM,Porcelánico,Mate,Pavimento y revestimiento,,No,Sí,,"Interior: salón, dormitorio, cocina y baño; efecto madera",Eco Woods,Nivala,Esmalto,Ecoceramic,,Material: Porcelánico | Acabado: Mate | Uso: Pavimento y revestimiento | Espesor: 9 MM | Antideslizante: No | Versión antideslizante disponible: Sí | Tipo de pieza: Baldosa,,
,variable,ESM-NORWAY,Norway,1,0,visible,"Serie Norway de Ecoceramic en porcelánico, acabado mate. 3 color(es) y 2 formato(s).","<p>La serie <strong>Norway</strong> de Ecoceramic está fabricada en porcelánico con acabado mate. Se presenta en 3 color(es) y 2 formato(s), con un total de 6 referencias.</p><h3>Características técnicas</h3><ul><li><strong>Material:</strong> Porcelánico</li><li><strong>Acabado:</strong> Mate</li><li><strong>Uso:</strong> Pavimento y revestimiento</li><li><strong>Espesor:</strong> 9 MM</li><li><strong>Antideslizante:</strong> No</li><li><strong>Versión antideslizante:</strong> No</li><li><strong>Tipo de pieza:</strong> Baldosa</li><li><strong>Familia:</strong> Eco Woods</li></ul><p><strong>Colores disponibles:</strong> Maple, Straw, Taupe.<br><strong>Formatos:</strong> 20X120, 60X120.</p><p><strong>Espacios recomendados:</strong> Interior: salón, dormitorio, cocina y baño; efecto madera.</p><h3>Datos de embalaje</h3><table><thead><tr><th>Formato</th><th>Pz/caja</th><th>m²/caja</th><th>Kg/caja</th><th>Cajas/palet</th><th>m²/palet</th><th>Kg/palet</th></tr></thead><tbody><tr><td>20X120</td><td>7</td><td>1,68</td><td>32</td><td>44</td><td>73,92</td><td>1437</td></tr></tbody></table>",taxable,,1,,0,0,,,,,1,,,,Pavimentos y revestimientos > Eco Woods > Norway,"Norway, Ecoceramic, Esmalto, Eco Woods, Maple, Straw, Taupe, 20X120, 60X120, Porcelánico",,"ECOCERAMIC/NORWAY/ECOCERAMIC_AMB_NORWAY_60X120_20X120_OUTDOOR.webp, ECOCERAMIC/NORWAY/ECOCERAMIC_AMB_NORWAY_MAPLE_20X120.webp, ECOCERAMIC/NORWAY/ECOCERAMIC_AMB_NORWAY_PELDANO-ROMO_30X120.webp, ECOCERAMIC/NORWAY/ECOCERAMIC_AMB_NORWAY_PELDANO-ROMO_30X120_DETALLE.webp, ECOCERAMIC/NORWAY/ECOCERAMIC_AMB_NORWAY_RLV_STRAW_20X120_60X120.webp, ECOCERAMIC/NORWAY/ECOCERAMIC_AMB_NORWAY_RLV_STRAW_20X120_60X120_V2.webp, ECOCERAMIC/NORWAY/ECOCERAMIC_AMB_NORWAY_RLV_STRAW_20X120_60X120_V3.webp, ECOCERAMIC/NORWAY/ECOCERAMIC_AMB_NORWAY_RLV_STRAW_60X120_20X120_02.webp, ECOCERAMIC/NORWAY/ECOCERAMIC_AMB_NORWAY_RLV_TAUPE_60X120_20X120_02.webp, ECOCERAMIC/NORWAY/ECOCERAMIC_AMB_NORWAY_STRAW_20X120_60X120.webp, ECOCERAMIC/NORWAY/ECOCERAMIC_PZ_NORWAY_CENIZA_20X120.webp, ECOCERAMIC/NORWAY/ECOCERAMIC_PZ_NORWAY_GRIS_20X120.webp, ECOCERAMIC/NORWAY/ECOCERAMIC_PZ_NORWAY_MAPLE_20X120.webp, ECOCERAMIC/NORWAY/ECOCERAMIC_PZ_NORWAY_RLV_CENIZA_60X120.webp, ECOCERAMIC/NORWAY/ECOCERAMIC_PZ_NORWAY_RLV_GRIS_60X120.webp, ECOCERAMIC/NORWAY/ECOCERAMIC_PZ_NORWAY_RLV_MAPLE_60X120.webp, ECOCERAMIC/NORWAY/ECOCERAMIC_PZ_NORWAY_RLV_STRAW_60X120.webp, ECOCERAMIC/NORWAY/ECOCERAMIC_PZ_NORWAY_RLV_TAUPE_60X120.webp, ECOCERAMIC/NORWAY/ECOCERAMIC_PZ_NORWAY_STRAW_20X120.webp, ECOCERAMIC/NORWAY/ECOCERAMIC_PZ_NORWAY_TAUPE_20X120.webp",Ficha técnica Norway,ECOCERAMIC/NORWAY/ECOCERAMIC_FICHA_NORWAY.jpg,,0,Modelo,Norway,1,1,,Color,Maple | Straw | Taupe,1,1,Maple,Formato,20X120 | 60X120,1,1,20X120,Acabado,Mate,1,1,,Espesor,9 MM,1,1,,Tipo de pieza,Baldosa,1,1,,Material,Porcelánico,1,1,,Antideslizante,No,1,1,,Versión antideslizante,No,1,1,,Uso,Pavimento y revestimiento,1,1,,,,,,,,,,,,Familia,Eco Woods,1,1,,Fabricante,Ecoceramic,1,1,,,,,,,,,,,,,,,,,,"Interior: salón, dormitorio, cocina y baño; efecto madera",Eco Woods,Norway,Esmalto,Ecoceramic,ECOCERAMIC/NORWAY/ECOCERAMIC_FICHA_NORWAY.jpg,Material: Porcelánico | Acabado: Mate | Uso: Pavimento y revestimiento | Espesor: 9 MM | Antideslizante: No | Versión antideslizante disponible: No | Tipo de pieza: Baldosa,Norway | Porcelánico Eco Woods | Esmalto,"Serie Norway de Ecoceramic en porcelánico, acabado mate. 3 color(es) y 2 formato(s)."
,variation,ESM-NORWAY-MAPLE-20X120,Norway Maple 20X120,1,,visible,,,taxable,,1,,,,32,,,,,,,,,,,ECOCERAMIC/NORWAY/ECOCERAMIC_PZ_NORWAY_MAPLE_20X120.webp,,,ESM-NORWAY,230,Modelo,Norway,1,1,,Color,Maple,1,1,,Formato,20X120,1,1,,,,,,,,,,,,,,,,,,,,,,,,,,,,,,,,,,,,,,,,,,,,,,,,,,,,,,,,,1.68,32,7,44,"73,92",1437,24,20X120,9 MM,Porcelánico,Mate,Pavimento y revestimiento,,No,No,,"Interior: salón, dormitorio, cocina y baño; efecto madera",Eco Woods,Norway,Esmalto,Ecoceramic,,Material: Porcelánico | Acabado: Mate | Uso: Pavimento y revestimiento | Espesor: 9 MM | Antideslizante: No | Versión antideslizante disponible: No | Tipo de pieza: Baldosa,,
,variation,ESM-NORWAY-STRAW-20X120,Norway Straw 20X120,1,,visible,,,taxable,,1,,,,32,,,,,,,,,,,ECOCERAMIC/NORWAY/ECOCERAMIC_PZ_NORWAY_STRAW_20X120.webp,,,ESM-NORWAY,231,Modelo,Norway,1,1,,Color,Straw,1,1,,Formato,20X120,1,1,,,,,,,,,,,,,,,,,,,,,,,,,,,,,,,,,,,,,,,,,,,,,,,,,,,,,,,,,1.68,32,7,44,"73,92",1437,24,20X120,9 MM,Porcelánico,Mate,Pavimento y revestimiento,,No,No,,"Interior: salón, dormitorio, cocina y baño; efecto madera",Eco Woods,Norway,Esmalto,Ecoceramic,,Material: Porcelánico | Acabado: Mate | Uso: Pavimento y revestimiento | Espesor: 9 MM | Antideslizante: No | Versión antideslizante disponible: No | Tipo de pieza: Baldosa,,
,variation,ESM-NORWAY-TAUPE-20X120,Norway Taupe 20X120,1,,visible,,,taxable,,1,,,,32,,,,,,,,,,,ECOCERAMIC/NORWAY/ECOCERAMIC_PZ_NORWAY_TAUPE_20X120.webp,,,ESM-NORWAY,232,Modelo,Norway,1,1,,Color,Taupe,1,1,,Formato,20X120,1,1,,,,,,,,,,,,,,,,,,,,,,,,,,,,,,,,,,,,,,,,,,,,,,,,,,,,,,,,,1.68,32,7,44,"73,92",1437,24,20X120,9 MM,Porcelánico,Mate,Pavimento y revestimiento,,No,No,,"Interior: salón, dormitorio, cocina y baño; efecto madera",Eco Woods,Norway,Esmalto,Ecoceramic,,Material: Porcelánico | Acabado: Mate | Uso: Pavimento y revestimiento | Espesor: 9 MM | Antideslizante: No | Versión antideslizante disponible: No | Tipo de pieza: Baldosa,,
,variation,ESM-NORWAY-MAPLE-60X120,Norway Maple 60X120,1,,visible,,,taxable,,1,,,,28.62,,,,,,,,,,,ECOCERAMIC/NORWAY/ECOCERAMIC_PZ_NORWAY_MAPLE_20X120.webp,,,ESM-NORWAY,233,Modelo,Norway,1,1,,Color,Maple,1,1,,Formato,60X120,1,1,,,,,,,,,,,,,,,,,,,,,,,,,,,,,,,,,,,,,,,,,,,,,,,,,,,,,,,,,1.44,28.62,,,,,,60X120,9 MM,Porcelánico,Mate,Pavimento y revestimiento,,No,No,,"Interior: salón, dormitorio, cocina y baño; efecto madera",Eco Woods,Norway,Esmalto,Ecoceramic,,Material: Porcelánico | Acabado: Mate | Uso: Pavimento y revestimiento | Espesor: 9 MM | Antideslizante: No | Versión antideslizante disponible: No | Tipo de pieza: Baldosa,,
,variation,ESM-NORWAY-STRAW-60X120,Norway Straw 60X120,1,,visible,,,taxable,,1,,,,28.62,,,,,,,,,,,ECOCERAMIC/NORWAY/ECOCERAMIC_PZ_NORWAY_STRAW_20X120.webp,,,ESM-NORWAY,234,Modelo,Norway,1,1,,Color,Straw,1,1,,Formato,60X120,1,1,,,,,,,,,,,,,,,,,,,,,,,,,,,,,,,,,,,,,,,,,,,,,,,,,,,,,,,,,1.44,28.62,,,,,,60X120,9 MM,Porcelánico,Mate,Pavimento y revestimiento,,No,No,,"Interior: salón, dormitorio, cocina y baño; efecto madera",Eco Woods,Norway,Esmalto,Ecoceramic,,Material: Porcelánico | Acabado: Mate | Uso: Pavimento y revestimiento | Espesor: 9 MM | Antideslizante: No | Versión antideslizante disponible: No | Tipo de pieza: Baldosa,,
,variation,ESM-NORWAY-TAUPE-60X120,Norway Taupe 60X120,1,,visible,,,taxable,,1,,,,28.62,,,,,,,,,,,ECOCERAMIC/NORWAY/ECOCERAMIC_PZ_NORWAY_TAUPE_20X120.webp,,,ESM-NORWAY,235,Modelo,Norway,1,1,,Color,Taupe,1,1,,Formato,60X120,1,1,,,,,,,,,,,,,,,,,,,,,,,,,,,,,,,,,,,,,,,,,,,,,,,,,,,,,,,,,1.44,28.62,,,,,,60X120,9 MM,Porcelánico,Mate,Pavimento y revestimiento,,No,No,,"Interior: salón, dormitorio, cocina y baño; efecto madera",Eco Woods,Norway,Esmalto,Ecoceramic,,Material: Porcelánico | Acabado: Mate | Uso: Pavimento y revestimiento | Espesor: 9 MM | Antideslizante: No | Versión antideslizante disponible: No | Tipo de pieza: Baldosa,,
,variable,ESM-PINOSO,Pinoso,1,0,visible,"Serie Pinoso de Ecoceramic en porcelánico, acabado mate. 2 color(es) y 2 formato(s).","<p>Pinoso es un mármol suave y cremoso, pensado para crear espacios luminosos y equilibrados. Su diseño se completa con un relieve en forma de brick, sobrio y bien proporcionado, que aporta ritmo al plano vertical.</p><h3>Características técnicas</h3><ul><li><strong>Material:</strong> Porcelánico</li><li><strong>Acabado:</strong> Mate</li><li><strong>Uso:</strong> Pavimento</li><li><strong>Espesor:</strong> 9 MM</li><li><strong>Rectificado:</strong> Sí</li><li><strong>Antideslizante:</strong> No</li><li><strong>Versión antideslizante:</strong> No</li><li><strong>Destonificación:</strong> V2 Cremoso suave</li><li><strong>Tipo de pieza:</strong> Baldosa y Relieve</li><li><strong>Familia:</strong> Porce Plus</li></ul><p><strong>Colores disponibles:</strong> Natural, Light.<br><strong>Formatos:</strong> 100X100, 60X120.</p><p><strong>Espacios recomendados:</strong> Interior: salón, baño, cocina.</p><h3>Datos de embalaje</h3><table><thead><tr><th>Formato</th><th>Pz/caja</th><th>m²/caja</th><th>Kg/caja</th><th>Cajas/palet</th><th>m²/palet</th><th>Kg/palet</th></tr></thead><tbody><tr><td>100X100</td><td>2</td><td>2</td><td>41,15</td><td>27</td><td>54</td><td>1133,05</td></tr><tr><td>60X120</td><td>2</td><td>1,44</td><td>28,62</td><td>36</td><td>51,84</td><td>1055,32</td></tr></tbody></table>",taxable,,1,,0,0,,,,,1,,,,Pavimentos y revestimientos > Porce Plus > Pinoso,"Pinoso, Ecoceramic, Esmalto, Porce Plus, Natural, Light, 100X100, 60X120, Porcelánico",,"ECOCERAMIC/PINOSO/ECOCERAMIC_AMB_PINOSO_NATURAL_60X120_LIVING.webp, ECOCERAMIC/PINOSO/ECOCERAMIC_AMB_PINOSO_RLV_LIGHT_60X120_DETALLE.webp, ECOCERAMIC/PINOSO/ECOCERAMIC_PZ_PINOSO_LIGHT_100X100.webp, ECOCERAMIC/PINOSO/ECOCERAMIC_PZ_PINOSO_LIGHT_60X120.webp, ECOCERAMIC/PINOSO/ECOCERAMIC_PZ_PINOSO_NATURAL_100X100.webp, ECOCERAMIC/PINOSO/ECOCERAMIC_PZ_PINOSO_NATURAL_60X120.webp, ECOCERAMIC/PINOSO/ECOCERAMIC_PZ_PINOSO_RLV_LIGHT_60X120.webp, ECOCERAMIC/PINOSO/ECOCERAMIC_PZ_PINOSO_RLV_NATURAL_60X120.webp",Ficha técnica Pinoso,ECOCERAMIC/PINOSO/ECOCERAMIC_FICHA_PINOSO.jpg,,0,Modelo,Pinoso,1,1,,Color,Natural | Light,1,1,Natural,Formato,100X100 | 60X120,1,1,100X100,Acabado,Mate,1,1,,Espesor,9 MM,1,1,,Tipo de pieza,Baldosa | Relieve,1,1,Baldosa,Material,Porcelánico,1,1,,Antideslizante,No,1,1,,Versión antideslizante,No,1,1,,Uso,Pavimento,1,1,,Rectificado,Sí,1,1,,Destonificación,V2 Cremoso suave,1,1,,Familia,Porce Plus,1,1,,Fabricante,Ecoceramic,1,1,,,,,,,,,,,,,,,,,,"Interior: salón, baño, cocina",Porce Plus,Pinoso,Esmalto,Ecoceramic,ECOCERAMIC/PINOSO/ECOCERAMIC_FICHA_PINOSO.jpg,Material: Porcelánico | Acabado: Mate | Uso: Pavimento | Espesor: 9 MM | Rectificado: Sí | Antideslizante: No | Versión antideslizante disponible: No | Destonificación: V2 Cremoso suave | Tipo de pieza: Baldosa,Pinoso | Porcelánico Porce Plus | Esmalto,"Serie Pinoso de Ecoceramic en porcelánico, acabado mate. 2 color(es) y 2 formato(s)."
,variation,ESM-PINOSO-LIGHT-100X100,Pinoso Light 100X100,1,,visible,,,taxable,,1,,,,41.15,,,,,,,,,,,ECOCERAMIC/PINOSO/ECOCERAMIC_PZ_PINOSO_LIGHT_100X100.webp,,,ESM-PINOSO,236,Modelo,Pinoso,1,1,,Color,Light,1,1,,Formato,100X100,1,1,,,,,,,,,,,,Tipo de pieza,Baldosa,1,1,,,,,,,,,,,,,,,,,,,,,,,,,,,,,,,,,,,,,,,,,,2,41.15,2,27,54,"1133,05",7,100X100,9 MM,Porcelánico,Mate,Pavimento,Sí,No,No,V2 Cremoso suave,"Interior: salón, baño, cocina",Porce Plus,Pinoso,Esmalto,Ecoceramic,,Material: Porcelánico | Acabado: Mate | Uso: Pavimento | Espesor: 9 MM | Rectificado: Sí | Antideslizante: No | Versión antideslizante disponible: No | Destonificación: V2 Cremoso suave | Tipo de pieza: Baldosa,,
,variation,ESM-PINOSO-NATURAL-100X100,Pinoso Natural 100X100,1,,visible,,,taxable,,1,,,,41.15,,,,,,,,,,,ECOCERAMIC/PINOSO/ECOCERAMIC_PZ_PINOSO_NATURAL_100X100.webp,,,ESM-PINOSO,237,Modelo,Pinoso,1,1,,Color,Natural,1,1,,Formato,100X100,1,1,,,,,,,,,,,,Tipo de pieza,Baldosa,1,1,,,,,,,,,,,,,,,,,,,,,,,,,,,,,,,,,,,,,,,,,,2,41.15,2,27,54,"1133,05",7,100X100,9 MM,Porcelánico,Mate,Pavimento,Sí,No,No,V2 Cremoso suave,"Interior: salón, baño, cocina",Porce Plus,Pinoso,Esmalto,Ecoceramic,,Material: Porcelánico | Acabado: Mate | Uso: Pavimento | Espesor: 9 MM | Rectificado: Sí | Antideslizante: No | Versión antideslizante disponible: No | Destonificación: V2 Cremoso suave | Tipo de pieza: Baldosa,,
,variation,ESM-PINOSO-LIGHT-60X120,Pinoso Light 60X120,1,,visible,,,taxable,,1,,,,28.62,,,,,,,,,,,ECOCERAMIC/PINOSO/ECOCERAMIC_PZ_PINOSO_LIGHT_60X120.webp,,,ESM-PINOSO,238,Modelo,Pinoso,1,1,,Color,Light,1,1,,Formato,60X120,1,1,,,,,,,,,,,,Tipo de pieza,Baldosa,1,1,,,,,,,,,,,,,,,,,,,,,,,,,,,,,,,,,,,,,,,,,,1.44,28.62,2,36,"51,84","1055,32",14,60X120,9 MM,Porcelánico,Mate,Pavimento,Sí,No,No,V2 Cremoso suave,"Interior: salón, baño, cocina",Porce Plus,Pinoso,Esmalto,Ecoceramic,,Material: Porcelánico | Acabado: Mate | Uso: Pavimento | Espesor: 9 MM | Rectificado: Sí | Antideslizante: No | Versión antideslizante disponible: No | Destonificación: V2 Cremoso suave | Tipo de pieza: Baldosa,,
,variation,ESM-PINOSO-NATURAL-60X120,Pinoso Natural 60X120,1,,visible,,,taxable,,1,,,,28.62,,,,,,,,,,,ECOCERAMIC/PINOSO/ECOCERAMIC_PZ_PINOSO_NATURAL_60X120.webp,,,ESM-PINOSO,239,Modelo,Pinoso,1,1,,Color,Natural,1,1,,Formato,60X120,1,1,,,,,,,,,,,,Tipo de pieza,Baldosa,1,1,,,,,,,,,,,,,,,,,,,,,,,,,,,,,,,,,,,,,,,,,,1.44,28.62,2,36,"51,84","1055,32",14,60X120,9 MM,Porcelánico,Mate,Pavimento,Sí,No,No,V2 Cremoso suave,"Interior: salón, baño, cocina",Porce Plus,Pinoso,Esmalto,Ecoceramic,,Material: Porcelánico | Acabado: Mate | Uso: Pavimento | Espesor: 9 MM | Rectificado: Sí | Antideslizante: No | Versión antideslizante disponible: No | Destonificación: V2 Cremoso suave | Tipo de pieza: Baldosa,,
,variation,ESM-PINOSO-LIGHT-60X120-RLV,Pinoso Light 60X120 Relieve,1,,visible,,,taxable,,1,,,,28.62,,,,,,,,,,,ECOCERAMIC/PINOSO/ECOCERAMIC_PZ_PINOSO_LIGHT_60X120.webp,,,ESM-PINOSO,240,Modelo,Pinoso,1,1,,Color,Light,1,1,,Formato,60X120,1,1,,,,,,,,,,,,Tipo de pieza,Relieve,1,1,,,,,,,,,,,,,,,,,,,,,,,,,,,,,,,,,,,,,,,,,,1.44,28.62,2,36,"51,84","1055,32",14,60X120,9 MM,Porcelánico,Mate,Pavimento,Sí,No,No,V2 Cremoso suave,"Interior: salón, baño, cocina",Porce Plus,Pinoso,Esmalto,Ecoceramic,,Material: Porcelánico | Acabado: Mate | Uso: Pavimento | Espesor: 9 MM | Rectificado: Sí | Antideslizante: No | Versión antideslizante disponible: No | Destonificación: V2 Cremoso suave | Tipo de pieza: Relieve,,
,variation,ESM-PINOSO-NATURAL-60X120-RLV,Pinoso Natural 60X120 Relieve,1,,visible,,,taxable,,1,,,,28.62,,,,,,,,,,,ECOCERAMIC/PINOSO/ECOCERAMIC_PZ_PINOSO_NATURAL_60X120.webp,,,ESM-PINOSO,241,Modelo,Pinoso,1,1,,Color,Natural,1,1,,Formato,60X120,1,1,,,,,,,,,,,,Tipo de pieza,Relieve,1,1,,,,,,,,,,,,,,,,,,,,,,,,,,,,,,,,,,,,,,,,,,1.44,28.62,2,36,"51,84","1055,32",14,60X120,9 MM,Porcelánico,Mate,Pavimento,Sí,No,No,V2 Cremoso suave,"Interior: salón, baño, cocina",Porce Plus,Pinoso,Esmalto,Ecoceramic,,Material: Porcelánico | Acabado: Mate | Uso: Pavimento | Espesor: 9 MM | Rectificado: Sí | Antideslizante: No | Versión antideslizante disponible: No | Destonificación: V2 Cremoso suave | Tipo de pieza: Relieve,,
,variable,ESM-SAN-FRANCISCO,San Francisco,1,0,visible,"Serie San Francisco de Ecoceramic en porcelánico, acabado mate. 5 color(es) y 3 formato(s).","<p>La serie <strong>San Francisco</strong> de Ecoceramic está fabricada en porcelánico con acabado mate. Se presenta en 5 color(es) y 3 formato(s), con un total de 15 referencias.</p><h3>Características técnicas</h3><ul><li><strong>Material:</strong> Porcelánico</li><li><strong>Acabado:</strong> Mate</li><li><strong>Uso:</strong> Pavimento y revestimiento</li><li><strong>Espesor:</strong> 9 MM</li><li><strong>Antideslizante:</strong> No</li><li><strong>Versión antideslizante:</strong> No</li><li><strong>Tipo de pieza:</strong> Baldosa</li><li><strong>Familia:</strong> Porcelain</li></ul><p><strong>Colores disponibles:</strong> White, Grey, Graphite, Black, Aquamarine.<br><strong>Formatos:</strong> 60X120, 60X60, 30X60.</p><p><strong>Espacios recomendados:</strong> Interior y exterior: salón, cocina, baño, terraza y fachada.</p><h3>Datos de embalaje</h3><table><thead><tr><th>Formato</th><th>Pz/caja</th><th>m²/caja</th><th>Kg/caja</th><th>Cajas/palet</th><th>m²/palet</th><th>Kg/palet</th></tr></thead><tbody><tr><td>30X60</td><td>6</td><td>1,08</td><td>22,63</td><td>48</td><td>51,84</td><td>1106,40</td></tr><tr><td>60X120</td><td>2</td><td>1,44</td><td>34,25</td><td>32</td><td>46,08</td><td>1121</td></tr><tr><td>60X60</td><td>4</td><td>1,44</td><td>29,75</td><td>30</td><td>43,20</td><td>912,50</td></tr></tbody></table>",taxable,,1,,0,0,,,,,1,,,,Pavimentos y revestimientos > Porcelain > San Francisco,"San Francisco, Ecoceramic, Esmalto, Porcelain, White, Grey, Graphite, Black, Aquamarine, 60X120, 60X60, 30X60, Porcelánico",,"ECOCERAMIC/SAN FRANCISCO/ECOCERAMIC_AMB_SAN-FRANCISCO_AQUAMARINE_60X120.webp, ECOCERAMIC/SAN FRANCISCO/ECOCERAMIC_AMB_SAN-FRANCISCO_GREY_60X120.webp, ECOCERAMIC/SAN FRANCISCO/ECOCERAMIC_AMB_SAN-FRANCISCO_GREY_60X120_CAFETERIA.webp, ECOCERAMIC/SAN FRANCISCO/ECOCERAMIC_AMB_SAN-FRANCISCO_GREY_GRAPHITE_30X60_60X60.webp, ECOCERAMIC/SAN FRANCISCO/ECOCERAMIC_AMB_SAN-FRANCISCO_GREY_GRAPHITE_30X60_60X60_V2.webp, ECOCERAMIC/SAN FRANCISCO/ECOCERAMIC_AMB_SAN-FRANCISCO_OUTDOOR.webp, ECOCERAMIC/SAN FRANCISCO/ECOCERAMIC_AMB_SAN-FRANCISCO_OUTDOOR_V2.webp, ECOCERAMIC/SAN FRANCISCO/ECOCERAMIC_AMB_SAN-FRANCISCO_WHITE_AQUAMARINE_60X120_120X120.webp, ECOCERAMIC/SAN FRANCISCO/ECOCERAMIC_PZ_SAN-FRANCISCO_AQUAMARINE_30X60.webp, ECOCERAMIC/SAN FRANCISCO/ECOCERAMIC_PZ_SAN-FRANCISCO_AQUAMARINE_60X120.webp, ECOCERAMIC/SAN FRANCISCO/ECOCERAMIC_PZ_SAN-FRANCISCO_AQUAMARINE_60X60.webp, ECOCERAMIC/SAN FRANCISCO/ECOCERAMIC_PZ_SAN-FRANCISCO_BLACK_30X60.webp, ECOCERAMIC/SAN FRANCISCO/ECOCERAMIC_PZ_SAN-FRANCISCO_BLACK_60X120.webp, ECOCERAMIC/SAN FRANCISCO/ECOCERAMIC_PZ_SAN-FRANCISCO_BLACK_60X60.webp, ECOCERAMIC/SAN FRANCISCO/ECOCERAMIC_PZ_SAN-FRANCISCO_GRAPHITE_30X60.webp, ECOCERAMIC/SAN FRANCISCO/ECOCERAMIC_PZ_SAN-FRANCISCO_GRAPHITE_60X120.webp, ECOCERAMIC/SAN FRANCISCO/ECOCERAMIC_PZ_SAN-FRANCISCO_GRAPHITE_60X60.webp, ECOCERAMIC/SAN FRANCISCO/ECOCERAMIC_PZ_SAN-FRANCISCO_GREY_30X60.webp, ECOCERAMIC/SAN FRANCISCO/ECOCERAMIC_PZ_SAN-FRANCISCO_GREY_60X120.webp, ECOCERAMIC/SAN FRANCISCO/ECOCERAMIC_PZ_SAN-FRANCISCO_GREY_60X60.webp, ECOCERAMIC/SAN FRANCISCO/ECOCERAMIC_PZ_SAN-FRANCISCO_WHITE_30X60.webp, ECOCERAMIC/SAN FRANCISCO/ECOCERAMIC_PZ_SAN-FRANCISCO_WHITE_60X120.webp, ECOCERAMIC/SAN FRANCISCO/ECOCERAMIC_PZ_SAN-FRANCISCO_WHITE_60X60.webp",Ficha técnica San Francisco,ECOCERAMIC/SAN FRANCISCO/ECOCERAMIC_FICHA_SAN-FRANCISCO.jpg,,0,Modelo,San Francisco,1,1,,Color,White | Grey | Graphite | Black | Aquamarine,1,1,White,Formato,60X120 | 60X60 | 30X60,1,1,60X120,Acabado,Mate,1,1,,Espesor,9 MM,1,1,,Tipo de pieza,Baldosa,1,1,,Material,Porcelánico,1,1,,Antideslizante,No,1,1,,Versión antideslizante,No,1,1,,Uso,Pavimento y revestimiento,1,1,,,,,,,,,,,,Familia,Porcelain,1,1,,Fabricante,Ecoceramic,1,1,,,,,,,,,,,,,,,,,,"Interior y exterior: salón, cocina, baño, terraza y fachada",Porcelain,San Francisco,Esmalto,Ecoceramic,ECOCERAMIC/SAN FRANCISCO/ECOCERAMIC_FICHA_SAN-FRANCISCO.jpg,Material: Porcelánico | Acabado: Mate | Uso: Pavimento y revestimiento | Espesor: 9 MM | Antideslizante: No | Versión antideslizante disponible: No | Tipo de pieza: Baldosa,San Francisco | Porcelánico Porcelain | Esmalto,"Serie San Francisco de Ecoceramic en porcelánico, acabado mate. 5 color(es) y 3 formato(s)."
,variation,ESM-SAN-FRANCISCO-AQUAMARINE-30X60,San Francisco Aquamarine 30X60,1,,visible,,,taxable,,1,,,,22.63,,,,,,,,,,,ECOCERAMIC/SAN FRANCISCO/ECOCERAMIC_PZ_SAN-FRANCISCO_AQUAMARINE_30X60.webp,,,ESM-SAN-FRANCISCO,242,Modelo,San Francisco,1,1,,Color,Aquamarine,1,1,,Formato,30X60,1,1,,,,,,,,,,,,,,,,,,,,,,,,,,,,,,,,,,,,,,,,,,,,,,,,,,,,,,,,,1.08,22.63,6,48,"51,84","1106,40",28,30X60,9 MM,Porcelánico,Mate,Pavimento y revestimiento,,No,No,,"Interior y exterior: salón, cocina, baño, terraza y fachada",Porcelain,San Francisco,Esmalto,Ecoceramic,,Material: Porcelánico | Acabado: Mate | Uso: Pavimento y revestimiento | Espesor: 9 MM | Antideslizante: No | Versión antideslizante disponible: No | Tipo de pieza: Baldosa,,
,variation,ESM-SAN-FRANCISCO-BLACK-30X60,San Francisco Black 30X60,1,,visible,,,taxable,,1,,,,22.63,,,,,,,,,,,ECOCERAMIC/SAN FRANCISCO/ECOCERAMIC_PZ_SAN-FRANCISCO_BLACK_30X60.webp,,,ESM-SAN-FRANCISCO,243,Modelo,San Francisco,1,1,,Color,Black,1,1,,Formato,30X60,1,1,,,,,,,,,,,,,,,,,,,,,,,,,,,,,,,,,,,,,,,,,,,,,,,,,,,,,,,,,1.08,22.63,6,48,"51,84","1106,40",28,30X60,9 MM,Porcelánico,Mate,Pavimento y revestimiento,,No,No,,"Interior y exterior: salón, cocina, baño, terraza y fachada",Porcelain,San Francisco,Esmalto,Ecoceramic,,Material: Porcelánico | Acabado: Mate | Uso: Pavimento y revestimiento | Espesor: 9 MM | Antideslizante: No | Versión antideslizante disponible: No | Tipo de pieza: Baldosa,,
,variation,ESM-SAN-FRANCISCO-GRAPHITE-30X60,San Francisco Graphite 30X60,1,,visible,,,taxable,,1,,,,22.63,,,,,,,,,,,ECOCERAMIC/SAN FRANCISCO/ECOCERAMIC_PZ_SAN-FRANCISCO_GRAPHITE_30X60.webp,,,ESM-SAN-FRANCISCO,244,Modelo,San Francisco,1,1,,Color,Graphite,1,1,,Formato,30X60,1,1,,,,,,,,,,,,,,,,,,,,,,,,,,,,,,,,,,,,,,,,,,,,,,,,,,,,,,,,,1.08,22.63,6,48,"51,84","1106,40",28,30X60,9 MM,Porcelánico,Mate,Pavimento y revestimiento,,No,No,,"Interior y exterior: salón, cocina, baño, terraza y fachada",Porcelain,San Francisco,Esmalto,Ecoceramic,,Material: Porcelánico | Acabado: Mate | Uso: Pavimento y revestimiento | Espesor: 9 MM | Antideslizante: No | Versión antideslizante disponible: No | Tipo de pieza: Baldosa,,
,variation,ESM-SAN-FRANCISCO-GREY-30X60,San Francisco Grey 30X60,1,,visible,,,taxable,,1,,,,22.63,,,,,,,,,,,ECOCERAMIC/SAN FRANCISCO/ECOCERAMIC_PZ_SAN-FRANCISCO_GREY_30X60.webp,,,ESM-SAN-FRANCISCO,245,Modelo,San Francisco,1,1,,Color,Grey,1,1,,Formato,30X60,1,1,,,,,,,,,,,,,,,,,,,,,,,,,,,,,,,,,,,,,,,,,,,,,,,,,,,,,,,,,1.08,22.63,6,48,"51,84","1106,40",28,30X60,9 MM,Porcelánico,Mate,Pavimento y revestimiento,,No,No,,"Interior y exterior: salón, cocina, baño, terraza y fachada",Porcelain,San Francisco,Esmalto,Ecoceramic,,Material: Porcelánico | Acabado: Mate | Uso: Pavimento y revestimiento | Espesor: 9 MM | Antideslizante: No | Versión antideslizante disponible: No | Tipo de pieza: Baldosa,,
,variation,ESM-SAN-FRANCISCO-WHITE-30X60,San Francisco White 30X60,1,,visible,,,taxable,,1,,,,22.63,,,,,,,,,,,ECOCERAMIC/SAN FRANCISCO/ECOCERAMIC_PZ_SAN-FRANCISCO_WHITE_30X60.webp,,,ESM-SAN-FRANCISCO,246,Modelo,San Francisco,1,1,,Color,White,1,1,,Formato,30X60,1,1,,,,,,,,,,,,,,,,,,,,,,,,,,,,,,,,,,,,,,,,,,,,,,,,,,,,,,,,,1.08,22.63,6,48,"51,84","1106,40",28,30X60,9 MM,Porcelánico,Mate,Pavimento y revestimiento,,No,No,,"Interior y exterior: salón, cocina, baño, terraza y fachada",Porcelain,San Francisco,Esmalto,Ecoceramic,,Material: Porcelánico | Acabado: Mate | Uso: Pavimento y revestimiento | Espesor: 9 MM | Antideslizante: No | Versión antideslizante disponible: No | Tipo de pieza: Baldosa,,
,variation,ESM-SAN-FRANCISCO-AQUAMARINE-60X120,San Francisco Aquamarine 60X120,1,,visible,,,taxable,,1,,,,34.25,,,,,,,,,,,ECOCERAMIC/SAN FRANCISCO/ECOCERAMIC_PZ_SAN-FRANCISCO_AQUAMARINE_60X120.webp,,,ESM-SAN-FRANCISCO,247,Modelo,San Francisco,1,1,,Color,Aquamarine,1,1,,Formato,60X120,1,1,,,,,,,,,,,,,,,,,,,,,,,,,,,,,,,,,,,,,,,,,,,,,,,,,,,,,,,,,1.44,34.25,2,32,"46,08",1121,7,60X120,9 MM,Porcelánico,Mate,Pavimento y revestimiento,,No,No,,"Interior y exterior: salón, cocina, baño, terraza y fachada",Porcelain,San Francisco,Esmalto,Ecoceramic,,Material: Porcelánico | Acabado: Mate | Uso: Pavimento y revestimiento | Espesor: 9 MM | Antideslizante: No | Versión antideslizante disponible: No | Tipo de pieza: Baldosa,,
,variation,ESM-SAN-FRANCISCO-BLACK-60X120,San Francisco Black 60X120,1,,visible,,,taxable,,1,,,,34.25,,,,,,,,,,,ECOCERAMIC/SAN FRANCISCO/ECOCERAMIC_PZ_SAN-FRANCISCO_BLACK_60X120.webp,,,ESM-SAN-FRANCISCO,248,Modelo,San Francisco,1,1,,Color,Black,1,1,,Formato,60X120,1,1,,,,,,,,,,,,,,,,,,,,,,,,,,,,,,,,,,,,,,,,,,,,,,,,,,,,,,,,,1.44,34.25,2,32,"46,08",1121,7,60X120,9 MM,Porcelánico,Mate,Pavimento y revestimiento,,No,No,,"Interior y exterior: salón, cocina, baño, terraza y fachada",Porcelain,San Francisco,Esmalto,Ecoceramic,,Material: Porcelánico | Acabado: Mate | Uso: Pavimento y revestimiento | Espesor: 9 MM | Antideslizante: No | Versión antideslizante disponible: No | Tipo de pieza: Baldosa,,
,variation,ESM-SAN-FRANCISCO-GRAPHITE-60X120,San Francisco Graphite 60X120,1,,visible,,,taxable,,1,,,,34.25,,,,,,,,,,,ECOCERAMIC/SAN FRANCISCO/ECOCERAMIC_PZ_SAN-FRANCISCO_GRAPHITE_60X120.webp,,,ESM-SAN-FRANCISCO,249,Modelo,San Francisco,1,1,,Color,Graphite,1,1,,Formato,60X120,1,1,,,,,,,,,,,,,,,,,,,,,,,,,,,,,,,,,,,,,,,,,,,,,,,,,,,,,,,,,1.44,34.25,2,32,"46,08",1121,7,60X120,9 MM,Porcelánico,Mate,Pavimento y revestimiento,,No,No,,"Interior y exterior: salón, cocina, baño, terraza y fachada",Porcelain,San Francisco,Esmalto,Ecoceramic,,Material: Porcelánico | Acabado: Mate | Uso: Pavimento y revestimiento | Espesor: 9 MM | Antideslizante: No | Versión antideslizante disponible: No | Tipo de pieza: Baldosa,,
,variation,ESM-SAN-FRANCISCO-GREY-60X120,San Francisco Grey 60X120,1,,visible,,,taxable,,1,,,,34.25,,,,,,,,,,,ECOCERAMIC/SAN FRANCISCO/ECOCERAMIC_PZ_SAN-FRANCISCO_GREY_60X120.webp,,,ESM-SAN-FRANCISCO,250,Modelo,San Francisco,1,1,,Color,Grey,1,1,,Formato,60X120,1,1,,,,,,,,,,,,,,,,,,,,,,,,,,,,,,,,,,,,,,,,,,,,,,,,,,,,,,,,,1.44,34.25,2,32,"46,08",1121,7,60X120,9 MM,Porcelánico,Mate,Pavimento y revestimiento,,No,No,,"Interior y exterior: salón, cocina, baño, terraza y fachada",Porcelain,San Francisco,Esmalto,Ecoceramic,,Material: Porcelánico | Acabado: Mate | Uso: Pavimento y revestimiento | Espesor: 9 MM | Antideslizante: No | Versión antideslizante disponible: No | Tipo de pieza: Baldosa,,
,variation,ESM-SAN-FRANCISCO-WHITE-60X120,San Francisco White 60X120,1,,visible,,,taxable,,1,,,,34.25,,,,,,,,,,,ECOCERAMIC/SAN FRANCISCO/ECOCERAMIC_PZ_SAN-FRANCISCO_WHITE_60X120.webp,,,ESM-SAN-FRANCISCO,251,Modelo,San Francisco,1,1,,Color,White,1,1,,Formato,60X120,1,1,,,,,,,,,,,,,,,,,,,,,,,,,,,,,,,,,,,,,,,,,,,,,,,,,,,,,,,,,1.44,34.25,2,32,"46,08",1121,7,60X120,9 MM,Porcelánico,Mate,Pavimento y revestimiento,,No,No,,"Interior y exterior: salón, cocina, baño, terraza y fachada",Porcelain,San Francisco,Esmalto,Ecoceramic,,Material: Porcelánico | Acabado: Mate | Uso: Pavimento y revestimiento | Espesor: 9 MM | Antideslizante: No | Versión antideslizante disponible: No | Tipo de pieza: Baldosa,,
,variation,ESM-SAN-FRANCISCO-AQUAMARINE-60X60,San Francisco Aquamarine 60X60,1,,visible,,,taxable,,1,,,,30,,,,,,,,,,,ECOCERAMIC/SAN FRANCISCO/ECOCERAMIC_PZ_SAN-FRANCISCO_AQUAMARINE_60X60.webp,,,ESM-SAN-FRANCISCO,252,Modelo,San Francisco,1,1,,Color,Aquamarine,1,1,,Formato,60X60,1,1,,,,,,,,,,,,,,,,,,,,,,,,,,,,,,,,,,,,,,,,,,,,,,,,,,,,,,,,,1.44,30,4,30,"43,20","912,50",14,60X60,9 MM,Porcelánico,Mate,Pavimento y revestimiento,,No,No,,"Interior y exterior: salón, cocina, baño, terraza y fachada",Porcelain,San Francisco,Esmalto,Ecoceramic,,Material: Porcelánico | Acabado: Mate | Uso: Pavimento y revestimiento | Espesor: 9 MM | Antideslizante: No | Versión antideslizante disponible: No | Tipo de pieza: Baldosa,,
,variation,ESM-SAN-FRANCISCO-BLACK-60X60,San Francisco Black 60X60,1,,visible,,,taxable,,1,,,,30,,,,,,,,,,,ECOCERAMIC/SAN FRANCISCO/ECOCERAMIC_PZ_SAN-FRANCISCO_BLACK_60X60.webp,,,ESM-SAN-FRANCISCO,253,Modelo,San Francisco,1,1,,Color,Black,1,1,,Formato,60X60,1,1,,,,,,,,,,,,,,,,,,,,,,,,,,,,,,,,,,,,,,,,,,,,,,,,,,,,,,,,,1.44,30,4,30,"43,20","912,50",14,60X60,9 MM,Porcelánico,Mate,Pavimento y revestimiento,,No,No,,"Interior y exterior: salón, cocina, baño, terraza y fachada",Porcelain,San Francisco,Esmalto,Ecoceramic,,Material: Porcelánico | Acabado: Mate | Uso: Pavimento y revestimiento | Espesor: 9 MM | Antideslizante: No | Versión antideslizante disponible: No | Tipo de pieza: Baldosa,,
,variation,ESM-SAN-FRANCISCO-GRAPHITE-60X60,San Francisco Graphite 60X60,1,,visible,,,taxable,,1,,,,30,,,,,,,,,,,ECOCERAMIC/SAN FRANCISCO/ECOCERAMIC_PZ_SAN-FRANCISCO_GRAPHITE_60X60.webp,,,ESM-SAN-FRANCISCO,254,Modelo,San Francisco,1,1,,Color,Graphite,1,1,,Formato,60X60,1,1,,,,,,,,,,,,,,,,,,,,,,,,,,,,,,,,,,,,,,,,,,,,,,,,,,,,,,,,,1.44,30,4,30,"43,20","912,50",14,60X60,9 MM,Porcelánico,Mate,Pavimento y revestimiento,,No,No,,"Interior y exterior: salón, cocina, baño, terraza y fachada",Porcelain,San Francisco,Esmalto,Ecoceramic,,Material: Porcelánico | Acabado: Mate | Uso: Pavimento y revestimiento | Espesor: 9 MM | Antideslizante: No | Versión antideslizante disponible: No | Tipo de pieza: Baldosa,,
,variation,ESM-SAN-FRANCISCO-GREY-60X60,San Francisco Grey 60X60,1,,visible,,,taxable,,1,,,,30,,,,,,,,,,,ECOCERAMIC/SAN FRANCISCO/ECOCERAMIC_PZ_SAN-FRANCISCO_GREY_60X60.webp,,,ESM-SAN-FRANCISCO,255,Modelo,San Francisco,1,1,,Color,Grey,1,1,,Formato,60X60,1,1,,,,,,,,,,,,,,,,,,,,,,,,,,,,,,,,,,,,,,,,,,,,,,,,,,,,,,,,,1.44,30,4,30,"43,20","912,50",14,60X60,9 MM,Porcelánico,Mate,Pavimento y revestimiento,,No,No,,"Interior y exterior: salón, cocina, baño, terraza y fachada",Porcelain,San Francisco,Esmalto,Ecoceramic,,Material: Porcelánico | Acabado: Mate | Uso: Pavimento y revestimiento | Espesor: 9 MM | Antideslizante: No | Versión antideslizante disponible: No | Tipo de pieza: Baldosa,,
,variation,ESM-SAN-FRANCISCO-WHITE-60X60,San Francisco White 60X60,1,,visible,,,taxable,,1,,,,30,,,,,,,,,,,ECOCERAMIC/SAN FRANCISCO/ECOCERAMIC_PZ_SAN-FRANCISCO_WHITE_60X60.webp,,,ESM-SAN-FRANCISCO,256,Modelo,San Francisco,1,1,,Color,White,1,1,,Formato,60X60,1,1,,,,,,,,,,,,,,,,,,,,,,,,,,,,,,,,,,,,,,,,,,,,,,,,,,,,,,,,,1.44,30,4,30,"43,20","912,50",14,60X60,9 MM,Porcelánico,Mate,Pavimento y revestimiento,,No,No,,"Interior y exterior: salón, cocina, baño, terraza y fachada",Porcelain,San Francisco,Esmalto,Ecoceramic,,Material: Porcelánico | Acabado: Mate | Uso: Pavimento y revestimiento | Espesor: 9 MM | Antideslizante: No | Versión antideslizante disponible: No | Tipo de pieza: Baldosa,,
,variable,ESM-SIENA,Siena,1,0,visible,"Serie Siena de Ecoceramic en porcelánico, acabado mate. 2 color(es) y 4 formato(s).","<p>La serie <strong>Siena</strong> de Ecoceramic está fabricada en porcelánico con acabado mate. Se presenta en 2 color(es) y 4 formato(s), con un total de 8 referencias.</p><h3>Características técnicas</h3><ul><li><strong>Material:</strong> Porcelánico</li><li><strong>Acabado:</strong> Mate</li><li><strong>Uso:</strong> Pavimento y revestimiento</li><li><strong>Espesor:</strong> 9 MM</li><li><strong>Antideslizante:</strong> No</li><li><strong>Versión antideslizante:</strong> No</li><li><strong>Tipo de pieza:</strong> Baldosa</li><li><strong>Familia:</strong> Porce Plus</li></ul><p><strong>Colores disponibles:</strong> Blanco, Crema.<br><strong>Formatos:</strong> 120X120, 90X90, 60X60, 60X120.</p><p><strong>Espacios recomendados:</strong> Interior: salón, cocina, baño y dormitorio; formatos grandes.</p><h3>Datos de embalaje</h3><table><thead><tr><th>Formato</th><th>Pz/caja</th><th>m²/caja</th><th>Kg/caja</th><th>Cajas/palet</th><th>m²/palet</th><th>Kg/palet</th></tr></thead><tbody><tr><td>120X120</td><td>1</td><td>1,44</td><td>34,36</td><td>36</td><td>51,84</td><td>1276,96</td></tr><tr><td>60X120</td><td>2</td><td>1,44</td><td>28,62</td><td>36</td><td>51,84</td><td>1055,32</td></tr><tr><td>60X60</td><td>4</td><td>1,44</td><td>29,75</td><td>30</td><td>43,2</td><td>912,5</td></tr><tr><td>90X90</td><td>2</td><td>1,62</td><td>33</td><td>32</td><td>51,84</td><td>1081</td></tr></tbody></table>",taxable,,1,,0,0,,,,,1,,,,Pavimentos y revestimientos > Porce Plus > Siena,"Siena, Ecoceramic, Esmalto, Porce Plus, Blanco, Crema, 120X120, 90X90, 60X60, 60X120, Porcelánico",,"ECOCERAMIC/SIENA/ECOCERAMIC_AMB_SIENA_BLANCO_60X120.webp, ECOCERAMIC/SIENA/ECOCERAMIC_AMB_SIENA_BLANCO_90X90.webp, ECOCERAMIC/SIENA/ECOCERAMIC_AMB_SIENA_BLANCO_90X90_DETALLE.webp, ECOCERAMIC/SIENA/ECOCERAMIC_AMB_SIENA_CREMA_60X120.webp, ECOCERAMIC/SIENA/ECOCERAMIC_AMB_SIENA_CREMA_90X90.webp, ECOCERAMIC/SIENA/ECOCERAMIC_AMB_SIENA_CREMA_90X90_DETALLE.webp, ECOCERAMIC/SIENA/ECOCERAMIC_PZ_SIENA_BLANCO_60X120.webp, ECOCERAMIC/SIENA/ECOCERAMIC_PZ_SIENA_BLANCO_60X60.webp, ECOCERAMIC/SIENA/ECOCERAMIC_PZ_SIENA_BLANCO_90X90.webp, ECOCERAMIC/SIENA/ECOCERAMIC_PZ_SIENA_CREMA_60X120.webp, ECOCERAMIC/SIENA/ECOCERAMIC_PZ_SIENA_CREMA_60X60.webp, ECOCERAMIC/SIENA/ECOCERAMIC_PZ_SIENA_CREMA_90X90.webp",Ficha técnica Siena,ECOCERAMIC/SIENA/ECOCERAMIC_FICHA_SIENA.jpg,,0,Modelo,Siena,1,1,,Color,Blanco | Crema,1,1,Blanco,Formato,120X120 | 90X90 | 60X60 | 60X120,1,1,120X120,Acabado,Mate,1,1,,Espesor,9 MM,1,1,,Tipo de pieza,Baldosa,1,1,,Material,Porcelánico,1,1,,Antideslizante,No,1,1,,Versión antideslizante,No,1,1,,Uso,Pavimento y revestimiento,1,1,,,,,,,,,,,,Familia,Porce Plus,1,1,,Fabricante,Ecoceramic,1,1,,,,,,,,,,,,,,,,,,"Interior: salón, cocina, baño y dormitorio; formatos grandes",Porce Plus,Siena,Esmalto,Ecoceramic,ECOCERAMIC/SIENA/ECOCERAMIC_FICHA_SIENA.jpg,Material: Porcelánico | Acabado: Mate | Uso: Pavimento y revestimiento | Espesor: 9 MM | Antideslizante: No | Versión antideslizante disponible: No | Tipo de pieza: Baldosa,Siena | Porcelánico Porce Plus | Esmalto,"Serie Siena de Ecoceramic en porcelánico, acabado mate. 2 color(es) y 4 formato(s)."
,variation,ESM-SIENA-BLANCO-120X120,Siena Blanco 120X120,1,,visible,,,taxable,,1,,,,34.36,,,,,,,,,,,ECOCERAMIC/SIENA/ECOCERAMIC_PZ_SIENA_BLANCO_60X120.webp,,,ESM-SIENA,257,Modelo,Siena,1,1,,Color,Blanco,1,1,,Formato,120X120,1,1,,,,,,,,,,,,,,,,,,,,,,,,,,,,,,,,,,,,,,,,,,,,,,,,,,,,,,,,,1.44,34.36,1,36,"51,84","1276,96",10,120X120,9 MM,Porcelánico,Mate,Pavimento y revestimiento,,No,No,,"Interior: salón, cocina, baño y dormitorio; formatos grandes",Porce Plus,Siena,Esmalto,Ecoceramic,,Material: Porcelánico | Acabado: Mate | Uso: Pavimento y revestimiento | Espesor: 9 MM | Antideslizante: No | Versión antideslizante disponible: No | Tipo de pieza: Baldosa,,
,variation,ESM-SIENA-CREMA-120X120,Siena Crema 120X120,1,,visible,,,taxable,,1,,,,34.36,,,,,,,,,,,ECOCERAMIC/SIENA/ECOCERAMIC_PZ_SIENA_CREMA_60X120.webp,,,ESM-SIENA,258,Modelo,Siena,1,1,,Color,Crema,1,1,,Formato,120X120,1,1,,,,,,,,,,,,,,,,,,,,,,,,,,,,,,,,,,,,,,,,,,,,,,,,,,,,,,,,,1.44,34.36,1,36,"51,84","1276,96",10,120X120,9 MM,Porcelánico,Mate,Pavimento y revestimiento,,No,No,,"Interior: salón, cocina, baño y dormitorio; formatos grandes",Porce Plus,Siena,Esmalto,Ecoceramic,,Material: Porcelánico | Acabado: Mate | Uso: Pavimento y revestimiento | Espesor: 9 MM | Antideslizante: No | Versión antideslizante disponible: No | Tipo de pieza: Baldosa,,
,variation,ESM-SIENA-BLANCO-60X120,Siena Blanco 60X120,1,,visible,,,taxable,,1,,,,28.62,,,,,,,,,,,ECOCERAMIC/SIENA/ECOCERAMIC_PZ_SIENA_BLANCO_60X120.webp,,,ESM-SIENA,259,Modelo,Siena,1,1,,Color,Blanco,1,1,,Formato,60X120,1,1,,,,,,,,,,,,,,,,,,,,,,,,,,,,,,,,,,,,,,,,,,,,,,,,,,,,,,,,,1.44,28.62,2,36,"51,84","1055,32",17,60X120,9 MM,Porcelánico,Mate,Pavimento y revestimiento,,No,No,,"Interior: salón, cocina, baño y dormitorio; formatos grandes",Porce Plus,Siena,Esmalto,Ecoceramic,,Material: Porcelánico | Acabado: Mate | Uso: Pavimento y revestimiento | Espesor: 9 MM | Antideslizante: No | Versión antideslizante disponible: No | Tipo de pieza: Baldosa,,
,variation,ESM-SIENA-CREMA-60X120,Siena Crema 60X120,1,,visible,,,taxable,,1,,,,28.62,,,,,,,,,,,ECOCERAMIC/SIENA/ECOCERAMIC_PZ_SIENA_CREMA_60X120.webp,,,ESM-SIENA,260,Modelo,Siena,1,1,,Color,Crema,1,1,,Formato,60X120,1,1,,,,,,,,,,,,,,,,,,,,,,,,,,,,,,,,,,,,,,,,,,,,,,,,,,,,,,,,,1.44,28.62,2,36,"51,84","1055,32",17,60X120,9 MM,Porcelánico,Mate,Pavimento y revestimiento,,No,No,,"Interior: salón, cocina, baño y dormitorio; formatos grandes",Porce Plus,Siena,Esmalto,Ecoceramic,,Material: Porcelánico | Acabado: Mate | Uso: Pavimento y revestimiento | Espesor: 9 MM | Antideslizante: No | Versión antideslizante disponible: No | Tipo de pieza: Baldosa,,
,variation,ESM-SIENA-BLANCO-60X60,Siena Blanco 60X60,1,,visible,,,taxable,,1,,,,29.75,,,,,,,,,,,ECOCERAMIC/SIENA/ECOCERAMIC_PZ_SIENA_BLANCO_60X60.webp,,,ESM-SIENA,261,Modelo,Siena,1,1,,Color,Blanco,1,1,,Formato,60X60,1,1,,,,,,,,,,,,,,,,,,,,,,,,,,,,,,,,,,,,,,,,,,,,,,,,,,,,,,,,,1.44,29.75,4,30,"43,2","912,5",34,60X60,9 MM,Porcelánico,Mate,Pavimento y revestimiento,,No,No,,"Interior: salón, cocina, baño y dormitorio; formatos grandes",Porce Plus,Siena,Esmalto,Ecoceramic,,Material: Porcelánico | Acabado: Mate | Uso: Pavimento y revestimiento | Espesor: 9 MM | Antideslizante: No | Versión antideslizante disponible: No | Tipo de pieza: Baldosa,,
,variation,ESM-SIENA-CREMA-60X60,Siena Crema 60X60,1,,visible,,,taxable,,1,,,,29.75,,,,,,,,,,,ECOCERAMIC/SIENA/ECOCERAMIC_PZ_SIENA_CREMA_60X60.webp,,,ESM-SIENA,262,Modelo,Siena,1,1,,Color,Crema,1,1,,Formato,60X60,1,1,,,,,,,,,,,,,,,,,,,,,,,,,,,,,,,,,,,,,,,,,,,,,,,,,,,,,,,,,1.44,29.75,4,30,"43,2","912,5",34,60X60,9 MM,Porcelánico,Mate,Pavimento y revestimiento,,No,No,,"Interior: salón, cocina, baño y dormitorio; formatos grandes",Porce Plus,Siena,Esmalto,Ecoceramic,,Material: Porcelánico | Acabado: Mate | Uso: Pavimento y revestimiento | Espesor: 9 MM | Antideslizante: No | Versión antideslizante disponible: No | Tipo de pieza: Baldosa,,
,variation,ESM-SIENA-BLANCO-90X90,Siena Blanco 90X90,1,,visible,,,taxable,,1,,,,33,,,,,,,,,,,ECOCERAMIC/SIENA/ECOCERAMIC_PZ_SIENA_BLANCO_90X90.webp,,,ESM-SIENA,263,Modelo,Siena,1,1,,Color,Blanco,1,1,,Formato,90X90,1,1,,,,,,,,,,,,,,,,,,,,,,,,,,,,,,,,,,,,,,,,,,,,,,,,,,,,,,,,,1.62,33,2,32,"51,84",1081,11,90X90,9 MM,Porcelánico,Mate,Pavimento y revestimiento,,No,No,,"Interior: salón, cocina, baño y dormitorio; formatos grandes",Porce Plus,Siena,Esmalto,Ecoceramic,,Material: Porcelánico | Acabado: Mate | Uso: Pavimento y revestimiento | Espesor: 9 MM | Antideslizante: No | Versión antideslizante disponible: No | Tipo de pieza: Baldosa,,
,variation,ESM-SIENA-CREMA-90X90,Siena Crema 90X90,1,,visible,,,taxable,,1,,,,33,,,,,,,,,,,ECOCERAMIC/SIENA/ECOCERAMIC_PZ_SIENA_CREMA_90X90.webp,,,ESM-SIENA,264,Modelo,Siena,1,1,,Color,Crema,1,1,,Formato,90X90,1,1,,,,,,,,,,,,,,,,,,,,,,,,,,,,,,,,,,,,,,,,,,,,,,,,,,,,,,,,,1.62,33,2,32,"51,84",1081,11,90X90,9 MM,Porcelánico,Mate,Pavimento y revestimiento,,No,No,,"Interior: salón, cocina, baño y dormitorio; formatos grandes",Porce Plus,Siena,Esmalto,Ecoceramic,,Material: Porcelánico | Acabado: Mate | Uso: Pavimento y revestimiento | Espesor: 9 MM | Antideslizante: No | Versión antideslizante disponible: No | Tipo de pieza: Baldosa,,
,variable,ESM-SOUTHWELL-CROSS,Southwell Cross,1,0,visible,"Serie Southwell Cross de Ecoceramic en porcelánico y pasta blanca, acabado mate. 3 color(es) y 5 formato(s).","<p>Southwell ofrece una estética depurada y sofisticada, disponible en dos interpretaciones: Cross y Vein. La colección incorpora revestimiento en pasta blanca con decorados de relieve sutil, aportando profundidad visual sin romper la continuidad.</p><h3>Características técnicas</h3><ul><li><strong>Material:</strong> Porcelánico y Pasta blanca</li><li><strong>Acabado:</strong> Mate</li><li><strong>Uso:</strong> Pavimento/Revestimiento</li><li><strong>Espesor:</strong> 9 MM y 2 CM</li><li><strong>Rectificado:</strong> Sí</li><li><strong>Antideslizante:</strong> No / Sí</li><li><strong>Versión antideslizante:</strong> No / Sí</li><li><strong>Destonificación:</strong> V1-V2 Cross uniforme</li><li><strong>Tipo de pieza:</strong> Baldosa y Relieve</li><li><strong>Familia:</strong> Porce Plus</li></ul><p><strong>Colores disponibles:</strong> Bone, White, Pearl.<br><strong>Formatos:</strong> 120X120, 60X120, 100X100, 60X60, 30X60.</p><p><strong>Espacios recomendados:</strong> Interior, Exterior (20mm) y Piscina.</p><h3>Datos de embalaje</h3><table><thead><tr><th>Formato</th><th>Pz/caja</th><th>m²/caja</th><th>Kg/caja</th><th>Cajas/palet</th><th>m²/palet</th><th>Kg/palet</th></tr></thead><tbody><tr><td>100X100</td><td>2</td><td>2</td><td>41,15</td><td>27</td><td>54</td><td>1133,05</td></tr><tr><td>120X120</td><td>1</td><td>1,44</td><td>34,36</td><td>36</td><td>51,84</td><td>1276,96</td></tr><tr><td>160X160</td><td>1</td><td>2,56</td><td>48,62</td><td>20</td><td>51,20</td><td>1062</td></tr><tr><td>30X60</td><td>7</td><td>1,26</td><td>24,35</td><td>48</td><td>60,48</td><td>1188,8</td></tr><tr><td>60X120</td><td>2</td><td>1,44</td><td>28,62</td><td>36</td><td>51,84</td><td>1055,32</td></tr><tr><td>60X60</td><td>5</td><td>1,80</td><td>35,36</td><td>30</td><td>54</td><td>1080,80</td></tr></tbody></table>",taxable,,1,,0,0,,,,,1,,,,Pavimentos y revestimientos > Porce Plus > Southwell Cross,"Southwell Cross, Ecoceramic, Esmalto, Porce Plus, Bone, White, Pearl, 120X120, 60X120, 100X100, 60X60, 30X60, Porcelánico, Pasta blanca",,"ECOCERAMIC/SOUTHWELL CROSS/ECOCERAMIC_AMB_SOUTHWELL-CROSS_BONE_120X120_01_V2.webp, ECOCERAMIC/SOUTHWELL CROSS/ECOCERAMIC_AMB_SOUTHWELL-CROSS_BONE_120X120_60X120_01.webp, ECOCERAMIC/SOUTHWELL CROSS/ECOCERAMIC_AMB_SOUTHWELL-CROSS_PEARL_120X120_01.webp, ECOCERAMIC/SOUTHWELL CROSS/ECOCERAMIC_AMB_SOUTHWELL-CROSS_PEARL_120X120_60X120_01.webp, ECOCERAMIC/SOUTHWELL CROSS/ECOCERAMIC_AMB_SOUTHWELL-CROSS_WHITE_120X120_01_V2.webp, ECOCERAMIC/SOUTHWELL CROSS/ECOCERAMIC_AMB_SOUTHWELL-CROSS_WHITE_120X120_60X120_01.webp, ECOCERAMIC/SOUTHWELL CROSS/ECOCERAMIC_PZ_SOUTHWELL-CROSS_BONE_100X100.webp, ECOCERAMIC/SOUTHWELL CROSS/ECOCERAMIC_PZ_SOUTHWELL-CROSS_BONE_120X120.webp, ECOCERAMIC/SOUTHWELL CROSS/ECOCERAMIC_PZ_SOUTHWELL-CROSS_BONE_60X120.webp, ECOCERAMIC/SOUTHWELL CROSS/ECOCERAMIC_PZ_SOUTHWELL-CROSS_BONE_60X60.webp, ECOCERAMIC/SOUTHWELL CROSS/ECOCERAMIC_PZ_SOUTHWELL-CROSS_PEARL_100X100.webp, ECOCERAMIC/SOUTHWELL CROSS/ECOCERAMIC_PZ_SOUTHWELL-CROSS_PEARL_120X120.webp, ECOCERAMIC/SOUTHWELL CROSS/ECOCERAMIC_PZ_SOUTHWELL-CROSS_PEARL_60X120.webp, ECOCERAMIC/SOUTHWELL CROSS/ECOCERAMIC_PZ_SOUTHWELL-CROSS_PEARL_60X60.webp, ECOCERAMIC/SOUTHWELL CROSS/ECOCERAMIC_PZ_SOUTHWELL-CROSS_WHITE_100X100.webp, ECOCERAMIC/SOUTHWELL CROSS/ECOCERAMIC_PZ_SOUTHWELL-CROSS_WHITE_120X120.webp, ECOCERAMIC/SOUTHWELL CROSS/ECOCERAMIC_PZ_SOUTHWELL-CROSS_WHITE_60X120.webp, ECOCERAMIC/SOUTHWELL CROSS/ECOCERAMIC_PZ_SOUTHWELL-CROSS_WHITE_60X60.webp",Ficha técnica Southwell Cross,ECOCERAMIC/SOUTHWELL CROSS/ECOCERAMIC_FICHA_SOUTHWELL-CROSS.jpg,,0,Modelo,Southwell Cross,1,1,,Color,Bone | White | Pearl,1,1,Bone,Formato,120X120 | 60X120 | 100X100 | 60X60 | 30X60,1,1,120X120,Acabado,Mate,1,1,,Espesor,9 MM | 2 CM,1,1,9 MM,Tipo de pieza,Baldosa | Relieve,1,1,Baldosa,Material,Porcelánico | Pasta blanca,1,1,,Antideslizante,No | Sí,1,1,,Versión antideslizante,No | Sí,1,1,,Uso,Pavimento/Revestimiento,1,1,,Rectificado,Sí,1,1,,Destonificación,V1-V2 Cross uniforme,1,1,,Familia,Porce Plus,1,1,,Fabricante,Ecoceramic,1,1,,,,,,,,,,,,,,,,,,"Interior, Exterior (20mm) y Piscina",Porce Plus,Southwell Cross,Esmalto,Ecoceramic,ECOCERAMIC/SOUTHWELL CROSS/ECOCERAMIC_FICHA_SOUTHWELL-CROSS.jpg,Material: Porcelánico | Acabado: Mate | Uso: Pavimento/Revestimiento | Espesor: 9 MM | Rectificado: Sí | Antideslizante: No | Versión antideslizante disponible: No | Destonificación: V1-V2 Cross uniforme | Tipo de pieza: Baldosa,Southwell Cross | Porcelánico Porce Plus | Esmalto,"Serie Southwell Cross de Ecoceramic en porcelánico y pasta blanca, acabado mate. 3 color(es) y 5 formato(s)."
,variation,ESM-SOUTHWELL-CROSS-BONE-100X100,Southwell Cross Bone 100X100,1,,visible,,,taxable,,1,,,,41.15,,,,,,,,,,,ECOCERAMIC/SOUTHWELL CROSS/ECOCERAMIC_PZ_SOUTHWELL-CROSS_BONE_100X100.webp,,,ESM-SOUTHWELL-CROSS,265,Modelo,Southwell Cross,1,1,,Color,Bone,1,1,,Formato,100X100,1,1,,,,,,,Espesor,9 MM,1,1,,Tipo de pieza,Baldosa,1,1,,,,,,,,,,,,,,,,,,,,,,,,,,,,,,,,,,,,,,,,,,2,41.15,2,27,54,"1133,05",13,100X100,9 MM,Porcelánico,Mate,Pavimento/Revestimiento,Sí,No,Sí,V1-V2 Cross uniforme,"Interior, Exterior (20mm) y Piscina",Porce Plus,Southwell Cross,Esmalto,Ecoceramic,,Material: Porcelánico | Acabado: Mate | Uso: Pavimento/Revestimiento | Espesor: 9 MM | Rectificado: Sí | Antideslizante: No | Versión antideslizante disponible: Sí | Destonificación: V1-V2 Cross uniforme | Tipo de pieza: Baldosa,,
,variation,ESM-SOUTHWELL-CROSS-BONE-100X100-2CM,Southwell Cross Bone 100X100 2 cm,1,,visible,,,taxable,,1,,,,85.72,,,,,,,,,,,ECOCERAMIC/SOUTHWELL CROSS/ECOCERAMIC_PZ_SOUTHWELL-CROSS_BONE_100X100.webp,,,ESM-SOUTHWELL-CROSS,266,Modelo,Southwell Cross,1,1,,Color,Bone,1,1,,Formato,100X100,1,1,,,,,,,Espesor,2 CM,1,1,,Tipo de pieza,Baldosa,1,1,,,,,,,,,,,,,,,,,,,,,,,,,,,,,,,,,,,,,,,,,,2,85.72,2,27,54,"1133,05",13,100X100,2 CM,Porcelánico,Mate,Pavimento/Revestimiento,Sí,Sí,,V1-V2 Cross uniforme,"Interior, Exterior (20mm) y Piscina",Porce Plus,Southwell Cross,Esmalto,Ecoceramic,,Material: Porcelánico | Acabado: Mate | Uso: Pavimento/Revestimiento | Espesor: 2 CM | Rectificado: Sí | Antideslizante: Sí | Destonificación: V1-V2 Cross uniforme | Tipo de pieza: Baldosa,,
,variation,ESM-SOUTHWELL-CROSS-PEARL-100X100,Southwell Cross Pearl 100X100,1,,visible,,,taxable,,1,,,,41.15,,,,,,,,,,,ECOCERAMIC/SOUTHWELL CROSS/ECOCERAMIC_PZ_SOUTHWELL-CROSS_PEARL_100X100.webp,,,ESM-SOUTHWELL-CROSS,267,Modelo,Southwell Cross,1,1,,Color,Pearl,1,1,,Formato,100X100,1,1,,,,,,,Espesor,9 MM,1,1,,Tipo de pieza,Baldosa,1,1,,,,,,,,,,,,,,,,,,,,,,,,,,,,,,,,,,,,,,,,,,2,41.15,2,27,54,"1133,05",13,100X100,9 MM,Porcelánico,Mate,Pavimento/Revestimiento,Sí,No,Sí,V1-V2 Cross uniforme,"Interior, Exterior (20mm) y Piscina",Porce Plus,Southwell Cross,Esmalto,Ecoceramic,,Material: Porcelánico | Acabado: Mate | Uso: Pavimento/Revestimiento | Espesor: 9 MM | Rectificado: Sí | Antideslizante: No | Versión antideslizante disponible: Sí | Destonificación: V1-V2 Cross uniforme | Tipo de pieza: Baldosa,,
,variation,ESM-SOUTHWELL-CROSS-PEARL-100X100-2CM,Southwell Cross Pearl 100X100 2 cm,1,,visible,,,taxable,,1,,,,85.72,,,,,,,,,,,ECOCERAMIC/SOUTHWELL CROSS/ECOCERAMIC_PZ_SOUTHWELL-CROSS_PEARL_100X100.webp,,,ESM-SOUTHWELL-CROSS,268,Modelo,Southwell Cross,1,1,,Color,Pearl,1,1,,Formato,100X100,1,1,,,,,,,Espesor,2 CM,1,1,,Tipo de pieza,Baldosa,1,1,,,,,,,,,,,,,,,,,,,,,,,,,,,,,,,,,,,,,,,,,,2,85.72,2,27,54,"1133,05",13,100X100,2 CM,Porcelánico,Mate,Pavimento/Revestimiento,Sí,Sí,,V1-V2 Cross uniforme,"Interior, Exterior (20mm) y Piscina",Porce Plus,Southwell Cross,Esmalto,Ecoceramic,,Material: Porcelánico | Acabado: Mate | Uso: Pavimento/Revestimiento | Espesor: 2 CM | Rectificado: Sí | Antideslizante: Sí | Destonificación: V1-V2 Cross uniforme | Tipo de pieza: Baldosa,,
,variation,ESM-SOUTHWELL-CROSS-WHITE-100X100,Southwell Cross White 100X100,1,,visible,,,taxable,,1,,,,41.15,,,,,,,,,,,ECOCERAMIC/SOUTHWELL CROSS/ECOCERAMIC_PZ_SOUTHWELL-CROSS_WHITE_100X100.webp,,,ESM-SOUTHWELL-CROSS,269,Modelo,Southwell Cross,1,1,,Color,White,1,1,,Formato,100X100,1,1,,,,,,,Espesor,9 MM,1,1,,Tipo de pieza,Baldosa,1,1,,,,,,,,,,,,,,,,,,,,,,,,,,,,,,,,,,,,,,,,,,2,41.15,2,27,54,"1133,05",13,100X100,9 MM,Porcelánico,Mate,Pavimento/Revestimiento,Sí,No,Sí,V1-V2 Cross uniforme,"Interior, Exterior (20mm) y Piscina",Porce Plus,Southwell Cross,Esmalto,Ecoceramic,,Material: Porcelánico | Acabado: Mate | Uso: Pavimento/Revestimiento | Espesor: 9 MM | Rectificado: Sí | Antideslizante: No | Versión antideslizante disponible: Sí | Destonificación: V1-V2 Cross uniforme | Tipo de pieza: Baldosa,,
,variation,ESM-SOUTHWELL-CROSS-WHITE-100X100-2CM,Southwell Cross White 100X100 2 cm,1,,visible,,,taxable,,1,,,,85.72,,,,,,,,,,,ECOCERAMIC/SOUTHWELL CROSS/ECOCERAMIC_PZ_SOUTHWELL-CROSS_WHITE_100X100.webp,,,ESM-SOUTHWELL-CROSS,270,Modelo,Southwell Cross,1,1,,Color,White,1,1,,Formato,100X100,1,1,,,,,,,Espesor,2 CM,1,1,,Tipo de pieza,Baldosa,1,1,,,,,,,,,,,,,,,,,,,,,,,,,,,,,,,,,,,,,,,,,,2,85.72,2,27,54,"1133,05",13,100X100,2 CM,Porcelánico,Mate,Pavimento/Revestimiento,Sí,Sí,,V1-V2 Cross uniforme,"Interior, Exterior (20mm) y Piscina",Porce Plus,Southwell Cross,Esmalto,Ecoceramic,,Material: Porcelánico | Acabado: Mate | Uso: Pavimento/Revestimiento | Espesor: 2 CM | Rectificado: Sí | Antideslizante: Sí | Destonificación: V1-V2 Cross uniforme | Tipo de pieza: Baldosa,,
,variation,ESM-SOUTHWELL-CROSS-BONE-120X120,Southwell Cross Bone 120X120,1,,visible,,,taxable,,1,,,,35,,,,,,,,,,,ECOCERAMIC/SOUTHWELL CROSS/ECOCERAMIC_PZ_SOUTHWELL-CROSS_BONE_120X120.webp,,,ESM-SOUTHWELL-CROSS,271,Modelo,Southwell Cross,1,1,,Color,Bone,1,1,,Formato,120X120,1,1,,,,,,,Espesor,9 MM,1,1,,Tipo de pieza,Baldosa,1,1,,,,,,,,,,,,,,,,,,,,,,,,,,,,,,,,,,,,,,,,,,1.44,35,1,36,"51,84","1276,96",7,120X120,9 MM,Porcelánico,Mate,Pavimento/Revestimiento,Sí,No,No,V1-V2 Cross uniforme,"Interior, Exterior (20mm) y Piscina",Porce Plus,Southwell Cross,Esmalto,Ecoceramic,,Material: Porcelánico | Acabado: Mate | Uso: Pavimento/Revestimiento | Espesor: 9 MM | Rectificado: Sí | Antideslizante: No | Versión antideslizante disponible: No | Destonificación: V1-V2 Cross uniforme | Tipo de pieza: Baldosa,,
,variation,ESM-SOUTHWELL-CROSS-PEARL-120X120,Southwell Cross Pearl 120X120,1,,visible,,,taxable,,1,,,,35,,,,,,,,,,,ECOCERAMIC/SOUTHWELL CROSS/ECOCERAMIC_PZ_SOUTHWELL-CROSS_PEARL_120X120.webp,,,ESM-SOUTHWELL-CROSS,272,Modelo,Southwell Cross,1,1,,Color,Pearl,1,1,,Formato,120X120,1,1,,,,,,,Espesor,9 MM,1,1,,Tipo de pieza,Baldosa,1,1,,,,,,,,,,,,,,,,,,,,,,,,,,,,,,,,,,,,,,,,,,1.44,35,1,36,"51,84","1276,96",7,120X120,9 MM,Porcelánico,Mate,Pavimento/Revestimiento,Sí,No,No,V1-V2 Cross uniforme,"Interior, Exterior (20mm) y Piscina",Porce Plus,Southwell Cross,Esmalto,Ecoceramic,,Material: Porcelánico | Acabado: Mate | Uso: Pavimento/Revestimiento | Espesor: 9 MM | Rectificado: Sí | Antideslizante: No | Versión antideslizante disponible: No | Destonificación: V1-V2 Cross uniforme | Tipo de pieza: Baldosa,,
,variation,ESM-SOUTHWELL-CROSS-WHITE-120X120,Southwell Cross White 120X120,1,,visible,,,taxable,,1,,,,35,,,,,,,,,,,ECOCERAMIC/SOUTHWELL CROSS/ECOCERAMIC_PZ_SOUTHWELL-CROSS_WHITE_120X120.webp,,,ESM-SOUTHWELL-CROSS,273,Modelo,Southwell Cross,1,1,,Color,White,1,1,,Formato,120X120,1,1,,,,,,,Espesor,9 MM,1,1,,Tipo de pieza,Baldosa,1,1,,,,,,,,,,,,,,,,,,,,,,,,,,,,,,,,,,,,,,,,,,1.44,35,1,36,"51,84","1276,96",7,120X120,9 MM,Porcelánico,Mate,Pavimento/Revestimiento,Sí,No,No,V1-V2 Cross uniforme,"Interior, Exterior (20mm) y Piscina",Porce Plus,Southwell Cross,Esmalto,Ecoceramic,,Material: Porcelánico | Acabado: Mate | Uso: Pavimento/Revestimiento | Espesor: 9 MM | Rectificado: Sí | Antideslizante: No | Versión antideslizante disponible: No | Destonificación: V1-V2 Cross uniforme | Tipo de pieza: Baldosa,,
,variation,ESM-SOUTHWELL-CROSS-BONE-60X120,Southwell Cross Bone 60X120,1,,visible,,,taxable,,1,,,,28.62,,,,,,,,,,,ECOCERAMIC/SOUTHWELL CROSS/ECOCERAMIC_PZ_SOUTHWELL-CROSS_BONE_60X120.webp,,,ESM-SOUTHWELL-CROSS,274,Modelo,Southwell Cross,1,1,,Color,Bone,1,1,,Formato,60X120,1,1,,,,,,,Espesor,9 MM,1,1,,Tipo de pieza,Baldosa,1,1,,,,,,,,,,,,,,,,,,,,,,,,,,,,,,,,,,,,,,,,,,1.44,28.62,2,36,"51,84","1055,32",14,60X120,9 MM,Porcelánico,Mate,Pavimento/Revestimiento,Sí,No,No,V1-V2 Cross uniforme,"Interior, Exterior (20mm) y Piscina",Porce Plus,Southwell Cross,Esmalto,Ecoceramic,,Material: Porcelánico | Acabado: Mate | Uso: Pavimento/Revestimiento | Espesor: 9 MM | Rectificado: Sí | Antideslizante: No | Versión antideslizante disponible: No | Destonificación: V1-V2 Cross uniforme | Tipo de pieza: Baldosa,,
,variation,ESM-SOUTHWELL-CROSS-BONE-60X120-2CM,Southwell Cross Bone 60X120 2 cm,1,,visible,,,taxable,,1,,,,58.5,,,,,,,,,,,ECOCERAMIC/SOUTHWELL CROSS/ECOCERAMIC_PZ_SOUTHWELL-CROSS_BONE_60X120.webp,,,ESM-SOUTHWELL-CROSS,275,Modelo,Southwell Cross,1,1,,Color,Bone,1,1,,Formato,60X120,1,1,,,,,,,Espesor,2 CM,1,1,,Tipo de pieza,Baldosa,1,1,,,,,,,,,,,,,,,,,,,,,,,,,,,,,,,,,,,,,,,,,,1.44,58.5,2,36,"51,84","1055,32",14,60X120,2 CM,Porcelánico,Mate,Pavimento/Revestimiento,Sí,Sí,,V1-V2 Cross uniforme,"Interior, Exterior (20mm) y Piscina",Porce Plus,Southwell Cross,Esmalto,Ecoceramic,,Material: Porcelánico | Acabado: Mate | Uso: Pavimento/Revestimiento | Espesor: 2 CM | Rectificado: Sí | Antideslizante: Sí | Destonificación: V1-V2 Cross uniforme | Tipo de pieza: Baldosa,,
,variation,ESM-SOUTHWELL-CROSS-PEARL-60X120,Southwell Cross Pearl 60X120,1,,visible,,,taxable,,1,,,,28.62,,,,,,,,,,,ECOCERAMIC/SOUTHWELL CROSS/ECOCERAMIC_PZ_SOUTHWELL-CROSS_PEARL_60X120.webp,,,ESM-SOUTHWELL-CROSS,276,Modelo,Southwell Cross,1,1,,Color,Pearl,1,1,,Formato,60X120,1,1,,,,,,,Espesor,9 MM,1,1,,Tipo de pieza,Baldosa,1,1,,,,,,,,,,,,,,,,,,,,,,,,,,,,,,,,,,,,,,,,,,1.44,28.62,2,36,"51,84","1055,32",14,60X120,9 MM,Porcelánico,Mate,Pavimento/Revestimiento,Sí,No,No,V1-V2 Cross uniforme,"Interior, Exterior (20mm) y Piscina",Porce Plus,Southwell Cross,Esmalto,Ecoceramic,,Material: Porcelánico | Acabado: Mate | Uso: Pavimento/Revestimiento | Espesor: 9 MM | Rectificado: Sí | Antideslizante: No | Versión antideslizante disponible: No | Destonificación: V1-V2 Cross uniforme | Tipo de pieza: Baldosa,,
,variation,ESM-SOUTHWELL-CROSS-PEARL-60X120-2CM,Southwell Cross Pearl 60X120 2 cm,1,,visible,,,taxable,,1,,,,58.5,,,,,,,,,,,ECOCERAMIC/SOUTHWELL CROSS/ECOCERAMIC_PZ_SOUTHWELL-CROSS_PEARL_60X120.webp,,,ESM-SOUTHWELL-CROSS,277,Modelo,Southwell Cross,1,1,,Color,Pearl,1,1,,Formato,60X120,1,1,,,,,,,Espesor,2 CM,1,1,,Tipo de pieza,Baldosa,1,1,,,,,,,,,,,,,,,,,,,,,,,,,,,,,,,,,,,,,,,,,,1.44,58.5,2,36,"51,84","1055,32",14,60X120,2 CM,Porcelánico,Mate,Pavimento/Revestimiento,Sí,Sí,,V1-V2 Cross uniforme,"Interior, Exterior (20mm) y Piscina",Porce Plus,Southwell Cross,Esmalto,Ecoceramic,,Material: Porcelánico | Acabado: Mate | Uso: Pavimento/Revestimiento | Espesor: 2 CM | Rectificado: Sí | Antideslizante: Sí | Destonificación: V1-V2 Cross uniforme | Tipo de pieza: Baldosa,,
,variation,ESM-SOUTHWELL-CROSS-WHITE-60X120,Southwell Cross White 60X120,1,,visible,,,taxable,,1,,,,28.62,,,,,,,,,,,ECOCERAMIC/SOUTHWELL CROSS/ECOCERAMIC_PZ_SOUTHWELL-CROSS_WHITE_60X120.webp,,,ESM-SOUTHWELL-CROSS,278,Modelo,Southwell Cross,1,1,,Color,White,1,1,,Formato,60X120,1,1,,,,,,,Espesor,9 MM,1,1,,Tipo de pieza,Baldosa,1,1,,,,,,,,,,,,,,,,,,,,,,,,,,,,,,,,,,,,,,,,,,1.44,28.62,2,36,"51,84","1055,32",14,60X120,9 MM,Porcelánico,Mate,Pavimento/Revestimiento,Sí,No,No,V1-V2 Cross uniforme,"Interior, Exterior (20mm) y Piscina",Porce Plus,Southwell Cross,Esmalto,Ecoceramic,,Material: Porcelánico | Acabado: Mate | Uso: Pavimento/Revestimiento | Espesor: 9 MM | Rectificado: Sí | Antideslizante: No | Versión antideslizante disponible: No | Destonificación: V1-V2 Cross uniforme | Tipo de pieza: Baldosa,,
,variation,ESM-SOUTHWELL-CROSS-WHITE-60X120-2CM,Southwell Cross White 60X120 2 cm,1,,visible,,,taxable,,1,,,,58.5,,,,,,,,,,,ECOCERAMIC/SOUTHWELL CROSS/ECOCERAMIC_PZ_SOUTHWELL-CROSS_WHITE_60X120.webp,,,ESM-SOUTHWELL-CROSS,279,Modelo,Southwell Cross,1,1,,Color,White,1,1,,Formato,60X120,1,1,,,,,,,Espesor,2 CM,1,1,,Tipo de pieza,Baldosa,1,1,,,,,,,,,,,,,,,,,,,,,,,,,,,,,,,,,,,,,,,,,,1.44,58.5,2,36,"51,84","1055,32",14,60X120,2 CM,Porcelánico,Mate,Pavimento/Revestimiento,Sí,Sí,,V1-V2 Cross uniforme,"Interior, Exterior (20mm) y Piscina",Porce Plus,Southwell Cross,Esmalto,Ecoceramic,,Material: Porcelánico | Acabado: Mate | Uso: Pavimento/Revestimiento | Espesor: 2 CM | Rectificado: Sí | Antideslizante: Sí | Destonificación: V1-V2 Cross uniforme | Tipo de pieza: Baldosa,,
,variation,ESM-SOUTHWELL-CROSS-BONE-60X60,Southwell Cross Bone 60X60,1,,visible,,,taxable,,1,,,,35.36,,,,,,,,,,,ECOCERAMIC/SOUTHWELL CROSS/ECOCERAMIC_PZ_SOUTHWELL-CROSS_BONE_60X60.webp,,,ESM-SOUTHWELL-CROSS,280,Modelo,Southwell Cross,1,1,,Color,Bone,1,1,,Formato,60X60,1,1,,,,,,,Espesor,9 MM,1,1,,Tipo de pieza,Baldosa,1,1,,,,,,,,,,,,,,,,,,,,,,,,,,,,,,,,,,,,,,,,,,1.8,35.36,5,30,54,"1080,80",19,60X60,9 MM,Porcelánico,Mate,Pavimento/Revestimiento,Sí,No,Sí,V1-V2 Cross uniforme,"Interior, Exterior (20mm) y Piscina",Porce Plus,Southwell Cross,Esmalto,Ecoceramic,,Material: Porcelánico | Acabado: Mate | Uso: Pavimento/Revestimiento | Espesor: 9 MM | Rectificado: Sí | Antideslizante: No | Versión antideslizante disponible: Sí | Destonificación: V1-V2 Cross uniforme | Tipo de pieza: Baldosa,,
,variation,ESM-SOUTHWELL-CROSS-PEARL-60X60,Southwell Cross Pearl 60X60,1,,visible,,,taxable,,1,,,,35.36,,,,,,,,,,,ECOCERAMIC/SOUTHWELL CROSS/ECOCERAMIC_PZ_SOUTHWELL-CROSS_PEARL_60X60.webp,,,ESM-SOUTHWELL-CROSS,281,Modelo,Southwell Cross,1,1,,Color,Pearl,1,1,,Formato,60X60,1,1,,,,,,,Espesor,9 MM,1,1,,Tipo de pieza,Baldosa,1,1,,,,,,,,,,,,,,,,,,,,,,,,,,,,,,,,,,,,,,,,,,1.8,35.36,5,30,54,"1080,80",19,60X60,9 MM,Porcelánico,Mate,Pavimento/Revestimiento,Sí,No,Sí,V1-V2 Cross uniforme,"Interior, Exterior (20mm) y Piscina",Porce Plus,Southwell Cross,Esmalto,Ecoceramic,,Material: Porcelánico | Acabado: Mate | Uso: Pavimento/Revestimiento | Espesor: 9 MM | Rectificado: Sí | Antideslizante: No | Versión antideslizante disponible: Sí | Destonificación: V1-V2 Cross uniforme | Tipo de pieza: Baldosa,,
,variation,ESM-SOUTHWELL-CROSS-WHITE-60X60,Southwell Cross White 60X60,1,,visible,,,taxable,,1,,,,35.36,,,,,,,,,,,ECOCERAMIC/SOUTHWELL CROSS/ECOCERAMIC_PZ_SOUTHWELL-CROSS_WHITE_60X60.webp,,,ESM-SOUTHWELL-CROSS,282,Modelo,Southwell Cross,1,1,,Color,White,1,1,,Formato,60X60,1,1,,,,,,,Espesor,9 MM,1,1,,Tipo de pieza,Baldosa,1,1,,,,,,,,,,,,,,,,,,,,,,,,,,,,,,,,,,,,,,,,,,1.8,35.36,5,30,54,"1080,80",19,60X60,9 MM,Porcelánico,Mate,Pavimento/Revestimiento,Sí,No,Sí,V1-V2 Cross uniforme,"Interior, Exterior (20mm) y Piscina",Porce Plus,Southwell Cross,Esmalto,Ecoceramic,,Material: Porcelánico | Acabado: Mate | Uso: Pavimento/Revestimiento | Espesor: 9 MM | Rectificado: Sí | Antideslizante: No | Versión antideslizante disponible: Sí | Destonificación: V1-V2 Cross uniforme | Tipo de pieza: Baldosa,,
,variation,ESM-SOUTHWELL-CROSS-BONE-30X60-RLV,Southwell Cross Bone 30X60 Relieve,1,,visible,,,taxable,,1,,,,25,,,,,,,,,,,ECOCERAMIC/SOUTHWELL CROSS/ECOCERAMIC_PZ_SOUTHWELL-CROSS_BONE_100X100.webp,,,ESM-SOUTHWELL-CROSS,283,Modelo,Southwell Cross,1,1,,Color,Bone,1,1,,Formato,30X60,1,1,,,,,,,Espesor,9 MM,1,1,,Tipo de pieza,Relieve,1,1,,,,,,,,,,,,,,,,,,,,,,,,,,,,,,,,,,,,,,,,,,1.8,25,7,48,"60,48","1188,8",42,30X60,9 MM,Pasta blanca,Mate,Pavimento/Revestimiento,Sí,,,V1-V2 Cross uniforme,"Interior, Exterior (20mm) y Piscina",Porce Plus,Southwell Cross,Esmalto,Ecoceramic,,Material: Pasta blanca | Acabado: Mate | Uso: Pavimento/Revestimiento | Espesor: 9 MM | Rectificado: Sí | Destonificación: V1-V2 Cross uniforme | Tipo de pieza: Relieve,,
,variation,ESM-SOUTHWELL-CROSS-PEARL-30X60-RLV,Southwell Cross Pearl 30X60 Relieve,1,,visible,,,taxable,,1,,,,25,,,,,,,,,,,ECOCERAMIC/SOUTHWELL CROSS/ECOCERAMIC_PZ_SOUTHWELL-CROSS_PEARL_100X100.webp,,,ESM-SOUTHWELL-CROSS,284,Modelo,Southwell Cross,1,1,,Color,Pearl,1,1,,Formato,30X60,1,1,,,,,,,Espesor,9 MM,1,1,,Tipo de pieza,Relieve,1,1,,,,,,,,,,,,,,,,,,,,,,,,,,,,,,,,,,,,,,,,,,1.8,25,7,48,"60,48","1188,8",42,30X60,9 MM,Pasta blanca,Mate,Pavimento/Revestimiento,Sí,,,V1-V2 Cross uniforme,"Interior, Exterior (20mm) y Piscina",Porce Plus,Southwell Cross,Esmalto,Ecoceramic,,Material: Pasta blanca | Acabado: Mate | Uso: Pavimento/Revestimiento | Espesor: 9 MM | Rectificado: Sí | Destonificación: V1-V2 Cross uniforme | Tipo de pieza: Relieve,,
,variation,ESM-SOUTHWELL-CROSS-WHITE-30X60-RLV,Southwell Cross White 30X60 Relieve,1,,visible,,,taxable,,1,,,,25,,,,,,,,,,,ECOCERAMIC/SOUTHWELL CROSS/ECOCERAMIC_PZ_SOUTHWELL-CROSS_WHITE_100X100.webp,,,ESM-SOUTHWELL-CROSS,285,Modelo,Southwell Cross,1,1,,Color,White,1,1,,Formato,30X60,1,1,,,,,,,Espesor,9 MM,1,1,,Tipo de pieza,Relieve,1,1,,,,,,,,,,,,,,,,,,,,,,,,,,,,,,,,,,,,,,,,,,1.8,25,7,48,"60,48","1188,8",42,30X60,9 MM,Pasta blanca,Mate,Pavimento/Revestimiento,Sí,,,V1-V2 Cross uniforme,"Interior, Exterior (20mm) y Piscina",Porce Plus,Southwell Cross,Esmalto,Ecoceramic,,Material: Pasta blanca | Acabado: Mate | Uso: Pavimento/Revestimiento | Espesor: 9 MM | Rectificado: Sí | Destonificación: V1-V2 Cross uniforme | Tipo de pieza: Relieve,,
,variable,ESM-SOUTHWELL-VEIN,Southwell Vein,1,0,visible,"Serie Southwell Vein de Ecoceramic en porcelánico, acabado mate. 3 color(es) y 4 formato(s).","<p>La serie <strong>Southwell Vein</strong> de Ecoceramic está fabricada en porcelánico con acabado mate. Se presenta en 3 color(es) y 4 formato(s), con un total de 12 referencias.</p><h3>Características técnicas</h3><ul><li><strong>Material:</strong> Porcelánico</li><li><strong>Acabado:</strong> Mate</li><li><strong>Uso:</strong> Pavimento y revestimiento</li><li><strong>Espesor:</strong> 9 MM</li><li><strong>Antideslizante:</strong> No</li><li><strong>Versión antideslizante:</strong> No</li><li><strong>Tipo de pieza:</strong> Baldosa</li><li><strong>Familia:</strong> Porce Plus</li></ul><p><strong>Colores disponibles:</strong> Bone, White, Pearl.<br><strong>Formatos:</strong> 120X120, 100X100, 60X60, 60X120.</p><p><strong>Espacios recomendados:</strong> Interior: salón, cocina, baño y dormitorio; formatos grandes.</p><h3>Datos de embalaje</h3><table><thead><tr><th>Formato</th><th>Pz/caja</th><th>m²/caja</th><th>Kg/caja</th><th>Cajas/palet</th><th>m²/palet</th><th>Kg/palet</th></tr></thead><tbody><tr><td>100X100</td><td>2</td><td>2</td><td>41,15</td><td>27</td><td>54</td><td>1133,05</td></tr><tr><td>120X120</td><td>1</td><td>1,44</td><td>34,36</td><td>36</td><td>51,84</td><td>1276,96</td></tr><tr><td>60X120</td><td>2</td><td>1,44</td><td>28,62</td><td>36</td><td>51,84</td><td>1055,32</td></tr><tr><td>60X60</td><td>5</td><td>1,80</td><td>35,36</td><td>30</td><td>54</td><td>1080,80</td></tr></tbody></table>",taxable,,1,,0,0,,,,,1,,,,Pavimentos y revestimientos > Porce Plus > Southwell Vein,"Southwell Vein, Ecoceramic, Esmalto, Porce Plus, Bone, White, Pearl, 120X120, 100X100, 60X60, 60X120, Porcelánico",,"ECOCERAMIC/SOUTHWELL CROSS/ECOCERAMIC_AMB_SOUTHWELL-CROSS_BONE_100X100_02.webp, ECOCERAMIC/SOUTHWELL CROSS/ECOCERAMIC_AMB_SOUTHWELL-CROSS_BONE_120X120_01.webp, ECOCERAMIC/SOUTHWELL CROSS/ECOCERAMIC_AMB_SOUTHWELL-CROSS_GREY_120X120_01.webp, ECOCERAMIC/SOUTHWELL CROSS/ECOCERAMIC_AMB_SOUTHWELL-CROSS_PEARL_100X100_02.webp, ECOCERAMIC/SOUTHWELL CROSS/ECOCERAMIC_AMB_SOUTHWELL-CROSS_WHITE_120X120_01.webp",Ficha técnica Southwell Vein,ECOCERAMIC/SOUTHWELL VEIN/ECOCERAMIC_FICHA_SOUTHWELL-VEIN.jpg,,0,Modelo,Southwell Vein,1,1,,Color,Bone | White | Pearl,1,1,Bone,Formato,120X120 | 100X100 | 60X60 | 60X120,1,1,120X120,Acabado,Mate,1,1,,Espesor,9 MM,1,1,,Tipo de pieza,Baldosa,1,1,,Material,Porcelánico,1,1,,Antideslizante,No,1,1,,Versión antideslizante,No,1,1,,Uso,Pavimento y revestimiento,1,1,,,,,,,,,,,,Familia,Porce Plus,1,1,,Fabricante,Ecoceramic,1,1,,,,,,,,,,,,,,,,,,"Interior: salón, cocina, baño y dormitorio; formatos grandes",Porce Plus,Southwell Vein,Esmalto,Ecoceramic,ECOCERAMIC/SOUTHWELL VEIN/ECOCERAMIC_FICHA_SOUTHWELL-VEIN.jpg,Material: Porcelánico | Acabado: Mate | Uso: Pavimento y revestimiento | Espesor: 9 MM | Antideslizante: No | Versión antideslizante disponible: No | Tipo de pieza: Baldosa,Southwell Vein | Porcelánico Porce Plus | Esmalto,"Serie Southwell Vein de Ecoceramic en porcelánico, acabado mate. 3 color(es) y 4 formato(s)."
,variation,ESM-SOUTHWELL-VEIN-BONE-100X100,Southwell Vein Bone 100X100,1,,visible,,,taxable,,1,,,,41.15,,,,,,,,,,,,,,ESM-SOUTHWELL-VEIN,286,Modelo,Southwell Vein,1,1,,Color,Bone,1,1,,Formato,100X100,1,1,,,,,,,,,,,,,,,,,,,,,,,,,,,,,,,,,,,,,,,,,,,,,,,,,,,,,,,,,2,41.15,2,27,54,"1133,05",12,100X100,9 MM,Porcelánico,Mate,Pavimento y revestimiento,,No,No,,"Interior: salón, cocina, baño y dormitorio; formatos grandes",Porce Plus,Southwell Vein,Esmalto,Ecoceramic,,Material: Porcelánico | Acabado: Mate | Uso: Pavimento y revestimiento | Espesor: 9 MM | Antideslizante: No | Versión antideslizante disponible: No | Tipo de pieza: Baldosa,,
,variation,ESM-SOUTHWELL-VEIN-PEARL-100X100,Southwell Vein Pearl 100X100,1,,visible,,,taxable,,1,,,,41.15,,,,,,,,,,,,,,ESM-SOUTHWELL-VEIN,287,Modelo,Southwell Vein,1,1,,Color,Pearl,1,1,,Formato,100X100,1,1,,,,,,,,,,,,,,,,,,,,,,,,,,,,,,,,,,,,,,,,,,,,,,,,,,,,,,,,,2,41.15,2,27,54,"1133,05",12,100X100,9 MM,Porcelánico,Mate,Pavimento y revestimiento,,No,No,,"Interior: salón, cocina, baño y dormitorio; formatos grandes",Porce Plus,Southwell Vein,Esmalto,Ecoceramic,,Material: Porcelánico | Acabado: Mate | Uso: Pavimento y revestimiento | Espesor: 9 MM | Antideslizante: No | Versión antideslizante disponible: No | Tipo de pieza: Baldosa,,
,variation,ESM-SOUTHWELL-VEIN-WHITE-100X100,Southwell Vein White 100X100,1,,visible,,,taxable,,1,,,,41.15,,,,,,,,,,,,,,ESM-SOUTHWELL-VEIN,288,Modelo,Southwell Vein,1,1,,Color,White,1,1,,Formato,100X100,1,1,,,,,,,,,,,,,,,,,,,,,,,,,,,,,,,,,,,,,,,,,,,,,,,,,,,,,,,,,2,41.15,2,27,54,"1133,05",12,100X100,9 MM,Porcelánico,Mate,Pavimento y revestimiento,,No,No,,"Interior: salón, cocina, baño y dormitorio; formatos grandes",Porce Plus,Southwell Vein,Esmalto,Ecoceramic,,Material: Porcelánico | Acabado: Mate | Uso: Pavimento y revestimiento | Espesor: 9 MM | Antideslizante: No | Versión antideslizante disponible: No | Tipo de pieza: Baldosa,,
,variation,ESM-SOUTHWELL-VEIN-BONE-120X120,Southwell Vein Bone 120X120,1,,visible,,,taxable,,1,,,,35,,,,,,,,,,,,,,ESM-SOUTHWELL-VEIN,289,Modelo,Southwell Vein,1,1,,Color,Bone,1,1,,Formato,120X120,1,1,,,,,,,,,,,,,,,,,,,,,,,,,,,,,,,,,,,,,,,,,,,,,,,,,,,,,,,,,1.44,35,1,36,"51,84","1276,96",7,120X120,9 MM,Porcelánico,Mate,Pavimento y revestimiento,,No,No,,"Interior: salón, cocina, baño y dormitorio; formatos grandes",Porce Plus,Southwell Vein,Esmalto,Ecoceramic,,Material: Porcelánico | Acabado: Mate | Uso: Pavimento y revestimiento | Espesor: 9 MM | Antideslizante: No | Versión antideslizante disponible: No | Tipo de pieza: Baldosa,,
,variation,ESM-SOUTHWELL-VEIN-PEARL-120X120,Southwell Vein Pearl 120X120,1,,visible,,,taxable,,1,,,,35,,,,,,,,,,,,,,ESM-SOUTHWELL-VEIN,290,Modelo,Southwell Vein,1,1,,Color,Pearl,1,1,,Formato,120X120,1,1,,,,,,,,,,,,,,,,,,,,,,,,,,,,,,,,,,,,,,,,,,,,,,,,,,,,,,,,,1.44,35,1,36,"51,84","1276,96",7,120X120,9 MM,Porcelánico,Mate,Pavimento y revestimiento,,No,No,,"Interior: salón, cocina, baño y dormitorio; formatos grandes",Porce Plus,Southwell Vein,Esmalto,Ecoceramic,,Material: Porcelánico | Acabado: Mate | Uso: Pavimento y revestimiento | Espesor: 9 MM | Antideslizante: No | Versión antideslizante disponible: No | Tipo de pieza: Baldosa,,
,variation,ESM-SOUTHWELL-VEIN-WHITE-120X120,Southwell Vein White 120X120,1,,visible,,,taxable,,1,,,,35,,,,,,,,,,,,,,ESM-SOUTHWELL-VEIN,291,Modelo,Southwell Vein,1,1,,Color,White,1,1,,Formato,120X120,1,1,,,,,,,,,,,,,,,,,,,,,,,,,,,,,,,,,,,,,,,,,,,,,,,,,,,,,,,,,1.44,35,1,36,"51,84","1276,96",7,120X120,9 MM,Porcelánico,Mate,Pavimento y revestimiento,,No,No,,"Interior: salón, cocina, baño y dormitorio; formatos grandes",Porce Plus,Southwell Vein,Esmalto,Ecoceramic,,Material: Porcelánico | Acabado: Mate | Uso: Pavimento y revestimiento | Espesor: 9 MM | Antideslizante: No | Versión antideslizante disponible: No | Tipo de pieza: Baldosa,,
,variation,ESM-SOUTHWELL-VEIN-BONE-60X120,Southwell Vein Bone 60X120,1,,visible,,,taxable,,1,,,,28.62,,,,,,,,,,,,,,ESM-SOUTHWELL-VEIN,292,Modelo,Southwell Vein,1,1,,Color,Bone,1,1,,Formato,60X120,1,1,,,,,,,,,,,,,,,,,,,,,,,,,,,,,,,,,,,,,,,,,,,,,,,,,,,,,,,,,1.44,28.62,2,36,"51,84","1055,32",14,60X120,9 MM,Porcelánico,Mate,Pavimento y revestimiento,,No,No,,"Interior: salón, cocina, baño y dormitorio; formatos grandes",Porce Plus,Southwell Vein,Esmalto,Ecoceramic,,Material: Porcelánico | Acabado: Mate | Uso: Pavimento y revestimiento | Espesor: 9 MM | Antideslizante: No | Versión antideslizante disponible: No | Tipo de pieza: Baldosa,,
,variation,ESM-SOUTHWELL-VEIN-PEARL-60X120,Southwell Vein Pearl 60X120,1,,visible,,,taxable,,1,,,,28.62,,,,,,,,,,,,,,ESM-SOUTHWELL-VEIN,293,Modelo,Southwell Vein,1,1,,Color,Pearl,1,1,,Formato,60X120,1,1,,,,,,,,,,,,,,,,,,,,,,,,,,,,,,,,,,,,,,,,,,,,,,,,,,,,,,,,,1.44,28.62,2,36,"51,84","1055,32",14,60X120,9 MM,Porcelánico,Mate,Pavimento y revestimiento,,No,No,,"Interior: salón, cocina, baño y dormitorio; formatos grandes",Porce Plus,Southwell Vein,Esmalto,Ecoceramic,,Material: Porcelánico | Acabado: Mate | Uso: Pavimento y revestimiento | Espesor: 9 MM | Antideslizante: No | Versión antideslizante disponible: No | Tipo de pieza: Baldosa,,
,variation,ESM-SOUTHWELL-VEIN-WHITE-60X120,Southwell Vein White 60X120,1,,visible,,,taxable,,1,,,,28.62,,,,,,,,,,,,,,ESM-SOUTHWELL-VEIN,294,Modelo,Southwell Vein,1,1,,Color,White,1,1,,Formato,60X120,1,1,,,,,,,,,,,,,,,,,,,,,,,,,,,,,,,,,,,,,,,,,,,,,,,,,,,,,,,,,1.44,28.62,2,36,"51,84","1055,32",14,60X120,9 MM,Porcelánico,Mate,Pavimento y revestimiento,,No,No,,"Interior: salón, cocina, baño y dormitorio; formatos grandes",Porce Plus,Southwell Vein,Esmalto,Ecoceramic,,Material: Porcelánico | Acabado: Mate | Uso: Pavimento y revestimiento | Espesor: 9 MM | Antideslizante: No | Versión antideslizante disponible: No | Tipo de pieza: Baldosa,,
,variation,ESM-SOUTHWELL-VEIN-BONE-60X60,Southwell Vein Bone 60X60,1,,visible,,,taxable,,1,,,,35.36,,,,,,,,,,,,,,ESM-SOUTHWELL-VEIN,295,Modelo,Southwell Vein,1,1,,Color,Bone,1,1,,Formato,60X60,1,1,,,,,,,,,,,,,,,,,,,,,,,,,,,,,,,,,,,,,,,,,,,,,,,,,,,,,,,,,1.8,35.36,5,30,54,"1080,80",21,60X60,9 MM,Porcelánico,Mate,Pavimento y revestimiento,,No,No,,"Interior: salón, cocina, baño y dormitorio; formatos grandes",Porce Plus,Southwell Vein,Esmalto,Ecoceramic,,Material: Porcelánico | Acabado: Mate | Uso: Pavimento y revestimiento | Espesor: 9 MM | Antideslizante: No | Versión antideslizante disponible: No | Tipo de pieza: Baldosa,,
,variation,ESM-SOUTHWELL-VEIN-PEARL-60X60,Southwell Vein Pearl 60X60,1,,visible,,,taxable,,1,,,,35.36,,,,,,,,,,,,,,ESM-SOUTHWELL-VEIN,296,Modelo,Southwell Vein,1,1,,Color,Pearl,1,1,,Formato,60X60,1,1,,,,,,,,,,,,,,,,,,,,,,,,,,,,,,,,,,,,,,,,,,,,,,,,,,,,,,,,,1.8,35.36,5,30,54,"1080,80",21,60X60,9 MM,Porcelánico,Mate,Pavimento y revestimiento,,No,No,,"Interior: salón, cocina, baño y dormitorio; formatos grandes",Porce Plus,Southwell Vein,Esmalto,Ecoceramic,,Material: Porcelánico | Acabado: Mate | Uso: Pavimento y revestimiento | Espesor: 9 MM | Antideslizante: No | Versión antideslizante disponible: No | Tipo de pieza: Baldosa,,
,variation,ESM-SOUTHWELL-VEIN-WHITE-60X60,Southwell Vein White 60X60,1,,visible,,,taxable,,1,,,,35.36,,,,,,,,,,,,,,ESM-SOUTHWELL-VEIN,297,Modelo,Southwell Vein,1,1,,Color,White,1,1,,Formato,60X60,1,1,,,,,,,,,,,,,,,,,,,,,,,,,,,,,,,,,,,,,,,,,,,,,,,,,,,,,,,,,1.8,35.36,5,30,54,"1080,80",21,60X60,9 MM,Porcelánico,Mate,Pavimento y revestimiento,,No,No,,"Interior: salón, cocina, baño y dormitorio; formatos grandes",Porce Plus,Southwell Vein,Esmalto,Ecoceramic,,Material: Porcelánico | Acabado: Mate | Uso: Pavimento y revestimiento | Espesor: 9 MM | Antideslizante: No | Versión antideslizante disponible: No | Tipo de pieza: Baldosa,,
,variable,ESM-TIVOLI-CROSS,Tivoli Cross,1,0,visible,"Serie Tivoli Cross de Ecoceramic en porcelánico, acabado mate. 2 color(es) y 3 formato(s).","<p>Tivoli es una piedra de estética sobria y contemporánea. Disponible en versiones Cross y Vein, ofrece superficies uniformes o suavemente veteadas. La versión Cross presenta superficies uniformes con relieve lineal 60x120.</p><h3>Características técnicas</h3><ul><li><strong>Material:</strong> Porcelánico</li><li><strong>Acabado:</strong> Mate</li><li><strong>Uso:</strong> Revestimiento</li><li><strong>Espesor:</strong> 9 MM</li><li><strong>Rectificado:</strong> Sí</li><li><strong>Antideslizante:</strong> No</li><li><strong>Versión antideslizante:</strong> No</li><li><strong>Destonificación:</strong> V1 Cross uniforme</li><li><strong>Tipo de pieza:</strong> Baldosa y Relieve</li><li><strong>Familia:</strong> Porce Plus</li></ul><p><strong>Colores disponibles:</strong> Ivory, Classic.<br><strong>Formatos:</strong> 120X120, 100X100, 60X120.</p><p><strong>Espacios recomendados:</strong> Interior: salón, baño, cocina.</p><h3>Datos de embalaje</h3><table><thead><tr><th>Formato</th><th>Pz/caja</th><th>m²/caja</th><th>Kg/caja</th><th>Cajas/palet</th><th>m²/palet</th><th>Kg/palet</th></tr></thead><tbody><tr><td>100X100</td><td>2</td><td>2</td><td>41,15</td><td>27</td><td>54</td><td>1133,05</td></tr><tr><td>120X120</td><td>1</td><td>1,44</td><td>35</td><td>36</td><td>51,84</td><td>1300</td></tr><tr><td>60X120</td><td>2</td><td>1,44</td><td>28,62</td><td>36</td><td>51,84</td><td>1055,32</td></tr></tbody></table>",taxable,,1,,0,0,,,,,1,,,,Pavimentos y revestimientos > Porce Plus > Tivoli Cross,"Tivoli Cross, Ecoceramic, Esmalto, Porce Plus, Ivory, Classic, 120X120, 100X100, 60X120, Porcelánico",,"ECOCERAMIC/TIVOLI CROSS/ECOCERAMIC_AMB_TIVOLI-CROSS_CLASSIC_60X120.webp, ECOCERAMIC/TIVOLI CROSS/ECOCERAMIC_AMB_TIVOLI-CROSS_CLASSIC_60X120_120X120.webp, ECOCERAMIC/TIVOLI CROSS/ECOCERAMIC_AMB_TIVOLI-CROSS_CLASSIC_60X120_33.3X120.webp, ECOCERAMIC/TIVOLI CROSS/ECOCERAMIC_AMB_TIVOLI-CROSS_IVORY_60X120_33.3X120.webp, ECOCERAMIC/TIVOLI CROSS/ECOCERAMIC_AMB_TIVOLI-CROSS_RLV_CLASSIC_60X120_120X120.webp, ECOCERAMIC/TIVOLI CROSS/ECOCERAMIC_PZ_TIVOLI-CROSS_CLASSIC_100X100.webp, ECOCERAMIC/TIVOLI CROSS/ECOCERAMIC_PZ_TIVOLI-CROSS_CLASSIC_120X120.webp, ECOCERAMIC/TIVOLI CROSS/ECOCERAMIC_PZ_TIVOLI-CROSS_CLASSIC_60X120.webp, ECOCERAMIC/TIVOLI CROSS/ECOCERAMIC_PZ_TIVOLI-CROSS_CLASSIC_60X60.webp, ECOCERAMIC/TIVOLI CROSS/ECOCERAMIC_PZ_TIVOLI-CROSS_IVORY_100X100.webp, ECOCERAMIC/TIVOLI CROSS/ECOCERAMIC_PZ_TIVOLI-CROSS_IVORY_120X120.webp, ECOCERAMIC/TIVOLI CROSS/ECOCERAMIC_PZ_TIVOLI-CROSS_IVORY_60X120.webp, ECOCERAMIC/TIVOLI CROSS/ECOCERAMIC_PZ_TIVOLI-CROSS_IVORY_60X60.webp, ECOCERAMIC/TIVOLI CROSS/ECOCERAMIC_PZ_TIVOLI-CROSS_RLV_CLASSIC_60X120.webp, ECOCERAMIC/TIVOLI CROSS/ECOCERAMIC_PZ_TIVOLI-CROSS_RLV_IVORY_60X120.webp",Ficha técnica Tivoli Cross,ECOCERAMIC/TIVOLI CROSS/ECOCERAMIC_FICHA_TIVOLI-CROSS.jpg,,0,Modelo,Tivoli Cross,1,1,,Color,Ivory | Classic,1,1,Ivory,Formato,120X120 | 100X100 | 60X120,1,1,120X120,Acabado,Mate,1,1,,Espesor,9 MM,1,1,,Tipo de pieza,Baldosa | Relieve,1,1,Baldosa,Material,Porcelánico,1,1,,Antideslizante,No,1,1,,Versión antideslizante,No,1,1,,Uso,Revestimiento,1,1,,Rectificado,Sí,1,1,,Destonificación,V1 Cross uniforme,1,1,,Familia,Porce Plus,1,1,,Fabricante,Ecoceramic,1,1,,,,,,,,,,,,,,,,,,"Interior: salón, baño, cocina",Porce Plus,Tivoli Cross,Esmalto,Ecoceramic,ECOCERAMIC/TIVOLI CROSS/ECOCERAMIC_FICHA_TIVOLI-CROSS.jpg,Material: Porcelánico | Acabado: Mate | Uso: Revestimiento | Espesor: 9 MM | Rectificado: Sí | Antideslizante: No | Versión antideslizante disponible: No | Destonificación: V1 Cross uniforme | Tipo de pieza: Baldosa,Tivoli Cross | Porcelánico Porce Plus | Esmalto,"Serie Tivoli Cross de Ecoceramic en porcelánico, acabado mate. 2 color(es) y 3 formato(s)."
,variation,ESM-TIVOLI-CROSS-CLASSIC-100X100,Tivoli Cross Classic 100X100,1,,visible,,,taxable,,1,,,,41.15,,,,,,,,,,,ECOCERAMIC/TIVOLI CROSS/ECOCERAMIC_PZ_TIVOLI-CROSS_CLASSIC_100X100.webp,,,ESM-TIVOLI-CROSS,298,Modelo,Tivoli Cross,1,1,,Color,Classic,1,1,,Formato,100X100,1,1,,,,,,,,,,,,Tipo de pieza,Baldosa,1,1,,,,,,,,,,,,,,,,,,,,,,,,,,,,,,,,,,,,,,,,,,2,41.15,2,27,54,"1133,05",13,100X100,9 MM,Porcelánico,Mate,Revestimiento,Sí,No,No,V1 Cross uniforme,"Interior: salón, baño, cocina",Porce Plus,Tivoli Cross,Esmalto,Ecoceramic,,Material: Porcelánico | Acabado: Mate | Uso: Revestimiento | Espesor: 9 MM | Rectificado: Sí | Antideslizante: No | Versión antideslizante disponible: No | Destonificación: V1 Cross uniforme | Tipo de pieza: Baldosa,,
,variation,ESM-TIVOLI-CROSS-IVORY-100X100,Tivoli Cross Ivory 100X100,1,,visible,,,taxable,,1,,,,41.15,,,,,,,,,,,ECOCERAMIC/TIVOLI CROSS/ECOCERAMIC_PZ_TIVOLI-CROSS_IVORY_100X100.webp,,,ESM-TIVOLI-CROSS,299,Modelo,Tivoli Cross,1,1,,Color,Ivory,1,1,,Formato,100X100,1,1,,,,,,,,,,,,Tipo de pieza,Baldosa,1,1,,,,,,,,,,,,,,,,,,,,,,,,,,,,,,,,,,,,,,,,,,2,41.15,2,27,54,"1133,05",13,100X100,9 MM,Porcelánico,Mate,Revestimiento,Sí,No,No,V1 Cross uniforme,"Interior: salón, baño, cocina",Porce Plus,Tivoli Cross,Esmalto,Ecoceramic,,Material: Porcelánico | Acabado: Mate | Uso: Revestimiento | Espesor: 9 MM | Rectificado: Sí | Antideslizante: No | Versión antideslizante disponible: No | Destonificación: V1 Cross uniforme | Tipo de pieza: Baldosa,,
,variation,ESM-TIVOLI-CROSS-CLASSIC-120X120,Tivoli Cross Classic 120X120,1,,visible,,,taxable,,1,,,,34.36,,,,,,,,,,,ECOCERAMIC/TIVOLI CROSS/ECOCERAMIC_PZ_TIVOLI-CROSS_CLASSIC_120X120.webp,,,ESM-TIVOLI-CROSS,300,Modelo,Tivoli Cross,1,1,,Color,Classic,1,1,,Formato,120X120,1,1,,,,,,,,,,,,Tipo de pieza,Baldosa,1,1,,,,,,,,,,,,,,,,,,,,,,,,,,,,,,,,,,,,,,,,,,1.44,34.36,1,36,"51,84",1300,7,120X120,9 MM,Porcelánico,Mate,Revestimiento,Sí,No,No,V1 Cross uniforme,"Interior: salón, baño, cocina",Porce Plus,Tivoli Cross,Esmalto,Ecoceramic,,Material: Porcelánico | Acabado: Mate | Uso: Revestimiento | Espesor: 9 MM | Rectificado: Sí | Antideslizante: No | Versión antideslizante disponible: No | Destonificación: V1 Cross uniforme | Tipo de pieza: Baldosa,,
,variation,ESM-TIVOLI-CROSS-IVORY-120X120,Tivoli Cross Ivory 120X120,1,,visible,,,taxable,,1,,,,34.36,,,,,,,,,,,ECOCERAMIC/TIVOLI CROSS/ECOCERAMIC_PZ_TIVOLI-CROSS_IVORY_120X120.webp,,,ESM-TIVOLI-CROSS,301,Modelo,Tivoli Cross,1,1,,Color,Ivory,1,1,,Formato,120X120,1,1,,,,,,,,,,,,Tipo de pieza,Baldosa,1,1,,,,,,,,,,,,,,,,,,,,,,,,,,,,,,,,,,,,,,,,,,1.44,34.36,1,36,"51,84",1300,7,120X120,9 MM,Porcelánico,Mate,Revestimiento,Sí,No,No,V1 Cross uniforme,"Interior: salón, baño, cocina",Porce Plus,Tivoli Cross,Esmalto,Ecoceramic,,Material: Porcelánico | Acabado: Mate | Uso: Revestimiento | Espesor: 9 MM | Rectificado: Sí | Antideslizante: No | Versión antideslizante disponible: No | Destonificación: V1 Cross uniforme | Tipo de pieza: Baldosa,,
,variation,ESM-TIVOLI-CROSS-CLASSIC-60X120,Tivoli Cross Classic 60X120,1,,visible,,,taxable,,1,,,,28.62,,,,,,,,,,,ECOCERAMIC/TIVOLI CROSS/ECOCERAMIC_PZ_TIVOLI-CROSS_CLASSIC_60X120.webp,,,ESM-TIVOLI-CROSS,302,Modelo,Tivoli Cross,1,1,,Color,Classic,1,1,,Formato,60X120,1,1,,,,,,,,,,,,Tipo de pieza,Baldosa,1,1,,,,,,,,,,,,,,,,,,,,,,,,,,,,,,,,,,,,,,,,,,1.44,28.62,2,36,"51,84","1055,32",14,60X120,9 MM,Porcelánico,Mate,Revestimiento,Sí,No,No,V1 Cross uniforme,"Interior: salón, baño, cocina",Porce Plus,Tivoli Cross,Esmalto,Ecoceramic,,Material: Porcelánico | Acabado: Mate | Uso: Revestimiento | Espesor: 9 MM | Rectificado: Sí | Antideslizante: No | Versión antideslizante disponible: No | Destonificación: V1 Cross uniforme | Tipo de pieza: Baldosa,,
,variation,ESM-TIVOLI-CROSS-IVORY-60X120,Tivoli Cross Ivory 60X120,1,,visible,,,taxable,,1,,,,28.62,,,,,,,,,,,ECOCERAMIC/TIVOLI CROSS/ECOCERAMIC_PZ_TIVOLI-CROSS_IVORY_60X120.webp,,,ESM-TIVOLI-CROSS,303,Modelo,Tivoli Cross,1,1,,Color,Ivory,1,1,,Formato,60X120,1,1,,,,,,,,,,,,Tipo de pieza,Baldosa,1,1,,,,,,,,,,,,,,,,,,,,,,,,,,,,,,,,,,,,,,,,,,1.44,28.62,2,36,"51,84","1055,32",14,60X120,9 MM,Porcelánico,Mate,Revestimiento,Sí,No,No,V1 Cross uniforme,"Interior: salón, baño, cocina",Porce Plus,Tivoli Cross,Esmalto,Ecoceramic,,Material: Porcelánico | Acabado: Mate | Uso: Revestimiento | Espesor: 9 MM | Rectificado: Sí | Antideslizante: No | Versión antideslizante disponible: No | Destonificación: V1 Cross uniforme | Tipo de pieza: Baldosa,,
,variation,ESM-TIVOLI-CROSS-CLASSIC-60X120-RLV,Tivoli Cross Classic 60X120 Relieve,1,,visible,,,taxable,,1,,,,28.62,,,,,,,,,,,ECOCERAMIC/TIVOLI CROSS/ECOCERAMIC_PZ_TIVOLI-CROSS_CLASSIC_60X120.webp,,,ESM-TIVOLI-CROSS,304,Modelo,Tivoli Cross,1,1,,Color,Classic,1,1,,Formato,60X120,1,1,,,,,,,,,,,,Tipo de pieza,Relieve,1,1,,,,,,,,,,,,,,,,,,,,,,,,,,,,,,,,,,,,,,,,,,1.44,28.62,2,36,"51,84","1055,32",14,60X120,9 MM,Porcelánico,Mate,Revestimiento,Sí,No,No,V1 Cross uniforme,"Interior: salón, baño, cocina",Porce Plus,Tivoli Cross,Esmalto,Ecoceramic,,Material: Porcelánico | Acabado: Mate | Uso: Revestimiento | Espesor: 9 MM | Rectificado: Sí | Antideslizante: No | Versión antideslizante disponible: No | Destonificación: V1 Cross uniforme | Tipo de pieza: Relieve,,
,variation,ESM-TIVOLI-CROSS-IVORY-60X120-RLV,Tivoli Cross Ivory 60X120 Relieve,1,,visible,,,taxable,,1,,,,28.62,,,,,,,,,,,ECOCERAMIC/TIVOLI CROSS/ECOCERAMIC_PZ_TIVOLI-CROSS_IVORY_60X120.webp,,,ESM-TIVOLI-CROSS,305,Modelo,Tivoli Cross,1,1,,Color,Ivory,1,1,,Formato,60X120,1,1,,,,,,,,,,,,Tipo de pieza,Relieve,1,1,,,,,,,,,,,,,,,,,,,,,,,,,,,,,,,,,,,,,,,,,,1.44,28.62,2,36,"51,84","1055,32",14,60X120,9 MM,Porcelánico,Mate,Revestimiento,Sí,No,No,V1 Cross uniforme,"Interior: salón, baño, cocina",Porce Plus,Tivoli Cross,Esmalto,Ecoceramic,,Material: Porcelánico | Acabado: Mate | Uso: Revestimiento | Espesor: 9 MM | Rectificado: Sí | Antideslizante: No | Versión antideslizante disponible: No | Destonificación: V1 Cross uniforme | Tipo de pieza: Relieve,,
,variable,ESM-TIVOLI-VEIN,Tivoli Vein,1,0,visible,"Serie Tivoli Vein de Ecoceramic en porcelánico, acabado mate. 2 color(es) y 3 formato(s).","<p>Tivoli es una piedra de estética sobria y contemporánea. La versión Vein ofrece superficies suavemente veteadas con relieve lineal 60x120, aportando continuidad visual y profundidad.</p><h3>Características técnicas</h3><ul><li><strong>Material:</strong> Porcelánico</li><li><strong>Acabado:</strong> Mate</li><li><strong>Uso:</strong> Revestimiento</li><li><strong>Espesor:</strong> 9 MM</li><li><strong>Rectificado:</strong> Sí</li><li><strong>Antideslizante:</strong> No</li><li><strong>Versión antideslizante:</strong> No</li><li><strong>Destonificación:</strong> V2 Vein veteado suave</li><li><strong>Tipo de pieza:</strong> Baldosa y Relieve</li><li><strong>Familia:</strong> Porce Plus</li></ul><p><strong>Colores disponibles:</strong> Ivory, Classic.<br><strong>Formatos:</strong> 120X120, 100X100, 60X120.</p><p><strong>Espacios recomendados:</strong> Interior: salón, baño, cocina.</p><h3>Datos de embalaje</h3><table><thead><tr><th>Formato</th><th>Pz/caja</th><th>m²/caja</th><th>Kg/caja</th><th>Cajas/palet</th><th>m²/palet</th><th>Kg/palet</th></tr></thead><tbody><tr><td>100X100</td><td>2</td><td>2</td><td>41,15</td><td>27</td><td>54</td><td>1133,05</td></tr><tr><td>120X120</td><td>1</td><td>1,44</td><td>35</td><td>36</td><td>51,84</td><td>1300</td></tr><tr><td>60X120</td><td>2</td><td>1,44</td><td>28,62</td><td>36</td><td>51,84</td><td>1055,32</td></tr></tbody></table>",taxable,,1,,0,0,,,,,1,,,,Pavimentos y revestimientos > Porce Plus > Tivoli Vein,"Tivoli Vein, Ecoceramic, Esmalto, Porce Plus, Ivory, Classic, 120X120, 100X100, 60X120, Porcelánico",,"ECOCERAMIC/TIVOLI VEIN/ECOCERAMIC_AMB_TIVOLI-CROSS_CLASSIC_60X120.webp, ECOCERAMIC/TIVOLI VEIN/ECOCERAMIC_AMB_TIVOLI-CROSS_RLV_CLASSIC_60X120_120X120.webp, ECOCERAMIC/TIVOLI VEIN/ECOCERAMIC_AMB_TIVOLI-VEIN_CLASSIC_100X100.webp, ECOCERAMIC/TIVOLI VEIN/ECOCERAMIC_AMB_TIVOLI-VEIN_CLASSIC_60X120.webp, ECOCERAMIC/TIVOLI VEIN/ECOCERAMIC_AMB_TIVOLI-VEIN_IVORY_100X100.webp, ECOCERAMIC/TIVOLI VEIN/ECOCERAMIC_AMB_TIVOLI-VEIN_IVORY_60X120.webp, ECOCERAMIC/TIVOLI VEIN/ECOCERAMIC_PZ_TIVOLI-VEIN_CLASSIC_100X100.webp, ECOCERAMIC/TIVOLI VEIN/ECOCERAMIC_PZ_TIVOLI-VEIN_CLASSIC_120X120.webp, ECOCERAMIC/TIVOLI VEIN/ECOCERAMIC_PZ_TIVOLI-VEIN_CLASSIC_60X120.webp, ECOCERAMIC/TIVOLI VEIN/ECOCERAMIC_PZ_TIVOLI-VEIN_IVORY_100X100.webp, ECOCERAMIC/TIVOLI VEIN/ECOCERAMIC_PZ_TIVOLI-VEIN_IVORY_120X120.webp, ECOCERAMIC/TIVOLI VEIN/ECOCERAMIC_PZ_TIVOLI-VEIN_IVORY_60X120.webp, ECOCERAMIC/TIVOLI VEIN/ECOCERAMIC_PZ_TIVOLI-VEIN_RLV_CLASSIC_60X120.webp, ECOCERAMIC/TIVOLI VEIN/ECOCERAMIC_PZ_TIVOLI-VEIN_RLV_IVORY_60X120.webp",Ficha técnica Tivoli Vein,ECOCERAMIC/TIVOLI VEIN/ECOCERAMIC_FICHA_TIVOLI-VEIN.jpg,,0,Modelo,Tivoli Vein,1,1,,Color,Ivory | Classic,1,1,Ivory,Formato,120X120 | 100X100 | 60X120,1,1,120X120,Acabado,Mate,1,1,,Espesor,9 MM,1,1,,Tipo de pieza,Baldosa | Relieve,1,1,Baldosa,Material,Porcelánico,1,1,,Antideslizante,No,1,1,,Versión antideslizante,No,1,1,,Uso,Revestimiento,1,1,,Rectificado,Sí,1,1,,Destonificación,V2 Vein veteado suave,1,1,,Familia,Porce Plus,1,1,,Fabricante,Ecoceramic,1,1,,,,,,,,,,,,,,,,,,"Interior: salón, baño, cocina",Porce Plus,Tivoli Vein,Esmalto,Ecoceramic,ECOCERAMIC/TIVOLI VEIN/ECOCERAMIC_FICHA_TIVOLI-VEIN.jpg,Material: Porcelánico | Acabado: Mate | Uso: Revestimiento | Espesor: 9 MM | Rectificado: Sí | Antideslizante: No | Versión antideslizante disponible: No | Destonificación: V2 Vein veteado suave | Tipo de pieza: Baldosa,Tivoli Vein | Porcelánico Porce Plus | Esmalto,"Serie Tivoli Vein de Ecoceramic en porcelánico, acabado mate. 2 color(es) y 3 formato(s)."
,variation,ESM-TIVOLI-VEIN-CLASSIC-100X100,Tivoli Vein Classic 100X100,1,,visible,,,taxable,,1,,,,41.15,,,,,,,,,,,ECOCERAMIC/TIVOLI VEIN/ECOCERAMIC_PZ_TIVOLI-VEIN_CLASSIC_100X100.webp,,,ESM-TIVOLI-VEIN,306,Modelo,Tivoli Vein,1,1,,Color,Classic,1,1,,Formato,100X100,1,1,,,,,,,,,,,,Tipo de pieza,Baldosa,1,1,,,,,,,,,,,,,,,,,,,,,,,,,,,,,,,,,,,,,,,,,,2,41.15,2,27,54,"1133,05",13,100X100,9 MM,Porcelánico,Mate,Revestimiento,Sí,No,No,V2 Vein veteado suave,"Interior: salón, baño, cocina",Porce Plus,Tivoli Vein,Esmalto,Ecoceramic,,Material: Porcelánico | Acabado: Mate | Uso: Revestimiento | Espesor: 9 MM | Rectificado: Sí | Antideslizante: No | Versión antideslizante disponible: No | Destonificación: V2 Vein veteado suave | Tipo de pieza: Baldosa,,
,variation,ESM-TIVOLI-VEIN-IVORY-100X100,Tivoli Vein Ivory 100X100,1,,visible,,,taxable,,1,,,,41.15,,,,,,,,,,,ECOCERAMIC/TIVOLI VEIN/ECOCERAMIC_PZ_TIVOLI-VEIN_IVORY_100X100.webp,,,ESM-TIVOLI-VEIN,307,Modelo,Tivoli Vein,1,1,,Color,Ivory,1,1,,Formato,100X100,1,1,,,,,,,,,,,,Tipo de pieza,Baldosa,1,1,,,,,,,,,,,,,,,,,,,,,,,,,,,,,,,,,,,,,,,,,,2,41.15,2,27,54,"1133,05",13,100X100,9 MM,Porcelánico,Mate,Revestimiento,Sí,No,No,V2 Vein veteado suave,"Interior: salón, baño, cocina",Porce Plus,Tivoli Vein,Esmalto,Ecoceramic,,Material: Porcelánico | Acabado: Mate | Uso: Revestimiento | Espesor: 9 MM | Rectificado: Sí | Antideslizante: No | Versión antideslizante disponible: No | Destonificación: V2 Vein veteado suave | Tipo de pieza: Baldosa,,
,variation,ESM-TIVOLI-VEIN-CLASSIC-120X120,Tivoli Vein Classic 120X120,1,,visible,,,taxable,,1,,,,34.36,,,,,,,,,,,ECOCERAMIC/TIVOLI VEIN/ECOCERAMIC_PZ_TIVOLI-VEIN_CLASSIC_120X120.webp,,,ESM-TIVOLI-VEIN,308,Modelo,Tivoli Vein,1,1,,Color,Classic,1,1,,Formato,120X120,1,1,,,,,,,,,,,,Tipo de pieza,Baldosa,1,1,,,,,,,,,,,,,,,,,,,,,,,,,,,,,,,,,,,,,,,,,,1.44,34.36,1,36,"51,84",1300,7,120X120,9 MM,Porcelánico,Mate,Revestimiento,Sí,No,No,V2 Vein veteado suave,"Interior: salón, baño, cocina",Porce Plus,Tivoli Vein,Esmalto,Ecoceramic,,Material: Porcelánico | Acabado: Mate | Uso: Revestimiento | Espesor: 9 MM | Rectificado: Sí | Antideslizante: No | Versión antideslizante disponible: No | Destonificación: V2 Vein veteado suave | Tipo de pieza: Baldosa,,
,variation,ESM-TIVOLI-VEIN-IVORY-120X120,Tivoli Vein Ivory 120X120,1,,visible,,,taxable,,1,,,,34.36,,,,,,,,,,,ECOCERAMIC/TIVOLI VEIN/ECOCERAMIC_PZ_TIVOLI-VEIN_IVORY_120X120.webp,,,ESM-TIVOLI-VEIN,309,Modelo,Tivoli Vein,1,1,,Color,Ivory,1,1,,Formato,120X120,1,1,,,,,,,,,,,,Tipo de pieza,Baldosa,1,1,,,,,,,,,,,,,,,,,,,,,,,,,,,,,,,,,,,,,,,,,,1.44,34.36,1,36,"51,84",1300,7,120X120,9 MM,Porcelánico,Mate,Revestimiento,Sí,No,No,V2 Vein veteado suave,"Interior: salón, baño, cocina",Porce Plus,Tivoli Vein,Esmalto,Ecoceramic,,Material: Porcelánico | Acabado: Mate | Uso: Revestimiento | Espesor: 9 MM | Rectificado: Sí | Antideslizante: No | Versión antideslizante disponible: No | Destonificación: V2 Vein veteado suave | Tipo de pieza: Baldosa,,
,variation,ESM-TIVOLI-VEIN-CLASSIC-60X120,Tivoli Vein Classic 60X120,1,,visible,,,taxable,,1,,,,28.62,,,,,,,,,,,ECOCERAMIC/TIVOLI VEIN/ECOCERAMIC_PZ_TIVOLI-VEIN_CLASSIC_60X120.webp,,,ESM-TIVOLI-VEIN,310,Modelo,Tivoli Vein,1,1,,Color,Classic,1,1,,Formato,60X120,1,1,,,,,,,,,,,,Tipo de pieza,Baldosa,1,1,,,,,,,,,,,,,,,,,,,,,,,,,,,,,,,,,,,,,,,,,,1.44,28.62,2,36,"51,84","1055,32",14,60X120,9 MM,Porcelánico,Mate,Revestimiento,Sí,No,No,V2 Vein veteado suave,"Interior: salón, baño, cocina",Porce Plus,Tivoli Vein,Esmalto,Ecoceramic,,Material: Porcelánico | Acabado: Mate | Uso: Revestimiento | Espesor: 9 MM | Rectificado: Sí | Antideslizante: No | Versión antideslizante disponible: No | Destonificación: V2 Vein veteado suave | Tipo de pieza: Baldosa,,
,variation,ESM-TIVOLI-VEIN-IVORY-60X120,Tivoli Vein Ivory 60X120,1,,visible,,,taxable,,1,,,,28.62,,,,,,,,,,,ECOCERAMIC/TIVOLI VEIN/ECOCERAMIC_PZ_TIVOLI-VEIN_IVORY_60X120.webp,,,ESM-TIVOLI-VEIN,311,Modelo,Tivoli Vein,1,1,,Color,Ivory,1,1,,Formato,60X120,1,1,,,,,,,,,,,,Tipo de pieza,Baldosa,1,1,,,,,,,,,,,,,,,,,,,,,,,,,,,,,,,,,,,,,,,,,,1.44,28.62,2,36,"51,84","1055,32",14,60X120,9 MM,Porcelánico,Mate,Revestimiento,Sí,No,No,V2 Vein veteado suave,"Interior: salón, baño, cocina",Porce Plus,Tivoli Vein,Esmalto,Ecoceramic,,Material: Porcelánico | Acabado: Mate | Uso: Revestimiento | Espesor: 9 MM | Rectificado: Sí | Antideslizante: No | Versión antideslizante disponible: No | Destonificación: V2 Vein veteado suave | Tipo de pieza: Baldosa,,
,variation,ESM-TIVOLI-VEIN-CLASSIC-60X120-RLV,Tivoli Vein Classic 60X120 Relieve,1,,visible,,,taxable,,1,,,,28.62,,,,,,,,,,,ECOCERAMIC/TIVOLI VEIN/ECOCERAMIC_PZ_TIVOLI-VEIN_CLASSIC_60X120.webp,,,ESM-TIVOLI-VEIN,312,Modelo,Tivoli Vein,1,1,,Color,Classic,1,1,,Formato,60X120,1,1,,,,,,,,,,,,Tipo de pieza,Relieve,1,1,,,,,,,,,,,,,,,,,,,,,,,,,,,,,,,,,,,,,,,,,,1.44,28.62,2,36,"51,84","1055,32",14,60X120,9 MM,Porcelánico,Mate,Revestimiento,Sí,No,No,V2 Vein veteado suave,"Interior: salón, baño, cocina",Porce Plus,Tivoli Vein,Esmalto,Ecoceramic,,Material: Porcelánico | Acabado: Mate | Uso: Revestimiento | Espesor: 9 MM | Rectificado: Sí | Antideslizante: No | Versión antideslizante disponible: No | Destonificación: V2 Vein veteado suave | Tipo de pieza: Relieve,,
,variation,ESM-TIVOLI-VEIN-IVORY-60X120-RLV,Tivoli Vein Ivory 60X120 Relieve,1,,visible,,,taxable,,1,,,,28.62,,,,,,,,,,,ECOCERAMIC/TIVOLI VEIN/ECOCERAMIC_PZ_TIVOLI-VEIN_IVORY_60X120.webp,,,ESM-TIVOLI-VEIN,313,Modelo,Tivoli Vein,1,1,,Color,Ivory,1,1,,Formato,60X120,1,1,,,,,,,,,,,,Tipo de pieza,Relieve,1,1,,,,,,,,,,,,,,,,,,,,,,,,,,,,,,,,,,,,,,,,,,1.44,28.62,2,36,"51,84","1055,32",14,60X120,9 MM,Porcelánico,Mate,Revestimiento,Sí,No,No,V2 Vein veteado suave,"Interior: salón, baño, cocina",Porce Plus,Tivoli Vein,Esmalto,Ecoceramic,,Material: Porcelánico | Acabado: Mate | Uso: Revestimiento | Espesor: 9 MM | Rectificado: Sí | Antideslizante: No | Versión antideslizante disponible: No | Destonificación: V2 Vein veteado suave | Tipo de pieza: Relieve,,
,variable,ESM-VALENTINO,Valentino,1,0,visible,"Serie Valentino de Ecoceramic en porcelánico, acabado mate. 2 color(es) y 1 formato(s).","<p>La serie <strong>Valentino</strong> de Ecoceramic está fabricada en porcelánico con acabado mate. Se presenta en 2 color(es) y 1 formato(s), con un total de 2 referencias.</p><h3>Características técnicas</h3><ul><li><strong>Material:</strong> Porcelánico</li><li><strong>Acabado:</strong> Mate</li><li><strong>Uso:</strong> Pavimento y revestimiento</li><li><strong>Espesor:</strong> 9 MM</li><li><strong>Antideslizante:</strong> No</li><li><strong>Versión antideslizante:</strong> No</li><li><strong>Tipo de pieza:</strong> Baldosa</li><li><strong>Familia:</strong> Porcelain</li></ul><p><strong>Colores disponibles:</strong> Beige, Natural.<br><strong>Formatos:</strong> 60X120.</p><p><strong>Espacios recomendados:</strong> Interior y exterior: salón, cocina, baño, terraza y fachada.</p><h3>Datos de embalaje</h3><table><thead><tr><th>Formato</th><th>Pz/caja</th><th>m²/caja</th><th>Kg/caja</th><th>Cajas/palet</th><th>m²/palet</th><th>Kg/palet</th></tr></thead><tbody><tr><td>60X120</td><td>2</td><td>1,44</td><td>28,62</td><td>36</td><td>51,84</td><td>1030,32</td></tr></tbody></table>",taxable,,1,,0,0,,,,,1,,,,Pavimentos y revestimientos > Porcelain > Valentino,"Valentino, Ecoceramic, Esmalto, Porcelain, Beige, Natural, 60X120, Porcelánico",,"ECOCERAMIC/VALENTINO/ECOCERAMIC_AMB_VALENTINO_BEIGE_60X120.webp, ECOCERAMIC/VALENTINO/ECOCERAMIC_AMB_VALENTINO_BEIGE_60X120_DETALLE.webp, ECOCERAMIC/VALENTINO/ECOCERAMIC_AMB_VALENTINO_NATURAL_60X120.webp, ECOCERAMIC/VALENTINO/ECOCERAMIC_AMB_VALENTINO_NATURAL_60X120_DETALLE.webp, ECOCERAMIC/VALENTINO/ECOCERAMIC_PZ_VALENTINO_BEIGE_60X120.webp, ECOCERAMIC/VALENTINO/ECOCERAMIC_PZ_VALENTINO_NATURAL_60X120_01.webp",Ficha técnica Valentino,ECOCERAMIC/VALENTINO/ECOCERAMIC_FICHA_VALENTINO.jpg,,0,Modelo,Valentino,1,1,,Color,Beige | Natural,1,1,Beige,Formato,60X120,1,1,,Acabado,Mate,1,1,,Espesor,9 MM,1,1,,Tipo de pieza,Baldosa,1,1,,Material,Porcelánico,1,1,,Antideslizante,No,1,1,,Versión antideslizante,No,1,1,,Uso,Pavimento y revestimiento,1,1,,,,,,,,,,,,Familia,Porcelain,1,1,,Fabricante,Ecoceramic,1,1,,,,,,,,,,,,,,,,,,"Interior y exterior: salón, cocina, baño, terraza y fachada",Porcelain,Valentino,Esmalto,Ecoceramic,ECOCERAMIC/VALENTINO/ECOCERAMIC_FICHA_VALENTINO.jpg,Material: Porcelánico | Acabado: Mate | Uso: Pavimento y revestimiento | Espesor: 9 MM | Antideslizante: No | Versión antideslizante disponible: No | Tipo de pieza: Baldosa,Valentino | Porcelánico Porcelain | Esmalto,"Serie Valentino de Ecoceramic en porcelánico, acabado mate. 2 color(es) y 1 formato(s)."
,variation,ESM-VALENTINO-BEIGE-60X120,Valentino Beige 60X120,1,,visible,,,taxable,,1,,,,28.62,,,,,,,,,,,ECOCERAMIC/VALENTINO/ECOCERAMIC_PZ_VALENTINO_BEIGE_60X120.webp,,,ESM-VALENTINO,314,Modelo,Valentino,1,1,,Color,Beige,1,1,,,,,,,,,,,,,,,,,,,,,,,,,,,,,,,,,,,,,,,,,,,,,,,,,,,,,,,,,,,,,,1.44,28.62,2,36,"51,84","1030,32",14,60X120,9 MM,Porcelánico,Mate,Pavimento y revestimiento,,No,No,,"Interior y exterior: salón, cocina, baño, terraza y fachada",Porcelain,Valentino,Esmalto,Ecoceramic,,Material: Porcelánico | Acabado: Mate | Uso: Pavimento y revestimiento | Espesor: 9 MM | Antideslizante: No | Versión antideslizante disponible: No | Tipo de pieza: Baldosa,,
,variation,ESM-VALENTINO-NATURAL-60X120,Valentino Natural 60X120,1,,visible,,,taxable,,1,,,,28.62,,,,,,,,,,,ECOCERAMIC/VALENTINO/ECOCERAMIC_PZ_VALENTINO_NATURAL_60X120_01.webp,,,ESM-VALENTINO,315,Modelo,Valentino,1,1,,Color,Natural,1,1,,,,,,,,,,,,,,,,,,,,,,,,,,,,,,,,,,,,,,,,,,,,,,,,,,,,,,,,,,,,,,1.44,28.62,2,36,"51,84","1030,32",14,60X120,9 MM,Porcelánico,Mate,Pavimento y revestimiento,,No,No,,"Interior y exterior: salón, cocina, baño, terraza y fachada",Porcelain,Valentino,Esmalto,Ecoceramic,,Material: Porcelánico | Acabado: Mate | Uso: Pavimento y revestimiento | Espesor: 9 MM | Antideslizante: No | Versión antideslizante disponible: No | Tipo de pieza: Baldosa,,
,variable,ESM-VERMONT,Vermont,1,0,visible,"Serie Vermont de Ecoceramic en porcelánico, acabado mate. 3 color(es) y 4 formato(s).","<p>La serie <strong>Vermont</strong> de Ecoceramic está fabricada en porcelánico con acabado mate. Se presenta en 3 color(es) y 4 formato(s), con un total de 12 referencias.</p><h3>Características técnicas</h3><ul><li><strong>Material:</strong> Porcelánico</li><li><strong>Acabado:</strong> Mate</li><li><strong>Uso:</strong> Pavimento y revestimiento</li><li><strong>Espesor:</strong> 9 MM</li><li><strong>Antideslizante:</strong> No</li><li><strong>Versión antideslizante:</strong> Sí</li><li><strong>Tipo de pieza:</strong> Baldosa</li><li><strong>Familia:</strong> Porce Plus</li></ul><p><strong>Colores disponibles:</strong> White, Pearl, Sand.<br><strong>Formatos:</strong> 120X120, 100X100, 60X60, 60X120.</p><p><strong>Espacios recomendados:</strong> Interior: salón, cocina, baño y dormitorio; formatos grandes.</p><h3>Datos de embalaje</h3><table><thead><tr><th>Formato</th><th>Pz/caja</th><th>m²/caja</th><th>Kg/caja</th><th>Cajas/palet</th><th>m²/palet</th><th>Kg/palet</th></tr></thead><tbody><tr><td>100X100</td><td>2</td><td>2</td><td>41,15</td><td>27</td><td>54</td><td>1133,05</td></tr><tr><td>120X120</td><td>1</td><td>1,44</td><td>34,36</td><td>36</td><td>51,84</td><td>1276,96</td></tr><tr><td>60X120</td><td>2</td><td>1,44</td><td>28,62</td><td>36</td><td>51,84</td><td>1055,32</td></tr><tr><td>60X60</td><td>5</td><td>1,80</td><td>35,36</td><td>30</td><td>54</td><td>1080,80</td></tr></tbody></table>",taxable,,1,,0,0,,,,,1,,,,Pavimentos y revestimientos > Porce Plus > Vermont,"Vermont, Ecoceramic, Esmalto, Porce Plus, White, Pearl, Sand, 120X120, 100X100, 60X60, 60X120, Porcelánico",,"ECOCERAMIC/VERMONT/ECOCERAMIC_AMB_VERMONT_PEARL_100X100.webp, ECOCERAMIC/VERMONT/ECOCERAMIC_AMB_VERMONT_PEARL_120X120_60X120.webp, ECOCERAMIC/VERMONT/ECOCERAMIC_AMB_VERMONT_SAND_100X100_60X120.webp, ECOCERAMIC/VERMONT/ECOCERAMIC_AMB_VERMONT_SAND_120X120_60X120.webp, ECOCERAMIC/VERMONT/ECOCERAMIC_AMB_VERMONT_WHITE_120X120_60X120.webp, ECOCERAMIC/VERMONT/ECOCERAMIC_AMB_VERMONT_WHITE_60X120.webp, ECOCERAMIC/VERMONT/ECOCERAMIC_PZ_VERMONT_PEARL_120X120.webp, ECOCERAMIC/VERMONT/ECOCERAMIC_PZ_VERMONT_PEARL_60X120.webp, ECOCERAMIC/VERMONT/ECOCERAMIC_PZ_VERMONT_PEARL_60X60.webp, ECOCERAMIC/VERMONT/ECOCERAMIC_PZ_VERMONT_PEARL_90X90.webp, ECOCERAMIC/VERMONT/ECOCERAMIC_PZ_VERMONT_SAND_120X120.webp, ECOCERAMIC/VERMONT/ECOCERAMIC_PZ_VERMONT_SAND_60X120.webp, ECOCERAMIC/VERMONT/ECOCERAMIC_PZ_VERMONT_SAND_60X60.webp, ECOCERAMIC/VERMONT/ECOCERAMIC_PZ_VERMONT_SAND_90X90.webp, ECOCERAMIC/VERMONT/ECOCERAMIC_PZ_VERMONT_WHITE_120X120.webp, ECOCERAMIC/VERMONT/ECOCERAMIC_PZ_VERMONT_WHITE_60X120.webp, ECOCERAMIC/VERMONT/ECOCERAMIC_PZ_VERMONT_WHITE_60X60.webp, ECOCERAMIC/VERMONT/ECOCERAMIC_PZ_VERMONT_WHITE_90X90.webp",Ficha técnica Vermont,ECOCERAMIC/VERMONT/ECOCERAMIC_FICHA_VERMONT.jpg,,0,Modelo,Vermont,1,1,,Color,White | Pearl | Sand,1,1,White,Formato,120X120 | 100X100 | 60X60 | 60X120,1,1,120X120,Acabado,Mate,1,1,,Espesor,9 MM,1,1,,Tipo de pieza,Baldosa,1,1,,Material,Porcelánico,1,1,,Antideslizante,No,1,1,,Versión antideslizante,Sí,1,1,,Uso,Pavimento y revestimiento,1,1,,,,,,,,,,,,Familia,Porce Plus,1,1,,Fabricante,Ecoceramic,1,1,,,,,,,,,,,,,,,,,,"Interior: salón, cocina, baño y dormitorio; formatos grandes",Porce Plus,Vermont,Esmalto,Ecoceramic,ECOCERAMIC/VERMONT/ECOCERAMIC_FICHA_VERMONT.jpg,Material: Porcelánico | Acabado: Mate | Uso: Pavimento y revestimiento | Espesor: 9 MM | Antideslizante: No | Versión antideslizante disponible: Sí | Tipo de pieza: Baldosa,Vermont | Porcelánico Porce Plus | Esmalto,"Serie Vermont de Ecoceramic en porcelánico, acabado mate. 3 color(es) y 4 formato(s)."
,variation,ESM-VERMONT-PEARL-100X100,Vermont Pearl 100X100,1,,visible,,,taxable,,1,,,,41.15,,,,,,,,,,,ECOCERAMIC/VERMONT/ECOCERAMIC_PZ_VERMONT_PEARL_120X120.webp,,,ESM-VERMONT,316,Modelo,Vermont,1,1,,Color,Pearl,1,1,,Formato,100X100,1,1,,,,,,,,,,,,,,,,,,,,,,,,,,,,,,,,,,,,,,,,,,,,,,,,,,,,,,,,,2,41.15,2,27,54,"1133,05",12,100X100,9 MM,Porcelánico,Mate,Pavimento y revestimiento,,No,Sí,,"Interior: salón, cocina, baño y dormitorio; formatos grandes",Porce Plus,Vermont,Esmalto,Ecoceramic,,Material: Porcelánico | Acabado: Mate | Uso: Pavimento y revestimiento | Espesor: 9 MM | Antideslizante: No | Versión antideslizante disponible: Sí | Tipo de pieza: Baldosa,,
,variation,ESM-VERMONT-SAND-100X100,Vermont Sand 100X100,1,,visible,,,taxable,,1,,,,41.15,,,,,,,,,,,ECOCERAMIC/VERMONT/ECOCERAMIC_PZ_VERMONT_SAND_120X120.webp,,,ESM-VERMONT,317,Modelo,Vermont,1,1,,Color,Sand,1,1,,Formato,100X100,1,1,,,,,,,,,,,,,,,,,,,,,,,,,,,,,,,,,,,,,,,,,,,,,,,,,,,,,,,,,2,41.15,2,27,54,"1133,05",12,100X100,9 MM,Porcelánico,Mate,Pavimento y revestimiento,,No,Sí,,"Interior: salón, cocina, baño y dormitorio; formatos grandes",Porce Plus,Vermont,Esmalto,Ecoceramic,,Material: Porcelánico | Acabado: Mate | Uso: Pavimento y revestimiento | Espesor: 9 MM | Antideslizante: No | Versión antideslizante disponible: Sí | Tipo de pieza: Baldosa,,
,variation,ESM-VERMONT-WHITE-100X100,Vermont White 100X100,1,,visible,,,taxable,,1,,,,41.15,,,,,,,,,,,ECOCERAMIC/VERMONT/ECOCERAMIC_PZ_VERMONT_WHITE_120X120.webp,,,ESM-VERMONT,318,Modelo,Vermont,1,1,,Color,White,1,1,,Formato,100X100,1,1,,,,,,,,,,,,,,,,,,,,,,,,,,,,,,,,,,,,,,,,,,,,,,,,,,,,,,,,,2,41.15,2,27,54,"1133,05",12,100X100,9 MM,Porcelánico,Mate,Pavimento y revestimiento,,No,Sí,,"Interior: salón, cocina, baño y dormitorio; formatos grandes",Porce Plus,Vermont,Esmalto,Ecoceramic,,Material: Porcelánico | Acabado: Mate | Uso: Pavimento y revestimiento | Espesor: 9 MM | Antideslizante: No | Versión antideslizante disponible: Sí | Tipo de pieza: Baldosa,,
,variation,ESM-VERMONT-PEARL-120X120,Vermont Pearl 120X120,1,,visible,,,taxable,,1,,,,34.36,,,,,,,,,,,ECOCERAMIC/VERMONT/ECOCERAMIC_PZ_VERMONT_PEARL_120X120.webp,,,ESM-VERMONT,319,Modelo,Vermont,1,1,,Color,Pearl,1,1,,Formato,120X120,1,1,,,,,,,,,,,,,,,,,,,,,,,,,,,,,,,,,,,,,,,,,,,,,,,,,,,,,,,,,1.44,34.36,1,36,"51,84","1276,96",7,120X120,9 MM,Porcelánico,Mate,Pavimento y revestimiento,,No,Sí,,"Interior: salón, cocina, baño y dormitorio; formatos grandes",Porce Plus,Vermont,Esmalto,Ecoceramic,,Material: Porcelánico | Acabado: Mate | Uso: Pavimento y revestimiento | Espesor: 9 MM | Antideslizante: No | Versión antideslizante disponible: Sí | Tipo de pieza: Baldosa,,
,variation,ESM-VERMONT-SAND-120X120,Vermont Sand 120X120,1,,visible,,,taxable,,1,,,,34.36,,,,,,,,,,,ECOCERAMIC/VERMONT/ECOCERAMIC_PZ_VERMONT_SAND_120X120.webp,,,ESM-VERMONT,320,Modelo,Vermont,1,1,,Color,Sand,1,1,,Formato,120X120,1,1,,,,,,,,,,,,,,,,,,,,,,,,,,,,,,,,,,,,,,,,,,,,,,,,,,,,,,,,,1.44,34.36,1,36,"51,84","1276,96",7,120X120,9 MM,Porcelánico,Mate,Pavimento y revestimiento,,No,Sí,,"Interior: salón, cocina, baño y dormitorio; formatos grandes",Porce Plus,Vermont,Esmalto,Ecoceramic,,Material: Porcelánico | Acabado: Mate | Uso: Pavimento y revestimiento | Espesor: 9 MM | Antideslizante: No | Versión antideslizante disponible: Sí | Tipo de pieza: Baldosa,,
,variation,ESM-VERMONT-WHITE-120X120,Vermont White 120X120,1,,visible,,,taxable,,1,,,,34.36,,,,,,,,,,,ECOCERAMIC/VERMONT/ECOCERAMIC_PZ_VERMONT_WHITE_120X120.webp,,,ESM-VERMONT,321,Modelo,Vermont,1,1,,Color,White,1,1,,Formato,120X120,1,1,,,,,,,,,,,,,,,,,,,,,,,,,,,,,,,,,,,,,,,,,,,,,,,,,,,,,,,,,1.44,34.36,1,36,"51,84","1276,96",7,120X120,9 MM,Porcelánico,Mate,Pavimento y revestimiento,,No,Sí,,"Interior: salón, cocina, baño y dormitorio; formatos grandes",Porce Plus,Vermont,Esmalto,Ecoceramic,,Material: Porcelánico | Acabado: Mate | Uso: Pavimento y revestimiento | Espesor: 9 MM | Antideslizante: No | Versión antideslizante disponible: Sí | Tipo de pieza: Baldosa,,
,variation,ESM-VERMONT-PEARL-60X120,Vermont Pearl 60X120,1,,visible,,,taxable,,1,,,,28.62,,,,,,,,,,,ECOCERAMIC/VERMONT/ECOCERAMIC_PZ_VERMONT_PEARL_60X120.webp,,,ESM-VERMONT,322,Modelo,Vermont,1,1,,Color,Pearl,1,1,,Formato,60X120,1,1,,,,,,,,,,,,,,,,,,,,,,,,,,,,,,,,,,,,,,,,,,,,,,,,,,,,,,,,,1.44,28.62,2,36,"51,84","1055,32",14,60X120,9 MM,Porcelánico,Mate,Pavimento y revestimiento,,No,Sí,,"Interior: salón, cocina, baño y dormitorio; formatos grandes",Porce Plus,Vermont,Esmalto,Ecoceramic,,Material: Porcelánico | Acabado: Mate | Uso: Pavimento y revestimiento | Espesor: 9 MM | Antideslizante: No | Versión antideslizante disponible: Sí | Tipo de pieza: Baldosa,,
,variation,ESM-VERMONT-SAND-60X120,Vermont Sand 60X120,1,,visible,,,taxable,,1,,,,28.62,,,,,,,,,,,ECOCERAMIC/VERMONT/ECOCERAMIC_PZ_VERMONT_SAND_60X120.webp,,,ESM-VERMONT,323,Modelo,Vermont,1,1,,Color,Sand,1,1,,Formato,60X120,1,1,,,,,,,,,,,,,,,,,,,,,,,,,,,,,,,,,,,,,,,,,,,,,,,,,,,,,,,,,1.44,28.62,2,36,"51,84","1055,32",14,60X120,9 MM,Porcelánico,Mate,Pavimento y revestimiento,,No,Sí,,"Interior: salón, cocina, baño y dormitorio; formatos grandes",Porce Plus,Vermont,Esmalto,Ecoceramic,,Material: Porcelánico | Acabado: Mate | Uso: Pavimento y revestimiento | Espesor: 9 MM | Antideslizante: No | Versión antideslizante disponible: Sí | Tipo de pieza: Baldosa,,
,variation,ESM-VERMONT-WHITE-60X120,Vermont White 60X120,1,,visible,,,taxable,,1,,,,28.62,,,,,,,,,,,ECOCERAMIC/VERMONT/ECOCERAMIC_PZ_VERMONT_WHITE_60X120.webp,,,ESM-VERMONT,324,Modelo,Vermont,1,1,,Color,White,1,1,,Formato,60X120,1,1,,,,,,,,,,,,,,,,,,,,,,,,,,,,,,,,,,,,,,,,,,,,,,,,,,,,,,,,,1.44,28.62,2,36,"51,84","1055,32",14,60X120,9 MM,Porcelánico,Mate,Pavimento y revestimiento,,No,Sí,,"Interior: salón, cocina, baño y dormitorio; formatos grandes",Porce Plus,Vermont,Esmalto,Ecoceramic,,Material: Porcelánico | Acabado: Mate | Uso: Pavimento y revestimiento | Espesor: 9 MM | Antideslizante: No | Versión antideslizante disponible: Sí | Tipo de pieza: Baldosa,,
,variation,ESM-VERMONT-PEARL-60X60,Vermont Pearl 60X60,1,,visible,,,taxable,,1,,,,35.36,,,,,,,,,,,ECOCERAMIC/VERMONT/ECOCERAMIC_PZ_VERMONT_PEARL_60X60.webp,,,ESM-VERMONT,325,Modelo,Vermont,1,1,,Color,Pearl,1,1,,Formato,60X60,1,1,,,,,,,,,,,,,,,,,,,,,,,,,,,,,,,,,,,,,,,,,,,,,,,,,,,,,,,,,1.8,35.36,5,30,54,"1080,80",21,60X60,9 MM,Porcelánico,Mate,Pavimento y revestimiento,,No,Sí,,"Interior: salón, cocina, baño y dormitorio; formatos grandes",Porce Plus,Vermont,Esmalto,Ecoceramic,,Material: Porcelánico | Acabado: Mate | Uso: Pavimento y revestimiento | Espesor: 9 MM | Antideslizante: No | Versión antideslizante disponible: Sí | Tipo de pieza: Baldosa,,
,variation,ESM-VERMONT-SAND-60X60,Vermont Sand 60X60,1,,visible,,,taxable,,1,,,,35.36,,,,,,,,,,,ECOCERAMIC/VERMONT/ECOCERAMIC_PZ_VERMONT_SAND_60X60.webp,,,ESM-VERMONT,326,Modelo,Vermont,1,1,,Color,Sand,1,1,,Formato,60X60,1,1,,,,,,,,,,,,,,,,,,,,,,,,,,,,,,,,,,,,,,,,,,,,,,,,,,,,,,,,,1.8,35.36,5,30,54,"1080,80",21,60X60,9 MM,Porcelánico,Mate,Pavimento y revestimiento,,No,Sí,,"Interior: salón, cocina, baño y dormitorio; formatos grandes",Porce Plus,Vermont,Esmalto,Ecoceramic,,Material: Porcelánico | Acabado: Mate | Uso: Pavimento y revestimiento | Espesor: 9 MM | Antideslizante: No | Versión antideslizante disponible: Sí | Tipo de pieza: Baldosa,,
,variation,ESM-VERMONT-WHITE-60X60,Vermont White 60X60,1,,visible,,,taxable,,1,,,,35.36,,,,,,,,,,,ECOCERAMIC/VERMONT/ECOCERAMIC_PZ_VERMONT_WHITE_60X60.webp,,,ESM-VERMONT,327,Modelo,Vermont,1,1,,Color,White,1,1,,Formato,60X60,1,1,,,,,,,,,,,,,,,,,,,,,,,,,,,,,,,,,,,,,,,,,,,,,,,,,,,,,,,,,1.8,35.36,5,30,54,"1080,80",21,60X60,9 MM,Porcelánico,Mate,Pavimento y revestimiento,,No,Sí,,"Interior: salón, cocina, baño y dormitorio; formatos grandes",Porce Plus,Vermont,Esmalto,Ecoceramic,,Material: Porcelánico | Acabado: Mate | Uso: Pavimento y revestimiento | Espesor: 9 MM | Antideslizante: No | Versión antideslizante disponible: Sí | Tipo de pieza: Baldosa,,
,variable,ESM-WALKYRIA,Walkyria,1,0,visible,"Serie Walkyria de Ecoceramic en porcelánico, acabado mate. 8 color(es) y 1 formato(s).","<p>La serie <strong>Walkyria</strong> de Ecoceramic está fabricada en porcelánico con acabado mate. Se presenta en 8 color(es) y 1 formato(s), con un total de 8 referencias.</p><h3>Características técnicas</h3><ul><li><strong>Material:</strong> Porcelánico</li><li><strong>Acabado:</strong> Mate</li><li><strong>Uso:</strong> Pavimento y revestimiento</li><li><strong>Espesor:</strong> 9 MM</li><li><strong>Antideslizante:</strong> No</li><li><strong>Versión antideslizante:</strong> No / Sí</li><li><strong>Tipo de pieza:</strong> Baldosa</li><li><strong>Familia:</strong> Eco Woods</li></ul><p><strong>Colores disponibles:</strong> White, Pearl, Silver, Smoke, Graphite, Maple, Oak, Fresno.<br><strong>Formatos:</strong> 20X120.</p><p><strong>Espacios recomendados:</strong> Interior: salón, dormitorio, cocina y baño; efecto madera.</p><h3>Datos de embalaje</h3><table><thead><tr><th>Formato</th><th>Pz/caja</th><th>m²/caja</th><th>Kg/caja</th><th>Cajas/palet</th><th>m²/palet</th><th>Kg/palet</th></tr></thead><tbody><tr><td>15X90</td><td>8</td><td>1,08</td><td>22,50</td><td>56</td><td>60,48</td><td>1282</td></tr><tr><td>20X120</td><td>7</td><td>1,68</td><td>32</td><td>44</td><td>73,92</td><td>1437</td></tr></tbody></table>",taxable,,1,,0,0,,,,,1,,,,Pavimentos y revestimientos > Eco Woods > Walkyria,"Walkyria, Ecoceramic, Esmalto, Eco Woods, White, Pearl, Silver, Smoke, Graphite, Maple, Oak, Fresno, 20X120, Porcelánico",,"ECOCERAMIC/WALKYRIA/ECOCERAMIC_AMB_WALKYRIA.webp, ECOCERAMIC/WALKYRIA/ECOCERAMIC_AMB_WALKYRIA_120X280_20X120.webp, ECOCERAMIC/WALKYRIA/ECOCERAMIC_AMB_WALKYRIA_MAPLE.webp, ECOCERAMIC/WALKYRIA/ECOCERAMIC_AMB_WALKYRIA_MAPLE_15X90.webp, ECOCERAMIC/WALKYRIA/ECOCERAMIC_AMB_WALKYRIA_OAK.webp, ECOCERAMIC/WALKYRIA/ECOCERAMIC_AMB_WALKYRIA_PEARL.webp, ECOCERAMIC/WALKYRIA/ECOCERAMIC_AMB_WALKYRIA_PEARL_V2.webp, ECOCERAMIC/WALKYRIA/ECOCERAMIC_AMB_WALKYRIA_V2.webp, ECOCERAMIC/WALKYRIA/ECOCERAMIC_PZ_WALKYRIA_FRESNO.webp, ECOCERAMIC/WALKYRIA/ECOCERAMIC_PZ_WALKYRIA_GRAPHITE.webp, ECOCERAMIC/WALKYRIA/ECOCERAMIC_PZ_WALKYRIA_MAPLE.webp, ECOCERAMIC/WALKYRIA/ECOCERAMIC_PZ_WALKYRIA_OAK.webp, ECOCERAMIC/WALKYRIA/ECOCERAMIC_PZ_WALKYRIA_PEARL.webp, ECOCERAMIC/WALKYRIA/ECOCERAMIC_PZ_WALKYRIA_RODAPIE_FRESNO.webp, ECOCERAMIC/WALKYRIA/ECOCERAMIC_PZ_WALKYRIA_RODAPIE_GRAPHITE.webp, ECOCERAMIC/WALKYRIA/ECOCERAMIC_PZ_WALKYRIA_RODAPIE_MAPLE.webp, ECOCERAMIC/WALKYRIA/ECOCERAMIC_PZ_WALKYRIA_RODAPIE_OAK.webp, ECOCERAMIC/WALKYRIA/ECOCERAMIC_PZ_WALKYRIA_RODAPIE_PEARL.webp, ECOCERAMIC/WALKYRIA/ECOCERAMIC_PZ_WALKYRIA_RODAPIE_SILVER.webp, ECOCERAMIC/WALKYRIA/ECOCERAMIC_PZ_WALKYRIA_RODAPIE_SMOKE.webp, ECOCERAMIC/WALKYRIA/ECOCERAMIC_PZ_WALKYRIA_RODAPIE_WHITE.webp, ECOCERAMIC/WALKYRIA/ECOCERAMIC_PZ_WALKYRIA_SILVER.webp, ECOCERAMIC/WALKYRIA/ECOCERAMIC_PZ_WALKYRIA_SMOKE.webp, ECOCERAMIC/WALKYRIA/ECOCERAMIC_PZ_WALKYRIA_WHITE.webp, ECOCERAMIC/WALKYRIA/15X90/ECOCERAMIC_PZ_WALKYRIA_FRESNO_15X90_01.webp, ECOCERAMIC/WALKYRIA/15X90/ECOCERAMIC_PZ_WALKYRIA_MAPLE_15X90_01.webp, ECOCERAMIC/WALKYRIA/15X90/ECOCERAMIC_PZ_WALKYRIA_OAK_15X90_01.webp, ECOCERAMIC/WALKYRIA/15X90/ECOCERAMIC_PZ_WALKYRIA_PEARL_15X90_01.webp, ECOCERAMIC/WALKYRIA/PELDANO/ECOCERAMIC_PZ_WALKYRIA_PELDANO-EXTRUSIONADO_FRESNO_32X120.webp, ECOCERAMIC/WALKYRIA/PELDANO/ECOCERAMIC_PZ_WALKYRIA_PELDANO-EXTRUSIONADO_GRAPHITE_32X120.webp, ECOCERAMIC/WALKYRIA/PELDANO/ECOCERAMIC_PZ_WALKYRIA_PELDANO-EXTRUSIONADO_MAPLE_32X120.webp, ECOCERAMIC/WALKYRIA/PELDANO/ECOCERAMIC_PZ_WALKYRIA_PELDANO-EXTRUSIONADO_MAPLE_32X120_01.webp, ECOCERAMIC/WALKYRIA/PELDANO/ECOCERAMIC_PZ_WALKYRIA_PELDANO-EXTRUSIONADO_MAPLE_32X120_02.webp, ECOCERAMIC/WALKYRIA/PELDANO/ECOCERAMIC_PZ_WALKYRIA_PELDANO-EXTRUSIONADO_OAK_32X120.webp, ECOCERAMIC/WALKYRIA/PELDANO/ECOCERAMIC_PZ_WALKYRIA_PELDANO-EXTRUSIONADO_PEARL_32X120.webp, ECOCERAMIC/WALKYRIA/PELDANO/ECOCERAMIC_PZ_WALKYRIA_PELDANO-EXTRUSIONADO_SILVER_32X120.webp, ECOCERAMIC/WALKYRIA/PELDANO/ECOCERAMIC_PZ_WALKYRIA_PELDANO-EXTRUSIONADO_SMOKE_32X120.webp, ECOCERAMIC/WALKYRIA/PELDANO/ECOCERAMIC_PZ_WALKYRIA_PELDANO-EXTRUSIONADO_WHITE_32X120.webp",Ficha técnica Walkyria,ECOCERAMIC/WALKYRIA/ECOCERAMIC_FICHA_WALKYRIA.jpg,,0,Modelo,Walkyria,1,1,,Color,White | Pearl | Silver | Smoke | Graphite | Maple | Oak | Fresno,1,1,White,Formato,20X120,1,1,,Acabado,Mate,1,1,,Espesor,9 MM,1,1,,Tipo de pieza,Baldosa,1,1,,Material,Porcelánico,1,1,,Antideslizante,No,1,1,,Versión antideslizante,No | Sí,1,1,,Uso,Pavimento y revestimiento,1,1,,,,,,,,,,,,Familia,Eco Woods,1,1,,Fabricante,Ecoceramic,1,1,,,,,,,,,,,,,,,,,,"Interior: salón, dormitorio, cocina y baño; efecto madera",Eco Woods,Walkyria,Esmalto,Ecoceramic,ECOCERAMIC/WALKYRIA/ECOCERAMIC_FICHA_WALKYRIA.jpg,Material: Porcelánico | Acabado: Mate | Uso: Pavimento y revestimiento | Espesor: 9 MM | Antideslizante: No | Versión antideslizante disponible: No | Tipo de pieza: Baldosa,Walkyria | Porcelánico Eco Woods | Esmalto,"Serie Walkyria de Ecoceramic en porcelánico, acabado mate. 8 color(es) y 1 formato(s)."
,variation,ESM-WALKYRIA-FRESNO-20X120,Walkyria Fresno 20X120,1,,visible,,,taxable,,1,,,,32,,,,,,,,,,,ECOCERAMIC/WALKYRIA/ECOCERAMIC_PZ_WALKYRIA_FRESNO.webp,,,ESM-WALKYRIA,328,Modelo,Walkyria,1,1,,Color,Fresno,1,1,,,,,,,,,,,,,,,,,,,,,,,,,,,,,,,,,,,,,,,,,,,,,,,,,,,,,,,,,,,,,,1.68,32,7,44,"73,92",1437,42,20X120,9 MM,Porcelánico,Mate,Pavimento y revestimiento,,No,Sí,,"Interior: salón, dormitorio, cocina y baño; efecto madera",Eco Woods,Walkyria,Esmalto,Ecoceramic,,Material: Porcelánico | Acabado: Mate | Uso: Pavimento y revestimiento | Espesor: 9 MM | Antideslizante: No | Versión antideslizante disponible: Sí | Tipo de pieza: Baldosa,,
,variation,ESM-WALKYRIA-GRAPHITE-20X120,Walkyria Graphite 20X120,1,,visible,,,taxable,,1,,,,32,,,,,,,,,,,ECOCERAMIC/WALKYRIA/ECOCERAMIC_PZ_WALKYRIA_GRAPHITE.webp,,,ESM-WALKYRIA,329,Modelo,Walkyria,1,1,,Color,Graphite,1,1,,,,,,,,,,,,,,,,,,,,,,,,,,,,,,,,,,,,,,,,,,,,,,,,,,,,,,,,,,,,,,1.68,32,7,44,"73,92",1437,42,20X120,9 MM,Porcelánico,Mate,Pavimento y revestimiento,,No,No,,"Interior: salón, dormitorio, cocina y baño; efecto madera",Eco Woods,Walkyria,Esmalto,Ecoceramic,,Material: Porcelánico | Acabado: Mate | Uso: Pavimento y revestimiento | Espesor: 9 MM | Antideslizante: No | Versión antideslizante disponible: No | Tipo de pieza: Baldosa,,
,variation,ESM-WALKYRIA-MAPLE-20X120,Walkyria Maple 20X120,1,,visible,,,taxable,,1,,,,32,,,,,,,,,,,ECOCERAMIC/WALKYRIA/ECOCERAMIC_PZ_WALKYRIA_MAPLE.webp,,,ESM-WALKYRIA,330,Modelo,Walkyria,1,1,,Color,Maple,1,1,,,,,,,,,,,,,,,,,,,,,,,,,,,,,,,,,,,,,,,,,,,,,,,,,,,,,,,,,,,,,,1.68,32,7,44,"73,92",1437,42,20X120,9 MM,Porcelánico,Mate,Pavimento y revestimiento,,No,Sí,,"Interior: salón, dormitorio, cocina y baño; efecto madera",Eco Woods,Walkyria,Esmalto,Ecoceramic,,Material: Porcelánico | Acabado: Mate | Uso: Pavimento y revestimiento | Espesor: 9 MM | Antideslizante: No | Versión antideslizante disponible: Sí | Tipo de pieza: Baldosa,,
,variation,ESM-WALKYRIA-OAK-20X120,Walkyria Oak 20X120,1,,visible,,,taxable,,1,,,,32,,,,,,,,,,,ECOCERAMIC/WALKYRIA/ECOCERAMIC_PZ_WALKYRIA_OAK.webp,,,ESM-WALKYRIA,331,Modelo,Walkyria,1,1,,Color,Oak,1,1,,,,,,,,,,,,,,,,,,,,,,,,,,,,,,,,,,,,,,,,,,,,,,,,,,,,,,,,,,,,,,1.68,32,7,44,"73,92",1437,42,20X120,9 MM,Porcelánico,Mate,Pavimento y revestimiento,,No,Sí,,"Interior: salón, dormitorio, cocina y baño; efecto madera",Eco Woods,Walkyria,Esmalto,Ecoceramic,,Material: Porcelánico | Acabado: Mate | Uso: Pavimento y revestimiento | Espesor: 9 MM | Antideslizante: No | Versión antideslizante disponible: Sí | Tipo de pieza: Baldosa,,
,variation,ESM-WALKYRIA-PEARL-20X120,Walkyria Pearl 20X120,1,,visible,,,taxable,,1,,,,32,,,,,,,,,,,ECOCERAMIC/WALKYRIA/ECOCERAMIC_PZ_WALKYRIA_PEARL.webp,,,ESM-WALKYRIA,332,Modelo,Walkyria,1,1,,Color,Pearl,1,1,,,,,,,,,,,,,,,,,,,,,,,,,,,,,,,,,,,,,,,,,,,,,,,,,,,,,,,,,,,,,,1.68,32,7,44,"73,92",1437,42,20X120,9 MM,Porcelánico,Mate,Pavimento y revestimiento,,No,Sí,,"Interior: salón, dormitorio, cocina y baño; efecto madera",Eco Woods,Walkyria,Esmalto,Ecoceramic,,Material: Porcelánico | Acabado: Mate | Uso: Pavimento y revestimiento | Espesor: 9 MM | Antideslizante: No | Versión antideslizante disponible: Sí | Tipo de pieza: Baldosa,,
,variation,ESM-WALKYRIA-SILVER-20X120,Walkyria Silver 20X120,1,,visible,,,taxable,,1,,,,32,,,,,,,,,,,ECOCERAMIC/WALKYRIA/ECOCERAMIC_PZ_WALKYRIA_SILVER.webp,,,ESM-WALKYRIA,333,Modelo,Walkyria,1,1,,Color,Silver,1,1,,,,,,,,,,,,,,,,,,,,,,,,,,,,,,,,,,,,,,,,,,,,,,,,,,,,,,,,,,,,,,1.68,32,7,44,"73,92",1437,42,20X120,9 MM,Porcelánico,Mate,Pavimento y revestimiento,,No,No,,"Interior: salón, dormitorio, cocina y baño; efecto madera",Eco Woods,Walkyria,Esmalto,Ecoceramic,,Material: Porcelánico | Acabado: Mate | Uso: Pavimento y revestimiento | Espesor: 9 MM | Antideslizante: No | Versión antideslizante disponible: No | Tipo de pieza: Baldosa,,
,variation,ESM-WALKYRIA-SMOKE-20X120,Walkyria Smoke 20X120,1,,visible,,,taxable,,1,,,,32,,,,,,,,,,,ECOCERAMIC/WALKYRIA/ECOCERAMIC_PZ_WALKYRIA_SMOKE.webp,,,ESM-WALKYRIA,334,Modelo,Walkyria,1,1,,Color,Smoke,1,1,,,,,,,,,,,,,,,,,,,,,,,,,,,,,,,,,,,,,,,,,,,,,,,,,,,,,,,,,,,,,,1.68,32,7,44,"73,92",1437,42,20X120,9 MM,Porcelánico,Mate,Pavimento y revestimiento,,No,No,,"Interior: salón, dormitorio, cocina y baño; efecto madera",Eco Woods,Walkyria,Esmalto,Ecoceramic,,Material: Porcelánico | Acabado: Mate | Uso: Pavimento y revestimiento | Espesor: 9 MM | Antideslizante: No | Versión antideslizante disponible: No | Tipo de pieza: Baldosa,,
,variation,ESM-WALKYRIA-WHITE-20X120,Walkyria White 20X120,1,,visible,,,taxable,,1,,,,32,,,,,,,,,,,ECOCERAMIC/WALKYRIA/ECOCERAMIC_PZ_WALKYRIA_WHITE.webp,,,ESM-WALKYRIA,335,Modelo,Walkyria,1,1,,Color,White,1,1,,,,,,,,,,,,,,,,,,,,,,,,,,,,,,,,,,,,,,,,,,,,,,,,,,,,,,,,,,,,,,1.68,32,7,44,"73,92",1437,42,20X120,9 MM,Porcelánico,Mate,Pavimento y revestimiento,,No,No,,"Interior: salón, dormitorio, cocina y baño; efecto madera",Eco Woods,Walkyria,Esmalto,Ecoceramic,,Material: Porcelánico | Acabado: Mate | Uso: Pavimento y revestimiento | Espesor: 9 MM | Antideslizante: No | Versión antideslizante disponible: No | Tipo de pieza: Baldosa,,
