Marca;Modelo;Variante;Nombre Original;Nombre Optimizado;Tipo;Pieza/Acabado;Color;Formato;Escena;Acompanantes;Origen (Alta/Baja);Px Original;Px Final;Peso Original;Peso Final;Reduccion %;Ruta Origen;Ruta Destino;Copias en otros modelos;Archivos fusionados;Lote;Aviso
ECOCERAMIC;ALASKA;;AMB_ALASKA_HEX_FINAL.jpg;ECOCERAMIC_AMB_ALASKA.webp;Ambiente;;;;;;Baja;4979x3455;2000x1388;5.81;0.12;98.0;ALASKA/AMBIENTES/BAJA/AMB_ALASKA_HEX_FINAL.jpg;ECOCERAMIC\ALASKA\ECOCERAMIC_AMB_ALASKA.webp;;ALASKA/AMBIENTES/ALTA/AMB_ALASKA_HEX_FINAL.tif;WooCommerce;sin color detectado en el nombre
ECOCERAMIC;ALASKA;;AMB_ALASKA_3.jpg;ECOCERAMIC_AMB_ALASKA_03.webp;Ambiente;;;;;;Baja;5000x3500;2000x1400;7.24;0.07;99.0;ALASKA/AMBIENTES/BAJA/AMB_ALASKA_3.jpg;ECOCERAMIC\ALASKA\ECOCERAMIC_AMB_ALASKA_03.webp;;ALASKA/AMBIENTES/ALTA/AMB_ALASKA_3.tif;WooCommerce;sin color detectado en el nombre
ECOCERAMIC;ALASKA;;AMB ECO ALASKA BLANCO MATE 60x120_ALTA.jpg;ECOCERAMIC_AMB_ALASKA_BLANCO_MATE_60X120.webp;Ambiente;MATE;BLANCO;60X120;;;Baja;5500x3630;2000x1320;17.32;0.22;98.7;ALASKA/AMBIENTES/BAJA/AMB ECO ALASKA BLANCO MATE 60x120_ALTA.jpg;ECOCERAMIC\ALASKA\ECOCERAMIC_AMB_ALASKA_BLANCO_MATE_60X120.webp;;ALASKA/AMBIENTES/ALTA/AMB ECO ALASKA BLANCO MATE 60x120_ALTA.tif;WooCommerce;
ECOCERAMIC;ALASKA;;AMB_ALASKA BRILLO 75X75.jpg;ECOCERAMIC_AMB_ALASKA_BRILLO_75X75.webp;Ambiente;BRILLO;;75X75;;;Baja;4500x5000;1800x2000;13.65;0.26;98.1;ALASKA/AMBIENTES/BAJA/AMB_ALASKA BRILLO 75X75.jpg;ECOCERAMIC\ALASKA\ECOCERAMIC_AMB_ALASKA_BRILLO_75X75.webp;;ALASKA/AMBIENTES/ALTA/AMB_ALASKA BRILLO 75X75.tif;WooCommerce;sin color detectado en el nombre
ECOCERAMIC;ALASKA;;AMB_ALASKA MATE 60X60.jpg;ECOCERAMIC_AMB_ALASKA_MATE_60X60.webp;Ambiente;MATE;;60X60;;;Baja;4500x5000;1800x2000;11.27;0.26;97.7;ALASKA/AMBIENTES/BAJA/AMB_ALASKA MATE 60X60.jpg;ECOCERAMIC\ALASKA\ECOCERAMIC_AMB_ALASKA_MATE_60X60.webp;;ALASKA/AMBIENTES/ALTA/AMB_ALASKA MATE 60X60.tif;WooCommerce;sin color detectado en el nombre
ECOCERAMIC;ALASKA;;Alaska HQ.jpg;ECOCERAMIC_AMB_ALASKA_V2.webp;Ambiente;;;;;;Baja;5800x2900;2000x1000;3.99;0.14;96.6;ALASKA/AMBIENTES/BAJA/Alaska HQ.jpg;ECOCERAMIC\ALASKA\ECOCERAMIC_AMB_ALASKA_V2.webp;;ALASKA/AMBIENTES/ALTA/Alaska HQ.tif;WooCommerce;nombre desambiguado (_V) | sin color detectado en el nombre
ECOCERAMIC;ALASKA;;AMB_ALASKA.jpg;ECOCERAMIC_AMB_ALASKA_V3.webp;Ambiente;;;;;;Baja;5000x3000;2000x1200;1.8;0.15;91.6;ALASKA/AMBIENTES/BAJA/AMB_ALASKA.jpg;ECOCERAMIC\ALASKA\ECOCERAMIC_AMB_ALASKA_V3.webp;;ALASKA/AMBIENTES/ALTA/AMB_ALASKA.tif;WooCommerce;nombre desambiguado (_V) | sin color detectado en el nombre
ECOCERAMIC;ALASKA;;Alaska 30x60.tif;ECOCERAMIC_PZ_ALASKA_30X60.webp;Pieza;;;30X60;;;Alta;3017x1476;2000x978;1.96;0.0;99.8;ALASKA/PIEZAS/ALTA/Alaska 30x60.tif;ECOCERAMIC\ALASKA\ECOCERAMIC_PZ_ALASKA_30X60.webp;;;WooCommerce;imagen plana (swatch liso) | sin color detectado en el nombre
ECOCERAMIC;ALASKA;;Alaska 30x60.jpg;ECOCERAMIC_PZ_ALASKA_30X60_V2.webp;Pieza;;;30X60;;;Baja;2000x1000;2000x1000;0.22;0.0;98.4;ALASKA/PIEZAS/BAJA/Alaska 30x60.jpg;ECOCERAMIC\ALASKA\ECOCERAMIC_PZ_ALASKA_30X60_V2.webp;;;WooCommerce;nombre desambiguado (_V) | imagen plana (swatch liso) | sin color detectado en el nombre
ECOCERAMIC;ALASKA;;Alaska 60X60.jpg;ECOCERAMIC_PZ_ALASKA_60X60.webp;Pieza;;;60X60;;;Baja;8858x8858;2000x2000;8.63;0.01;99.9;ALASKA/PIEZAS/BAJA/Alaska 60X60.jpg;ECOCERAMIC\ALASKA\ECOCERAMIC_PZ_ALASKA_60X60.webp;;ALASKA/PIEZAS/ALTA/Alaska 60x60.tif;WooCommerce;imagen plana (swatch liso) | sin color detectado en el nombre
ECOCERAMIC;ALASKA;;Alaska 75X75.jpg;ECOCERAMIC_PZ_ALASKA_75X75.webp;Pieza;;;75X75;;;Baja;8858x8858;2000x2000;8.63;0.01;99.9;ALASKA/PIEZAS/BAJA/Alaska 75X75.jpg;ECOCERAMIC\ALASKA\ECOCERAMIC_PZ_ALASKA_75X75.webp;;;WooCommerce;imagen plana (swatch liso) | sin color detectado en el nombre
ECOCERAMIC;ALASKA;;Alaska BRILLO.tif;ECOCERAMIC_PZ_ALASKA_BRILLO.webp;Pieza;BRILLO;;;;;Alta;3017x3017;2000x2000;4.6;0.01;99.8;ALASKA/PIEZAS/ALTA/Alaska BRILLO.tif;ECOCERAMIC\ALASKA\ECOCERAMIC_PZ_ALASKA_BRILLO.webp;;;WooCommerce;imagen plana (swatch liso) | sin color detectado en el nombre
ECOCERAMIC;ALASKA;;30X30 (5X5) ALASKA BRILLO.jpg;ECOCERAMIC_PZ_ALASKA_BRILLO_30X30_5X5.webp;Pieza;BRILLO;;30X30 / 5X5;;;Baja;3017x3017;2000x2000;3.53;0.05;98.5;ALASKA/PIEZAS/BAJA/30X30 (5X5) ALASKA BRILLO.jpg;ECOCERAMIC\ALASKA\ECOCERAMIC_PZ_ALASKA_BRILLO_30X30_5X5.webp;;ALASKA/PIEZAS/ALTA/30X30 (5X5) ALASKA BRILLO.tif;WooCommerce;sin color detectado en el nombre
ECOCERAMIC;ALASKA;;ESQUEMA MALLAS.jpg;ECOCERAMIC_PZ_ALASKA_ESQUEMA-MALLAS.webp;Pieza;ESQUEMA-MALLAS;;;;;Baja;4134x3508;2000x1697;1.63;0.01;99.4;ALASKA/PIEZAS/BAJA/ESQUEMA MALLAS.jpg;ECOCERAMIC\ALASKA\ECOCERAMIC_PZ_ALASKA_ESQUEMA-MALLAS.webp;;ALASKA/PIEZAS/ALTA/ESQUEMA MALLAS.tif;WooCommerce;sin color detectado en el nombre
ECOCERAMIC;ALASKA;;MALLA_Alaska MATE.tif;ECOCERAMIC_PZ_ALASKA_MALLA_MATE.webp;Pieza;MALLA / MATE;;;;;Alta;3017x3017;2000x2000;6.29;0.05;99.2;ALASKA/PIEZAS/ALTA/MALLA_Alaska MATE.tif;ECOCERAMIC\ALASKA\ECOCERAMIC_PZ_ALASKA_MALLA_MATE.webp;;;WooCommerce;sin color detectado en el nombre
ECOCERAMIC;ALASKA;;Alaska MATE.tif;ECOCERAMIC_PZ_ALASKA_MATE.webp;Pieza;MATE;;;;;Alta;3017x3017;2000x2000;4.6;0.01;99.8;ALASKA/PIEZAS/ALTA/Alaska MATE.tif;ECOCERAMIC\ALASKA\ECOCERAMIC_PZ_ALASKA_MATE.webp;;;WooCommerce;imagen plana (swatch liso) | sin color detectado en el nombre
ECOCERAMIC;ALASKA;;Alaska MATE 60X120.tif;ECOCERAMIC_PZ_ALASKA_MATE_60X120.webp;Pieza;MATE;;60X120;;;Alta;3017x1509;2000x1000;2.31;0.0;99.8;ALASKA/PIEZAS/ALTA/Alaska MATE 60X120.tif;ECOCERAMIC\ALASKA\ECOCERAMIC_PZ_ALASKA_MATE_60X120.webp;;;WooCommerce;imagen plana (swatch liso) | sin color detectado en el nombre
ECOCERAMIC;AMBROSSIA;;ECOCERAMIC_AMB_AMBROSSIA 100X100_GREIGE_60X120_LIVING.jpg;ECOCERAMIC_AMB_AMBROSSIA_GREIGE_100X100_60X120_LIVING.webp;Ambiente;;GREIGE;100X100 / 60X120;LIVING;;Baja;5333x4000;1600x1200;16.9;0.37;97.8;AMBROSSIA/AMBIENTES/ECOCERAMIC_AMB_AMBROSSIA 100X100_GREIGE_60X120_LIVING.jpg;ECOCERAMIC\AMBROSSIA\ECOCERAMIC_AMB_AMBROSSIA_GREIGE_100X100_60X120_LIVING.webp;;AMBROSSIA/AMBIENTES/ECOCERAMIC_AMB_AMBROSSIA 100X100_GREIGE_60X120_LIVING.tif;WooCommerce;origen < 2000px (se conserva 1600x1200)
ECOCERAMIC;AMBROSSIA;;CASA 2 SALON AMBROSSIA.jpg;ECOCERAMIC_AMB_AMBROSSIA_LIVING.webp;Ambiente;;;;LIVING;;Baja;3500x2625;1800x1350;6.72;0.38;94.4;AMBROSSIA/AMBIENTES/CASA 2 SALON AMBROSSIA.jpg;ECOCERAMIC\AMBROSSIA\ECOCERAMIC_AMB_AMBROSSIA_LIVING.webp;;;WooCommerce;origen < 2000px (se conserva 1800x1350) | sin color detectado en el nombre
ECOCERAMIC;AMBROSSIA;;ECOCERAMIC_AMB_AMBROSSIA_IVORY_120X120_RLV_ABROSSIA_IVORY_60X120.jpg;ECOCERAMIC_AMB_AMBROSSIA_RLV_IVORY_120X120_60X120.webp;Ambiente;RLV;IVORY;120X120 / 60X120;;;Baja;3100x3600;1378x1600;9.85;0.36;96.3;AMBROSSIA/AMBIENTES/ECOCERAMIC_AMB_AMBROSSIA_IVORY_120X120_RLV_ABROSSIA_IVORY_60X120.jpg;ECOCERAMIC\AMBROSSIA\ECOCERAMIC_AMB_AMBROSSIA_RLV_IVORY_120X120_60X120.webp;;AMBROSSIA/AMBIENTES/ECOCERAMIC_AMB_AMBROSSIA_IVORY_120X120_RLV_ABROSSIA_IVORY_60X120.tif;WooCommerce;origen < 2000px (se conserva 1378x1600)
ECOCERAMIC;AMBROSSIA;;ECOCERAMIC_AMB_AMBROSSIA_WHITE_120X120_RLV_ABROSSIA_WHITE_60X120.jpg;ECOCERAMIC_AMB_AMBROSSIA_RLV_WHITE_120X120_60X120.webp;Ambiente;RLV;WHITE;120X120 / 60X120;;;Baja;5500x4125;1800x1350;17.21;0.36;97.9;AMBROSSIA/AMBIENTES/ECOCERAMIC_AMB_AMBROSSIA_WHITE_120X120_RLV_ABROSSIA_WHITE_60X120.jpg;ECOCERAMIC\AMBROSSIA\ECOCERAMIC_AMB_AMBROSSIA_RLV_WHITE_120X120_60X120.webp;;AMBROSSIA/AMBIENTES/ECOCERAMIC_AMB_AMBROSSIA_WHITE_120X120_RLV_ABROSSIA_WHITE_60X120.tif;WooCommerce;origen < 2000px (se conserva 1800x1350)
ECOCERAMIC;AMBROSSIA;;AMBROSSIA-BONE-60X60_01.jpg;ECOCERAMIC_PZ_AMBROSSIA_BONE_60X60_01.webp;Pieza;;BONE;60X60;;;Baja;900x901;900x901;0.25;0.2;20.2;AMBROSSIA/PIEZAS/web/AMBROSSIA-BONE-60X60_01.jpg;ECOCERAMIC\AMBROSSIA\ECOCERAMIC_PZ_AMBROSSIA_BONE_60X60_01.webp;;;WooCommerce;origen < 2000px (se conserva 900x901)
ECOCERAMIC;AMBROSSIA;;AMBROSSIA GREIGE 100X100 (1).jpg;ECOCERAMIC_PZ_AMBROSSIA_GREIGE_100X100.webp;Pieza;;GREIGE;100X100;;;Baja;2475x2475;1600x1600;7.51;0.74;90.2;AMBROSSIA/PIEZAS/AMBROSSIA GREIGE 100X100 (1).jpg;ECOCERAMIC\AMBROSSIA\ECOCERAMIC_PZ_AMBROSSIA_GREIGE_100X100.webp;;;WooCommerce;origen < 2000px (se conserva 1600x1600)
ECOCERAMIC;AMBROSSIA;;AMBROSSIA GREIGE 120X120 - 01 (1).JPG;ECOCERAMIC_PZ_AMBROSSIA_GREIGE_120X120_01.webp;Pieza;;GREIGE;120X120;;;Baja;3713x3713;1600x1600;16.64;0.65;96.1;AMBROSSIA/PIEZAS/AMBROSSIA GREIGE 120X120 - 01 (1).JPG;ECOCERAMIC\AMBROSSIA\ECOCERAMIC_PZ_AMBROSSIA_GREIGE_120X120_01.webp;;;WooCommerce;origen < 2000px (se conserva 1600x1600)
ECOCERAMIC;AMBROSSIA;;AMBROSSIA-GREIGE-60X120_01 (26).jpg;ECOCERAMIC_PZ_AMBROSSIA_GREIGE_60X120_01.webp;Pieza;;GREIGE;60X120;;;Baja;3713x1857;1600x800;8.39;0.36;95.7;AMBROSSIA/PIEZAS/AMBROSSIA-GREIGE-60X120_01 (26).jpg;ECOCERAMIC\AMBROSSIA\ECOCERAMIC_PZ_AMBROSSIA_GREIGE_60X120_01.webp;;AMBROSSIA/PIEZAS/web/AMBROSSIA-GREIGE-60X120_01-(26).jpg;WooCommerce;origen < 2000px (se conserva 1600x800)
ECOCERAMIC;AMBROSSIA;;AMBROSSIA-GREIGE-60X60_01.jpg;ECOCERAMIC_PZ_AMBROSSIA_GREIGE_60X60_01.webp;Pieza;;GREIGE;60X60;;;Baja;1200x1201;1200x1201;0.47;0.37;21.1;AMBROSSIA/PIEZAS/web/AMBROSSIA-GREIGE-60X60_01.jpg;ECOCERAMIC\AMBROSSIA\ECOCERAMIC_PZ_AMBROSSIA_GREIGE_60X60_01.webp;;;WooCommerce;origen < 2000px (se conserva 1200x1201)
ECOCERAMIC;AMBROSSIA;;AMBROSSIA IVORY 100X100 (1).jpg;ECOCERAMIC_PZ_AMBROSSIA_IVORY_100X100.webp;Pieza;;IVORY;100X100;;;Baja;2475x2475;1600x1600;8.73;0.73;91.6;AMBROSSIA/PIEZAS/AMBROSSIA IVORY 100X100 (1).jpg;ECOCERAMIC\AMBROSSIA\ECOCERAMIC_PZ_AMBROSSIA_IVORY_100X100.webp;;;WooCommerce;origen < 2000px (se conserva 1600x1600)
ECOCERAMIC;AMBROSSIA;;AMBROSSIA IVORY 120X120 - 01 (1).JPG;ECOCERAMIC_PZ_AMBROSSIA_IVORY_120X120_01.webp;Pieza;;IVORY;120X120;;;Baja;3713x3713;1600x1600;19.62;0.66;96.7;AMBROSSIA/PIEZAS/AMBROSSIA IVORY 120X120 - 01 (1).JPG;ECOCERAMIC\AMBROSSIA\ECOCERAMIC_PZ_AMBROSSIA_IVORY_120X120_01.webp;;;WooCommerce;origen < 2000px (se conserva 1600x1600)
ECOCERAMIC;AMBROSSIA;;AMBROSSIA-IVORY-60X120_01 (1).jpg;ECOCERAMIC_PZ_AMBROSSIA_IVORY_60X120_01.webp;Pieza;;IVORY;60X120;;;Baja;3713x1857;1600x800;10.04;0.39;96.1;AMBROSSIA/PIEZAS/AMBROSSIA-IVORY-60X120_01 (1).jpg;ECOCERAMIC\AMBROSSIA\ECOCERAMIC_PZ_AMBROSSIA_IVORY_60X120_01.webp;;AMBROSSIA/PIEZAS/web/AMBROSSIA-IVORY-60X120_01-(1).jpg;WooCommerce;origen < 2000px (se conserva 1600x800)
ECOCERAMIC;AMBROSSIA;;AMBROSSIA NATURAL 100X100 (1).jpg;ECOCERAMIC_PZ_AMBROSSIA_NATURAL_100X100.webp;Pieza;;NATURAL;100X100;;;Baja;2475x2475;1600x1600;7.99;0.66;91.8;AMBROSSIA/PIEZAS/AMBROSSIA NATURAL 100X100 (1).jpg;ECOCERAMIC\AMBROSSIA\ECOCERAMIC_PZ_AMBROSSIA_NATURAL_100X100.webp;;;WooCommerce;origen < 2000px (se conserva 1600x1600)
ECOCERAMIC;AMBROSSIA;;AMBROSSIA NATURAL 120X120 (1).JPG;ECOCERAMIC_PZ_AMBROSSIA_NATURAL_120X120.webp;Pieza;;NATURAL;120X120;;;Baja;3713x3713;1600x1600;17.79;0.58;96.7;AMBROSSIA/PIEZAS/AMBROSSIA NATURAL 120X120 (1).JPG;ECOCERAMIC\AMBROSSIA\ECOCERAMIC_PZ_AMBROSSIA_NATURAL_120X120.webp;;;WooCommerce;origen < 2000px (se conserva 1600x1600)
ECOCERAMIC;AMBROSSIA;;AMBROSSIA-NATURAL-60X120_01.jpg;ECOCERAMIC_PZ_AMBROSSIA_NATURAL_60X120_01.webp;Pieza;;NATURAL;60X120;;;Baja;3713x1857;1600x800;9.1;0.36;96.1;AMBROSSIA/PIEZAS/AMBROSSIA-NATURAL-60X120_01.jpg;ECOCERAMIC\AMBROSSIA\ECOCERAMIC_PZ_AMBROSSIA_NATURAL_60X120_01.webp;;AMBROSSIA/PIEZAS/web/AMBROSSIA-NATURAL-60X120_01.jpg;WooCommerce;origen < 2000px (se conserva 1600x800)
ECOCERAMIC;AMBROSSIA;;AMBROSSIA-NATURAL-60X60_01.jpg;ECOCERAMIC_PZ_AMBROSSIA_NATURAL_60X60_01.webp;Pieza;;NATURAL;60X60;;;Baja;1200x1201;1200x1201;0.43;0.35;18.8;AMBROSSIA/PIEZAS/web/AMBROSSIA-NATURAL-60X60_01.jpg;ECOCERAMIC\AMBROSSIA\ECOCERAMIC_PZ_AMBROSSIA_NATURAL_60X60_01.webp;;;WooCommerce;origen < 2000px (se conserva 1200x1201)
ECOCERAMIC;AMBROSSIA;;RLV AMBROSSIA-GREIGE-60X120 (1).jpg;ECOCERAMIC_PZ_AMBROSSIA_RLV_GREIGE_60X120.webp;Pieza;RLV;GREIGE;60X120;;;Baja;3713x1857;1600x800;9.26;0.36;96.1;AMBROSSIA/PIEZAS/RLV AMBROSSIA-GREIGE-60X120 (1).jpg;ECOCERAMIC\AMBROSSIA\ECOCERAMIC_PZ_AMBROSSIA_RLV_GREIGE_60X120.webp;;AMBROSSIA/PIEZAS/web/RLV-AMBROSSIA-GREIGE-60X120-(1).jpg;WooCommerce;origen < 2000px (se conserva 1600x800)
ECOCERAMIC;AMBROSSIA;;RLV AMBROSSIA-IVORY-60X120 (1).jpg;ECOCERAMIC_PZ_AMBROSSIA_RLV_IVORY_60X120.webp;Pieza;RLV;IVORY;60X120;;;Baja;3713x1857;1600x800;10.59;0.35;96.7;AMBROSSIA/PIEZAS/RLV AMBROSSIA-IVORY-60X120 (1).jpg;ECOCERAMIC\AMBROSSIA\ECOCERAMIC_PZ_AMBROSSIA_RLV_IVORY_60X120.webp;;AMBROSSIA/PIEZAS/web/RLV-AMBROSSIA-IVORY-60X120-(1).jpg;WooCommerce;origen < 2000px (se conserva 1600x800)
ECOCERAMIC;AMBROSSIA;;RLV AMBROSSIA-NATURAL-60X120 (1).jpg;ECOCERAMIC_PZ_AMBROSSIA_RLV_NATURAL_60X120.webp;Pieza;RLV;NATURAL;60X120;;;Baja;3713x1857;1600x800;9.68;0.37;96.2;AMBROSSIA/PIEZAS/RLV AMBROSSIA-NATURAL-60X120 (1).jpg;ECOCERAMIC\AMBROSSIA\ECOCERAMIC_PZ_AMBROSSIA_RLV_NATURAL_60X120.webp;;AMBROSSIA/PIEZAS/web/RLV-AMBROSSIA-NATURAL-60X120-(1).jpg;WooCommerce;origen < 2000px (se conserva 1600x800)
ECOCERAMIC;AMBROSSIA;;RLV AMBROSSIA-WHITE-60X120 (2).jpg;ECOCERAMIC_PZ_AMBROSSIA_RLV_WHITE_60X120.webp;Pieza;RLV;WHITE;60X120;;;Baja;3713x1857;1800x900;9.58;0.37;96.2;AMBROSSIA/PIEZAS/RLV AMBROSSIA-WHITE-60X120 (2).jpg;ECOCERAMIC\AMBROSSIA\ECOCERAMIC_PZ_AMBROSSIA_RLV_WHITE_60X120.webp;;AMBROSSIA/PIEZAS/web/RLV-AMBROSSIA-WHITE-60X120-(2).jpg;WooCommerce;origen < 2000px (se conserva 1800x900)
ECOCERAMIC;AMBROSSIA;;AMBROSSIA WHITE 100X100 (1).jpg;ECOCERAMIC_PZ_AMBROSSIA_WHITE_100X100.webp;Pieza;;WHITE;100X100;;;Baja;2475x2475;1600x1600;7.67;0.48;93.7;AMBROSSIA/PIEZAS/AMBROSSIA WHITE 100X100 (1).jpg;ECOCERAMIC\AMBROSSIA\ECOCERAMIC_PZ_AMBROSSIA_WHITE_100X100.webp;;;WooCommerce;origen < 2000px (se conserva 1600x1600)
ECOCERAMIC;AMBROSSIA;;AMBROSSIA WHITE 120X120 (1).JPG;ECOCERAMIC_PZ_AMBROSSIA_WHITE_120X120.webp;Pieza;;WHITE;120X120;;;Baja;3713x3713;1600x1600;17.16;0.41;97.6;AMBROSSIA/PIEZAS/AMBROSSIA WHITE 120X120 (1).JPG;ECOCERAMIC\AMBROSSIA\ECOCERAMIC_PZ_AMBROSSIA_WHITE_120X120.webp;;;WooCommerce;origen < 2000px (se conserva 1600x1600)
ECOCERAMIC;AMBROSSIA;;AMBROSSIA-WHITE-60X120_01.jpg;ECOCERAMIC_PZ_AMBROSSIA_WHITE_60X120_01.webp;Pieza;;WHITE;60X120;;;Baja;3713x1857;2000x1000;8.75;0.39;95.5;AMBROSSIA/PIEZAS/AMBROSSIA-WHITE-60X120_01.jpg;ECOCERAMIC\AMBROSSIA\ECOCERAMIC_PZ_AMBROSSIA_WHITE_60X120_01.webp;;AMBROSSIA/PIEZAS/web/AMBROSSIA-WHITE-60X120_01.jpg;WooCommerce;
ECOCERAMIC;AMBROSSIA;;AMBROSSIA-WHITE-60X60_01.jpg;ECOCERAMIC_PZ_AMBROSSIA_WHITE_60X60_01.webp;Pieza;;WHITE;60X60;;;Baja;1200x1201;1200x1201;0.35;0.25;28.4;AMBROSSIA/PIEZAS/web/AMBROSSIA-WHITE-60X60_01.jpg;ECOCERAMIC\AMBROSSIA\ECOCERAMIC_PZ_AMBROSSIA_WHITE_60X60_01.webp;;;WooCommerce;origen < 2000px (se conserva 1200x1201)
ECOCERAMIC;ARENISCA;ECO20;AMB_ARENISCA ARENA 2.0 PLOTER.jpg;ECOCERAMIC_AMB_ARENISCA-ECO20_ARENA_PLOTER.webp;Ambiente;;ARENA;;PLOTER;;Baja;2500x2000;2000x1600;3.56;0.27;92.4;ARENISCA/ECO 2.0/AMBIENTES/BAJA/AMB_ARENISCA ARENA 2.0 PLOTER.jpg;_AUXILIARES\ARENISCA\ECO20\ECOCERAMIC_AMB_ARENISCA-ECO20_ARENA_PLOTER.webp;;ARENISCA/ECO 2.0/AMBIENTES/ALTA/AMB_ARENISCA ARENA 2.0 PLOTER.tif;AUXILIAR;
ECOCERAMIC;ARENISCA;ECO20;AMB_ARENISCA GRIS DETALLE 2.0.jpg;ECOCERAMIC_AMB_ARENISCA-ECO20_GRIS_DETALLE.webp;Ambiente;;GRIS;;DETALLE;;Baja;5000x3760;1600x1203;18.2;0.39;97.9;ARENISCA/ECO 2.0/AMBIENTES/BAJA/AMB_ARENISCA GRIS DETALLE 2.0.jpg;ECOCERAMIC\ARENISCA\ECO20\ECOCERAMIC_AMB_ARENISCA-ECO20_GRIS_DETALLE.webp;;ARENISCA/ECO 2.0/AMBIENTES/ALTA/AMB_ARENISCA GRIS DETALLE 2.0.tif;WooCommerce;origen < 2000px (se conserva 1600x1203)
ECOCERAMIC;ARENISCA;ECO20;AMB_ARENISCA GRIS 2.0 - EXT-detalle.jpg;ECOCERAMIC_AMB_ARENISCA-ECO20_GRIS_DETALLE_OUTDOOR.webp;Ambiente;;GRIS;;OUTDOOR / DETALLE;;Baja;5000x4000;2000x1600;13.98;0.25;98.2;ARENISCA/ECO 2.0/AMBIENTES/BAJA/AMB_ARENISCA GRIS 2.0 - EXT-detalle.jpg;ECOCERAMIC\ARENISCA\ECO20\ECOCERAMIC_AMB_ARENISCA-ECO20_GRIS_DETALLE_OUTDOOR.webp;;ARENISCA/ECO 2.0/AMBIENTES/ALTA/AMB_ARENISCA GRIS 2.0 - EXT-detalle.tif;WooCommerce;
ECOCERAMIC;ARENISCA;ECO20;AMB_ARENISCA GRIS 2.0 - EXT.jpg;ECOCERAMIC_AMB_ARENISCA-ECO20_GRIS_OUTDOOR.webp;Ambiente;;GRIS;;OUTDOOR;;Baja;5000x4000;1800x1440;16.18;0.37;97.7;ARENISCA/ECO 2.0/AMBIENTES/BAJA/AMB_ARENISCA GRIS 2.0 - EXT.jpg;ECOCERAMIC\ARENISCA\ECO20\ECOCERAMIC_AMB_ARENISCA-ECO20_GRIS_OUTDOOR.webp;;ARENISCA/ECO 2.0/AMBIENTES/ALTA/AMB_ARENISCA GRIS 2.0 - EXT.tif;WooCommerce;origen < 2000px (se conserva 1800x1440)
ECOCERAMIC;ARENISCA;ECO20;AMB_ARENISCA GRIS 2.0 PLOTER.jpg;ECOCERAMIC_AMB_ARENISCA-ECO20_GRIS_PLOTER.webp;Ambiente;;GRIS;;PLOTER;;Baja;2500x2000;2000x1600;3.28;0.33;90.0;ARENISCA/ECO 2.0/AMBIENTES/BAJA/AMB_ARENISCA GRIS 2.0 PLOTER.jpg;_AUXILIARES\ARENISCA\ECO20\ECOCERAMIC_AMB_ARENISCA-ECO20_GRIS_PLOTER.webp;;ARENISCA/ECO 2.0/AMBIENTES/ALTA/AMB_ARENISCA GRIS 2.0 PLOTER.tif;AUXILIAR;
ECOCERAMIC;ARENISCA;ECO20;AMB_ARENISCA MARENGO 2.0.jpg;ECOCERAMIC_AMB_ARENISCA-ECO20_MARENGO.webp;Ambiente;;MARENGO;;;;Baja;5000x3760;1800x1354;13.12;0.38;97.1;ARENISCA/ECO 2.0/AMBIENTES/BAJA/AMB_ARENISCA MARENGO 2.0.jpg;ECOCERAMIC\ARENISCA\ECO20\ECOCERAMIC_AMB_ARENISCA-ECO20_MARENGO.webp;;ARENISCA/ECO 2.0/AMBIENTES/ALTA/AMB_ARENISCA MARENGO 2.0.tif;WooCommerce;origen < 2000px (se conserva 1800x1354)
ECOCERAMIC;ARENISCA;ECO20;AMB_ARENISCA MARENGO 2.0 - EXT-detalle.jpg;ECOCERAMIC_AMB_ARENISCA-ECO20_MARENGO_DETALLE_OUTDOOR.webp;Ambiente;;MARENGO;;OUTDOOR / DETALLE;;Baja;5000x4000;2000x1600;14.09;0.29;97.9;ARENISCA/ECO 2.0/AMBIENTES/BAJA/AMB_ARENISCA MARENGO 2.0 - EXT-detalle.jpg;ECOCERAMIC\ARENISCA\ECO20\ECOCERAMIC_AMB_ARENISCA-ECO20_MARENGO_DETALLE_OUTDOOR.webp;;ARENISCA/ECO 2.0/AMBIENTES/ALTA/AMB_ARENISCA MARENGO 2.0 - EXT-detalle.tif;WooCommerce;
ECOCERAMIC;ARENISCA;ECO20;AMB_ARENISCA MARENGO 2.0 - EXT.jpg;ECOCERAMIC_AMB_ARENISCA-ECO20_MARENGO_OUTDOOR.webp;Ambiente;;MARENGO;;OUTDOOR;;Baja;5000x4000;1800x1440;16.24;0.39;97.6;ARENISCA/ECO 2.0/AMBIENTES/BAJA/AMB_ARENISCA MARENGO 2.0 - EXT.jpg;ECOCERAMIC\ARENISCA\ECO20\ECOCERAMIC_AMB_ARENISCA-ECO20_MARENGO_OUTDOOR.webp;;ARENISCA/ECO 2.0/AMBIENTES/ALTA/AMB_ARENISCA MARENGO 2.0 - EXT.tif;WooCommerce;origen < 2000px (se conserva 1800x1440)
ECOCERAMIC;ARENISCA;ECO20;AMB_ARENISCA MARENGO 2.0 PLOTER.jpg;ECOCERAMIC_AMB_ARENISCA-ECO20_MARENGO_PLOTER.webp;Ambiente;;MARENGO;;PLOTER;;Baja;2500x2000;1800x1440;3.4;0.36;89.3;ARENISCA/ECO 2.0/AMBIENTES/BAJA/AMB_ARENISCA MARENGO 2.0 PLOTER.jpg;_AUXILIARES\ARENISCA\ECO20\ECOCERAMIC_AMB_ARENISCA-ECO20_MARENGO_PLOTER.webp;;ARENISCA/ECO 2.0/AMBIENTES/ALTA/AMB_ARENISCA MARENGO 2.0 PLOTER.tif;AUXILIAR;origen < 2000px (se conserva 1800x1440)
ECOCERAMIC;ARENISCA;ECO20;AMB_ARENISCA PERLA 2.0.jpg;ECOCERAMIC_AMB_ARENISCA-ECO20_PERLA.webp;Ambiente;;PERLA;;;;Baja;5000x3760;1800x1354;13.41;0.37;97.3;ARENISCA/ECO 2.0/AMBIENTES/BAJA/AMB_ARENISCA PERLA 2.0.jpg;ECOCERAMIC\ARENISCA\ECO20\ECOCERAMIC_AMB_ARENISCA-ECO20_PERLA.webp;;ARENISCA/ECO 2.0/AMBIENTES/ALTA/AMB_ARENISCA PERLA 2.0.tif;WooCommerce;origen < 2000px (se conserva 1800x1354)
ECOCERAMIC;ARENISCA;ECO20;AMB_ARENISCA PERLA 2.0 - EXT-detalle.jpg;ECOCERAMIC_AMB_ARENISCA-ECO20_PERLA_DETALLE_OUTDOOR.webp;Ambiente;;PERLA;;OUTDOOR / DETALLE;;Baja;5000x4000;2000x1600;14.49;0.25;98.3;ARENISCA/ECO 2.0/AMBIENTES/BAJA/AMB_ARENISCA PERLA 2.0 - EXT-detalle.jpg;ECOCERAMIC\ARENISCA\ECO20\ECOCERAMIC_AMB_ARENISCA-ECO20_PERLA_DETALLE_OUTDOOR.webp;;ARENISCA/ECO 2.0/AMBIENTES/ALTA/AMB_ARENISCA PERLA 2.0 - EXT-detalle.tif;WooCommerce;
ECOCERAMIC;ARENISCA;ECO20;AMB_ARENISCA PERLA 2.0 - EXT.jpg;ECOCERAMIC_AMB_ARENISCA-ECO20_PERLA_OUTDOOR.webp;Ambiente;;PERLA;;OUTDOOR;;Baja;5000x4000;1800x1440;16.74;0.35;97.9;ARENISCA/ECO 2.0/AMBIENTES/BAJA/AMB_ARENISCA PERLA 2.0 - EXT.jpg;ECOCERAMIC\ARENISCA\ECO20\ECOCERAMIC_AMB_ARENISCA-ECO20_PERLA_OUTDOOR.webp;;ARENISCA/ECO 2.0/AMBIENTES/ALTA/AMB_ARENISCA PERLA 2.0 - EXT.tif;WooCommerce;origen < 2000px (se conserva 1800x1440)
ECOCERAMIC;ARENISCA;ECO20;AMB_ARENISCA PERLA 2.0 PLOTER.jpg;ECOCERAMIC_AMB_ARENISCA-ECO20_PERLA_PLOTER.webp;Ambiente;;PERLA;;PLOTER;;Baja;2500x2000;2000x1600;3.49;0.32;91.0;ARENISCA/ECO 2.0/AMBIENTES/BAJA/AMB_ARENISCA PERLA 2.0 PLOTER.jpg;_AUXILIARES\ARENISCA\ECO20\ECOCERAMIC_AMB_ARENISCA-ECO20_PERLA_PLOTER.webp;;ARENISCA/ECO 2.0/AMBIENTES/ALTA/AMB_ARENISCA PERLA 2.0 PLOTER.tif;AUXILIAR;
ECOCERAMIC;ARENISCA;ECO20;Arenisca Arena 60x120 - 2.0.jpg;ECOCERAMIC_PZ_ARENISCA-ECO20_ARENA_60X120.webp;Pieza;;ARENA;60X120;;;Baja;3713x1871;2000x1008;7.68;0.18;97.7;ARENISCA/ECO 2.0/PIEZAS/BAJA/Arenisca Arena 60x120 - 2.0.jpg;ECOCERAMIC\ARENISCA\ECO20\ECOCERAMIC_PZ_ARENISCA-ECO20_ARENA_60X120.webp;;ARENISCA/ECO 2.0/PIEZAS/ALTA/Arenisca Arena 60x120 - 2.0.tif;WooCommerce;
ECOCERAMIC;ARENISCA;ECO20;Arenisca Arena 60x60 - 2.0.tif;ECOCERAMIC_PZ_ARENISCA-ECO20_ARENA_60X60.webp;Pieza;;ARENA;60X60;;;Alta;4134x4134;2000x2000;24.0;0.15;99.4;ARENISCA/ECO 2.0/PIEZAS/ALTA/Arenisca Arena 60x60 - 2.0.tif;ECOCERAMIC\ARENISCA\ECO20\ECOCERAMIC_PZ_ARENISCA-ECO20_ARENA_60X60.webp;;ARENISCA/ECO 2.0/PIEZAS/BAJA/Arenisca Arena 60x60 - 2.0.jpg;WooCommerce;
ECOCERAMIC;ARENISCA;ECO20;Arenisca Gris 60x120 - 2.0.jpg;ECOCERAMIC_PZ_ARENISCA-ECO20_GRIS_60X120.webp;Pieza;;GRIS;60X120;;;Baja;3713x1871;2000x1008;6.34;0.26;95.9;ARENISCA/ECO 2.0/PIEZAS/BAJA/Arenisca Gris 60x120 - 2.0.jpg;ECOCERAMIC\ARENISCA\ECO20\ECOCERAMIC_PZ_ARENISCA-ECO20_GRIS_60X120.webp;;ARENISCA/ECO 2.0/PIEZAS/ALTA/Arenisca Gris 60x120 - 2.0.tif;WooCommerce;
ECOCERAMIC;ARENISCA;ECO20;Arenisca Gris 60x60 - 2.0.tif;ECOCERAMIC_PZ_ARENISCA-ECO20_GRIS_60X60.webp;Pieza;;GRIS;60X60;;;Alta;4134x4134;2000x2000;25.92;0.33;98.7;ARENISCA/ECO 2.0/PIEZAS/ALTA/Arenisca Gris 60x60 - 2.0.tif;ECOCERAMIC\ARENISCA\ECO20\ECOCERAMIC_PZ_ARENISCA-ECO20_GRIS_60X60.webp;;ARENISCA/ECO 2.0/PIEZAS/BAJA/Arenisca Gris 60x60 - 2.0.jpg;WooCommerce;
ECOCERAMIC;ARENISCA;ECO20;Arenisca Marengo 60x120 - 2.0.jpg;ECOCERAMIC_PZ_ARENISCA-ECO20_MARENGO_60X120.webp;Pieza;;MARENGO;60X120;;;Baja;3713x1871;1600x806;6.53;0.35;94.7;ARENISCA/ECO 2.0/PIEZAS/BAJA/Arenisca Marengo 60x120 - 2.0.jpg;ECOCERAMIC\ARENISCA\ECO20\ECOCERAMIC_PZ_ARENISCA-ECO20_MARENGO_60X120.webp;;ARENISCA/ECO 2.0/PIEZAS/ALTA/Arenisca Marengo 60x120 - 2.0.tif;WooCommerce;origen < 2000px (se conserva 1600x806)
ECOCERAMIC;ARENISCA;ECO20;Arenisca Marengo 60x60 - 2.0.tif;ECOCERAMIC_PZ_ARENISCA-ECO20_MARENGO_60X60.webp;Pieza;;MARENGO;60X60;;;Alta;4134x4134;1600x1600;26.4;0.36;98.6;ARENISCA/ECO 2.0/PIEZAS/ALTA/Arenisca Marengo 60x60 - 2.0.tif;ECOCERAMIC\ARENISCA\ECO20\ECOCERAMIC_PZ_ARENISCA-ECO20_MARENGO_60X60.webp;;ARENISCA/ECO 2.0/PIEZAS/BAJA/Arenisca Marengo 60x60 - 2.0.jpg;WooCommerce;origen < 2000px (se conserva 1600x1600)
ECOCERAMIC;ARENISCA;ECO20;Arenisca Perla 60x120 - 2.0.jpg;ECOCERAMIC_PZ_ARENISCA-ECO20_PERLA_60X120.webp;Pieza;;PERLA;60X120;;;Baja;3713x1871;1800x907;7.99;0.36;95.5;ARENISCA/ECO 2.0/PIEZAS/BAJA/Arenisca Perla 60x120 - 2.0.jpg;ECOCERAMIC\ARENISCA\ECO20\ECOCERAMIC_PZ_ARENISCA-ECO20_PERLA_60X120.webp;;ARENISCA/ECO 2.0/PIEZAS/ALTA/Arenisca Perla 60x120 - 2.0.tif;WooCommerce;origen < 2000px (se conserva 1800x907)
ECOCERAMIC;ARENISCA;ECO20;Arenisca Perla 60x60 - 2.0.tif;ECOCERAMIC_PZ_ARENISCA-ECO20_PERLA_60X60.webp;Pieza;;PERLA;60X60;;;Alta;4134x4134;1600x1600;28.79;0.37;98.7;ARENISCA/ECO 2.0/PIEZAS/ALTA/Arenisca Perla 60x60 - 2.0.tif;ECOCERAMIC\ARENISCA\ECO20\ECOCERAMIC_PZ_ARENISCA-ECO20_PERLA_60X60.webp;;"ARENISCA/ECO 2.0/PIEZAS/BAJA/Arenisca  Perla 60x60 - 2.0.jpg ; ARENISCA/ECO 2.0/PIEZAS/BAJA/Arenisca Perla 60x60 - 2.0.jpg";WooCommerce;origen < 2000px (se conserva 1600x1600)
ECOCERAMIC;ARENISCA;ECOWHITE;AMB_ARENISCA ARENA BAÑO.jpg;ECOCERAMIC_AMB_ARENISCA-ECOWHITE_ARENA_BATHROOM.webp;Ambiente;;ARENA;;BATHROOM;;Baja;5000x4000;2000x1600;13.34;0.19;98.6;ARENISCA/ECO WHITE/AMBIENTES/BAJA/AMB_ARENISCA ARENA BAÑO.jpg;ECOCERAMIC\ARENISCA\ECOWHITE\ECOCERAMIC_AMB_ARENISCA-ECOWHITE_ARENA_BATHROOM.webp;;ARENISCA/ECO WHITE/AMBIENTES/ALTA/AMB_ARENISCA ARENA BAÑO.tif;WooCommerce;
ECOCERAMIC;ARENISCA;ECOWHITE;AMB_ARENISCA ARENA BAÑO DETALLE.jpg;ECOCERAMIC_AMB_ARENISCA-ECOWHITE_ARENA_DETALLE_BATHROOM.webp;Ambiente;;ARENA;;BATHROOM / DETALLE;;Baja;5000x4000;2000x1600;14.21;0.24;98.3;ARENISCA/ECO WHITE/AMBIENTES/BAJA/AMB_ARENISCA ARENA BAÑO DETALLE.jpg;ECOCERAMIC\ARENISCA\ECOWHITE\ECOCERAMIC_AMB_ARENISCA-ECOWHITE_ARENA_DETALLE_BATHROOM.webp;;ARENISCA/ECO WHITE/AMBIENTES/ALTA/AMB_ARENISCA ARENA BAÑO DETALLE.tif;WooCommerce;
ECOCERAMIC;ARENISCA;ECOWHITE;AMB_ARENISCA ARENA DC. 30X90.jpg;ECOCERAMIC_AMB_ARENISCA-ECOWHITE_DC_ARENA_30X90.webp;Ambiente;DC;ARENA;30X90;;;Baja;5000x4000;2000x1600;13.22;0.2;98.4;ARENISCA/ECO WHITE/AMBIENTES/BAJA/AMB_ARENISCA ARENA DC. 30X90.jpg;ECOCERAMIC\ARENISCA\ECOWHITE\ECOCERAMIC_AMB_ARENISCA-ECOWHITE_DC_ARENA_30X90.webp;;ARENISCA/ECO WHITE/AMBIENTES/ALTA/AMB_ARENISCA ARENA DC. 30X90.tif;WooCommerce;
ECOCERAMIC;ARENISCA;ECOWHITE;AMB_ARENISCA MARENGO - DC.BLANCO -30X90.jpg;ECOCERAMIC_AMB_ARENISCA-ECOWHITE_DC_MARENGO_BLANCO_30X90.webp;Ambiente;DC;MARENGO / BLANCO;30X90;;;Baja;5000x4000;2000x1600;13.01;0.25;98.0;ARENISCA/ECO WHITE/AMBIENTES/BAJA/AMB_ARENISCA MARENGO - DC.BLANCO -30X90.jpg;ECOCERAMIC\ARENISCA\ECOWHITE\ECOCERAMIC_AMB_ARENISCA-ECOWHITE_DC_MARENGO_BLANCO_30X90.webp;;ARENISCA/ECO WHITE/AMBIENTES/ALTA/AMB_ARENISCA MARENGO - DC.BLANCO -30X90.tif;WooCommerce;
ECOCERAMIC;ARENISCA;ECOWHITE;AMB_ARENISCA PERLA DC. 30X90.jpg;ECOCERAMIC_AMB_ARENISCA-ECOWHITE_DC_PERLA_30X90.webp;Ambiente;DC;PERLA;30X90;;;Baja;5000x4000;2000x1600;13.96;0.22;98.4;ARENISCA/ECO WHITE/AMBIENTES/BAJA/AMB_ARENISCA PERLA DC. 30X90.jpg;ECOCERAMIC\ARENISCA\ECOWHITE\ECOCERAMIC_AMB_ARENISCA-ECOWHITE_DC_PERLA_30X90.webp;;ARENISCA/ECO WHITE/AMBIENTES/ALTA/AMB_ARENISCA PERLA DC. 30X90.tif;WooCommerce;
ECOCERAMIC;ARENISCA;ECOWHITE;AMB_ARENISCA GRIS BAÑO DETALLE.jpg;ECOCERAMIC_AMB_ARENISCA-ECOWHITE_GRIS_DETALLE_BATHROOM.webp;Ambiente;;GRIS;;BATHROOM / DETALLE;;Baja;5000x4000;2000x1600;12.6;0.36;97.1;ARENISCA/ECO WHITE/AMBIENTES/BAJA/AMB_ARENISCA GRIS BAÑO DETALLE.jpg;ECOCERAMIC\ARENISCA\ECOWHITE\ECOCERAMIC_AMB_ARENISCA-ECOWHITE_GRIS_DETALLE_BATHROOM.webp;;ARENISCA/ECO WHITE/AMBIENTES/ALTA/AMB_ARENISCA GRIS BAÑO DETALLE.tif;WooCommerce;
ECOCERAMIC;ARENISCA;ECOWHITE;AMB_ARENISCA MARENGO-30X90.jpg;ECOCERAMIC_AMB_ARENISCA-ECOWHITE_MARENGO_30X90.webp;Ambiente;;MARENGO;30X90;;;Baja;5000x4000;2000x1600;13.49;0.31;97.7;ARENISCA/ECO WHITE/AMBIENTES/BAJA/AMB_ARENISCA MARENGO-30X90.jpg;ECOCERAMIC\ARENISCA\ECOWHITE\ECOCERAMIC_AMB_ARENISCA-ECOWHITE_MARENGO_30X90.webp;;ARENISCA/ECO WHITE/AMBIENTES/ALTA/AMB_ARENISCA MARENGO-30X90.tif;WooCommerce;
ECOCERAMIC;ARENISCA;ECOWHITE;AMB_ARENISCA MARENGO BAÑO.jpg;ECOCERAMIC_AMB_ARENISCA-ECOWHITE_MARENGO_BATHROOM.webp;Ambiente;;MARENGO;;BATHROOM;;Baja;5000x4000;2000x1600;12.87;0.31;97.6;ARENISCA/ECO WHITE/AMBIENTES/BAJA/AMB_ARENISCA MARENGO BAÑO.jpg;ECOCERAMIC\ARENISCA\ECOWHITE\ECOCERAMIC_AMB_ARENISCA-ECOWHITE_MARENGO_BATHROOM.webp;;ARENISCA/ECO WHITE/AMBIENTES/ALTA/AMB_ARENISCA MARENGO BAÑO.tif;WooCommerce;
ECOCERAMIC;ARENISCA;ECOWHITE;AMB_ARENISCA MARENGO BAÑO DETALLE.jpg;ECOCERAMIC_AMB_ARENISCA-ECOWHITE_MARENGO_DETALLE_BATHROOM.webp;Ambiente;;MARENGO;;BATHROOM / DETALLE;;Baja;5000x4000;2000x1600;13.29;0.36;97.3;ARENISCA/ECO WHITE/AMBIENTES/BAJA/AMB_ARENISCA MARENGO BAÑO DETALLE.jpg;ECOCERAMIC\ARENISCA\ECOWHITE\ECOCERAMIC_AMB_ARENISCA-ECOWHITE_MARENGO_DETALLE_BATHROOM.webp;;ARENISCA/ECO WHITE/AMBIENTES/ALTA/AMB_ARENISCA MARENGO BAÑO DETALLE.tif;WooCommerce;
ECOCERAMIC;ARENISCA;ECOWHITE;AMB_ARENISCA PERLA BAÑO.jpg;ECOCERAMIC_AMB_ARENISCA-ECOWHITE_PERLA_BATHROOM.webp;Ambiente;;PERLA;;BATHROOM;;Baja;5000x4000;2000x1600;14.0;0.23;98.4;ARENISCA/ECO WHITE/AMBIENTES/BAJA/AMB_ARENISCA PERLA BAÑO.jpg;ECOCERAMIC\ARENISCA\ECOWHITE\ECOCERAMIC_AMB_ARENISCA-ECOWHITE_PERLA_BATHROOM.webp;;ARENISCA/ECO WHITE/AMBIENTES/ALTA/AMB_ARENISCA PERLA BAÑO.tif;WooCommerce;
ECOCERAMIC;ARENISCA;ECOWHITE;AMB_ARENISCA PERLA BAÑO DETALLE.jpg;ECOCERAMIC_AMB_ARENISCA-ECOWHITE_PERLA_DETALLE_BATHROOM.webp;Ambiente;;PERLA;;BATHROOM / DETALLE;;Baja;5000x4000;2000x1600;14.7;0.28;98.1;ARENISCA/ECO WHITE/AMBIENTES/BAJA/AMB_ARENISCA PERLA BAÑO DETALLE.jpg;ECOCERAMIC\ARENISCA\ECOWHITE\ECOCERAMIC_AMB_ARENISCA-ECOWHITE_PERLA_DETALLE_BATHROOM.webp;;ARENISCA/ECO WHITE/AMBIENTES/ALTA/AMB_ARENISCA PERLA BAÑO DETALLE.tif;WooCommerce;
ECOCERAMIC;ARENISCA;ECOWHITE;AMB_RLV. ARENISCA ARENA 1.jpg;ECOCERAMIC_AMB_ARENISCA-ECOWHITE_RLV_ARENA_01.webp;Ambiente;RLV;ARENA;;;;Baja;5000x3750;2000x1500;15.12;0.3;98.0;ARENISCA/ECO WHITE/AMBIENTES/BAJA/AMB_RLV. ARENISCA ARENA 1.jpg;ECOCERAMIC\ARENISCA\ECOWHITE\ECOCERAMIC_AMB_ARENISCA-ECOWHITE_RLV_ARENA_01.webp;;ARENISCA/ECO WHITE/AMBIENTES/ALTA/AMB_RLV. ARENISCA ARENA 1.tif;WooCommerce;
ECOCERAMIC;ARENISCA;ECOWHITE;AMB_ARENISCA RELIEVE ARENA DETALLE.jpg;ECOCERAMIC_AMB_ARENISCA-ECOWHITE_RLV_ARENA_DETALLE.webp;Ambiente;RLV;ARENA;;DETALLE;;Baja;4800x5000;1920x2000;17.62;0.33;98.1;ARENISCA/ECO WHITE/AMBIENTES/BAJA/AMB_ARENISCA RELIEVE ARENA DETALLE.jpg;ECOCERAMIC\ARENISCA\ECOWHITE\ECOCERAMIC_AMB_ARENISCA-ECOWHITE_RLV_ARENA_DETALLE.webp;;ARENISCA/ECO WHITE/AMBIENTES/ALTA/AMB_ARENISCA RELIEVE ARENA DETALLE.tif;WooCommerce;
ECOCERAMIC;ARENISCA;ECOWHITE;AMB_ARENISCA RELIEVE BLANCO DETALLE.jpg;ECOCERAMIC_AMB_ARENISCA-ECOWHITE_RLV_BLANCO_DETALLE.webp;Ambiente;RLV;BLANCO;;DETALLE;;Baja;4800x5000;1920x2000;14.93;0.27;98.2;ARENISCA/ECO WHITE/AMBIENTES/BAJA/AMB_ARENISCA RELIEVE BLANCO DETALLE.jpg;ECOCERAMIC\ARENISCA\ECOWHITE\ECOCERAMIC_AMB_ARENISCA-ECOWHITE_RLV_BLANCO_DETALLE.webp;;ARENISCA/ECO WHITE/AMBIENTES/ALTA/AMB_ARENISCA RELIEVE BLANCO DETALLE.tif;WooCommerce;
ECOCERAMIC;ARENISCA;ECOWHITE;AMB_RLV. ARENISCA MARENGO 1.jpg;ECOCERAMIC_AMB_ARENISCA-ECOWHITE_RLV_MARENGO_01.webp;Ambiente;RLV;MARENGO;;;;Baja;5000x3750;2000x1500;13.65;0.38;97.2;ARENISCA/ECO WHITE/AMBIENTES/BAJA/AMB_RLV. ARENISCA MARENGO 1.jpg;ECOCERAMIC\ARENISCA\ECOWHITE\ECOCERAMIC_AMB_ARENISCA-ECOWHITE_RLV_MARENGO_01.webp;;ARENISCA/ECO WHITE/AMBIENTES/ALTA/AMB_RLV. ARENISCA MARENGO 1.tif;WooCommerce;
ECOCERAMIC;ARENISCA;ECOWHITE;AMB_ARENISCA RELIEVE MARENGO DETALLE.jpg;ECOCERAMIC_AMB_ARENISCA-ECOWHITE_RLV_MARENGO_DETALLE.webp;Ambiente;RLV;MARENGO;;DETALLE;;Baja;4800x5000;1728x1800;16.61;0.35;97.9;ARENISCA/ECO WHITE/AMBIENTES/BAJA/AMB_ARENISCA RELIEVE MARENGO DETALLE.jpg;ECOCERAMIC\ARENISCA\ECOWHITE\ECOCERAMIC_AMB_ARENISCA-ECOWHITE_RLV_MARENGO_DETALLE.webp;;ARENISCA/ECO WHITE/AMBIENTES/ALTA/AMB_ARENISCA RELIEVE MARENGO DETALLE.tif;WooCommerce;origen < 2000px (se conserva 1728x1800)
ECOCERAMIC;ARENISCA;ECOWHITE;AMB_RLV. ARENISCA PERLA 1.jpg;ECOCERAMIC_AMB_ARENISCA-ECOWHITE_RLV_PERLA_01.webp;Ambiente;RLV;PERLA;;;;Baja;5000x3750;2000x1500;15.4;0.33;97.9;ARENISCA/ECO WHITE/AMBIENTES/BAJA/AMB_RLV. ARENISCA PERLA 1.jpg;ECOCERAMIC\ARENISCA\ECOWHITE\ECOCERAMIC_AMB_ARENISCA-ECOWHITE_RLV_PERLA_01.webp;;ARENISCA/ECO WHITE/AMBIENTES/ALTA/AMB_RLV. ARENISCA PERLA 1.tif;WooCommerce;
ECOCERAMIC;ARENISCA;ECOWHITE;AMB_ARENISCA RELIEVE PERLA DETALLE.jpg;ECOCERAMIC_AMB_ARENISCA-ECOWHITE_RLV_PERLA_DETALLE.webp;Ambiente;RLV;PERLA;;DETALLE;;Baja;4800x5000;1920x2000;17.74;0.34;98.1;ARENISCA/ECO WHITE/AMBIENTES/BAJA/AMB_ARENISCA RELIEVE PERLA DETALLE.jpg;ECOCERAMIC\ARENISCA\ECOWHITE\ECOCERAMIC_AMB_ARENISCA-ECOWHITE_RLV_PERLA_DETALLE.webp;;ARENISCA/ECO WHITE/AMBIENTES/ALTA/AMB_ARENISCA RELIEVE PERLA DETALLE.tif;WooCommerce;
ECOCERAMIC;ARENISCA;ECOWHITE;Arenisca Arena.jpg;ECOCERAMIC_PZ_ARENISCA-ECOWHITE_ARENA.webp;Pieza;;ARENA;;;;Baja;3673x1214;2000x661;3.22;0.03;99.0;ARENISCA/ECO WHITE/PIEZAS/BAJA/Arenisca Arena.jpg;ECOCERAMIC\ARENISCA\ECOWHITE\ECOCERAMIC_PZ_ARENISCA-ECOWHITE_ARENA.webp;;;WooCommerce;
ECOCERAMIC;ARENISCA;ECOWHITE;Arenisca Arena 30x90.tif;ECOCERAMIC_PZ_ARENISCA-ECOWHITE_ARENA_30X90.webp;Pieza;;ARENA;30X90;;;Alta;5433x1890;2000x696;17.07;0.03;99.8;ARENISCA/ECO WHITE/PIEZAS/ALTA/Arenisca Arena 30x90.tif;ECOCERAMIC\ARENISCA\ECOWHITE\ECOCERAMIC_PZ_ARENISCA-ECOWHITE_ARENA_30X90.webp;;;WooCommerce;
ECOCERAMIC;ARENISCA;ECOWHITE;Arenisca Blanco.jpg;ECOCERAMIC_PZ_ARENISCA-ECOWHITE_BLANCO.webp;Pieza;;BLANCO;;;;Baja;3673x1214;2000x661;2.48;0.01;99.4;ARENISCA/ECO WHITE/PIEZAS/BAJA/Arenisca Blanco.jpg;ECOCERAMIC\ARENISCA\ECOWHITE\ECOCERAMIC_PZ_ARENISCA-ECOWHITE_BLANCO.webp;;;WooCommerce;
ECOCERAMIC;ARENISCA;ECOWHITE;Arenisca Blanco 30x90.tif;ECOCERAMIC_PZ_ARENISCA-ECOWHITE_BLANCO_30X90.webp;Pieza;;BLANCO;30X90;;;Alta;5433x1890;2000x696;11.96;0.01;99.9;ARENISCA/ECO WHITE/PIEZAS/ALTA/Arenisca Blanco 30x90.tif;ECOCERAMIC\ARENISCA\ECOWHITE\ECOCERAMIC_PZ_ARENISCA-ECOWHITE_BLANCO_30X90.webp;;;WooCommerce;
ECOCERAMIC;ARENISCA;ECOWHITE;DC Arenisca Arena.jpg;ECOCERAMIC_PZ_ARENISCA-ECOWHITE_DC_ARENA.webp;Pieza;DC;ARENA;;;;Baja;3673x1214;2000x661;3.12;0.03;99.0;ARENISCA/ECO WHITE/PIEZAS/BAJA/DC Arenisca Arena.jpg;ECOCERAMIC\ARENISCA\ECOWHITE\ECOCERAMIC_PZ_ARENISCA-ECOWHITE_DC_ARENA.webp;;;WooCommerce;
ECOCERAMIC;ARENISCA;ECOWHITE;DC Arenisca Arena 30x90.tif;ECOCERAMIC_PZ_ARENISCA-ECOWHITE_DC_ARENA_30X90.webp;Pieza;DC;ARENA;30X90;;;Alta;7347x2428;2000x661;26.11;0.03;99.9;ARENISCA/ECO WHITE/PIEZAS/ALTA/DC Arenisca Arena 30x90.tif;ECOCERAMIC\ARENISCA\ECOWHITE\ECOCERAMIC_PZ_ARENISCA-ECOWHITE_DC_ARENA_30X90.webp;;;WooCommerce;
ECOCERAMIC;ARENISCA;ECOWHITE;DC Arenisca Blanco.jpg;ECOCERAMIC_PZ_ARENISCA-ECOWHITE_DC_BLANCO.webp;Pieza;DC;BLANCO;;;;Baja;3673x1214;2000x661;2.98;0.02;99.3;ARENISCA/ECO WHITE/PIEZAS/BAJA/DC Arenisca Blanco.jpg;ECOCERAMIC\ARENISCA\ECOWHITE\ECOCERAMIC_PZ_ARENISCA-ECOWHITE_DC_BLANCO.webp;;;WooCommerce;
ECOCERAMIC;ARENISCA;ECOWHITE;DC Arenisca Blanco 30x90.tif;ECOCERAMIC_PZ_ARENISCA-ECOWHITE_DC_BLANCO_30X90.webp;Pieza;DC;BLANCO;30X90;;;Alta;7347x2428;2000x661;26.38;0.02;99.9;ARENISCA/ECO WHITE/PIEZAS/ALTA/DC Arenisca Blanco 30x90.tif;ECOCERAMIC\ARENISCA\ECOWHITE\ECOCERAMIC_PZ_ARENISCA-ECOWHITE_DC_BLANCO_30X90.webp;;;WooCommerce;
ECOCERAMIC;ARENISCA;ECOWHITE;DC Arenisca Marengo.jpg;ECOCERAMIC_PZ_ARENISCA-ECOWHITE_DC_MARENGO.webp;Pieza;DC;MARENGO;;;;Baja;3673x1214;2000x661;3.99;0.21;94.7;ARENISCA/ECO WHITE/PIEZAS/BAJA/DC Arenisca Marengo.jpg;ECOCERAMIC\ARENISCA\ECOWHITE\ECOCERAMIC_PZ_ARENISCA-ECOWHITE_DC_MARENGO.webp;;;WooCommerce;
ECOCERAMIC;ARENISCA;ECOWHITE;DC Arenisca Marengo 30x90.tif;ECOCERAMIC_PZ_ARENISCA-ECOWHITE_DC_MARENGO_30X90.webp;Pieza;DC;MARENGO;30X90;;;Alta;7347x2428;2000x661;33.24;0.17;99.5;ARENISCA/ECO WHITE/PIEZAS/ALTA/DC Arenisca Marengo 30x90.tif;ECOCERAMIC\ARENISCA\ECOWHITE\ECOCERAMIC_PZ_ARENISCA-ECOWHITE_DC_MARENGO_30X90.webp;;;WooCommerce;
ECOCERAMIC;ARENISCA;ECOWHITE;DC Arenisca Perla.jpg;ECOCERAMIC_PZ_ARENISCA-ECOWHITE_DC_PERLA.webp;Pieza;DC;PERLA;;;;Baja;3673x1214;2000x661;3.71;0.11;97.1;ARENISCA/ECO WHITE/PIEZAS/BAJA/DC Arenisca Perla.jpg;ECOCERAMIC\ARENISCA\ECOWHITE\ECOCERAMIC_PZ_ARENISCA-ECOWHITE_DC_PERLA.webp;;;WooCommerce;
ECOCERAMIC;ARENISCA;ECOWHITE;DC Arenisca Perla 30x90.tif;ECOCERAMIC_PZ_ARENISCA-ECOWHITE_DC_PERLA_30X90.webp;Pieza;DC;PERLA;30X90;;;Alta;7347x2428;2000x661;29.56;0.08;99.7;ARENISCA/ECO WHITE/PIEZAS/ALTA/DC Arenisca Perla 30x90.tif;ECOCERAMIC\ARENISCA\ECOWHITE\ECOCERAMIC_PZ_ARENISCA-ECOWHITE_DC_PERLA_30X90.webp;;;WooCommerce;
ECOCERAMIC;ARENISCA;ECOWHITE;Arenisca Marengo.jpg;ECOCERAMIC_PZ_ARENISCA-ECOWHITE_MARENGO.webp;Pieza;;MARENGO;;;;Baja;3673x1214;2000x661;4.06;0.22;94.6;ARENISCA/ECO WHITE/PIEZAS/BAJA/Arenisca Marengo.jpg;ECOCERAMIC\ARENISCA\ECOWHITE\ECOCERAMIC_PZ_ARENISCA-ECOWHITE_MARENGO.webp;;;WooCommerce;
ECOCERAMIC;ARENISCA;ECOWHITE;Arenisca Marengo 30x90.tif;ECOCERAMIC_PZ_ARENISCA-ECOWHITE_MARENGO_30X90.webp;Pieza;;MARENGO;30X90;;;Alta;5433x1890;2000x696;22.47;0.19;99.2;ARENISCA/ECO WHITE/PIEZAS/ALTA/Arenisca Marengo 30x90.tif;ECOCERAMIC\ARENISCA\ECOWHITE\ECOCERAMIC_PZ_ARENISCA-ECOWHITE_MARENGO_30X90.webp;;;WooCommerce;
ECOCERAMIC;ARENISCA;ECOWHITE;Arenisca Perla.jpg;ECOCERAMIC_PZ_ARENISCA-ECOWHITE_PERLA.webp;Pieza;;PERLA;;;;Baja;3673x1214;2000x661;3.68;0.09;97.4;ARENISCA/ECO WHITE/PIEZAS/BAJA/Arenisca Perla.jpg;ECOCERAMIC\ARENISCA\ECOWHITE\ECOCERAMIC_PZ_ARENISCA-ECOWHITE_PERLA.webp;;;WooCommerce;
ECOCERAMIC;ARENISCA;ECOWHITE;Arenisca Perla 30x90.tif;ECOCERAMIC_PZ_ARENISCA-ECOWHITE_PERLA_30X90.webp;Pieza;;PERLA;30X90;;;Alta;5433x1890;2000x696;17.42;0.06;99.6;ARENISCA/ECO WHITE/PIEZAS/ALTA/Arenisca Perla 30x90.tif;ECOCERAMIC\ARENISCA\ECOWHITE\ECOCERAMIC_PZ_ARENISCA-ECOWHITE_PERLA_30X90.webp;;;WooCommerce;
ECOCERAMIC;ARENISCA;ECOWHITE;RLV Arenisca Arena.jpg;ECOCERAMIC_PZ_ARENISCA-ECOWHITE_RLV_ARENA.webp;Pieza;RLV;ARENA;;;;Baja;3673x1214;2000x661;3.24;0.06;98.3;ARENISCA/ECO WHITE/PIEZAS/BAJA/RLV Arenisca Arena.jpg;ECOCERAMIC\ARENISCA\ECOWHITE\ECOCERAMIC_PZ_ARENISCA-ECOWHITE_RLV_ARENA.webp;;;WooCommerce;
ECOCERAMIC;ARENISCA;ECOWHITE;RLV Arenisca Arena_1.jpg;ECOCERAMIC_PZ_ARENISCA-ECOWHITE_RLV_ARENA_01.webp;Pieza;RLV;ARENA;;;;Baja;3673x1214;2000x661;3.14;0.05;98.3;ARENISCA/ECO WHITE/PIEZAS/BAJA/RLV Arenisca Arena_1.jpg;ECOCERAMIC\ARENISCA\ECOWHITE\ECOCERAMIC_PZ_ARENISCA-ECOWHITE_RLV_ARENA_01.webp;;;WooCommerce;
ECOCERAMIC;ARENISCA;ECOWHITE;RLV Arenisca Arena_2.jpg;ECOCERAMIC_PZ_ARENISCA-ECOWHITE_RLV_ARENA_02.webp;Pieza;RLV;ARENA;;;;Baja;3673x1214;2000x661;3.23;0.06;98.3;ARENISCA/ECO WHITE/PIEZAS/BAJA/RLV Arenisca Arena_2.jpg;ECOCERAMIC\ARENISCA\ECOWHITE\ECOCERAMIC_PZ_ARENISCA-ECOWHITE_RLV_ARENA_02.webp;;;WooCommerce;
ECOCERAMIC;ARENISCA;ECOWHITE;RLV Arenisca Arena_3.jpg;ECOCERAMIC_PZ_ARENISCA-ECOWHITE_RLV_ARENA_03.webp;Pieza;RLV;ARENA;;;;Baja;3673x1214;2000x661;3.24;0.06;98.3;ARENISCA/ECO WHITE/PIEZAS/BAJA/RLV Arenisca Arena_3.jpg;ECOCERAMIC\ARENISCA\ECOWHITE\ECOCERAMIC_PZ_ARENISCA-ECOWHITE_RLV_ARENA_03.webp;;;WooCommerce;
ECOCERAMIC;ARENISCA;ECOWHITE;RLV Arenisca Arena_4.jpg;ECOCERAMIC_PZ_ARENISCA-ECOWHITE_RLV_ARENA_04.webp;Pieza;RLV;ARENA;;;;Baja;3673x1214;2000x661;3.16;0.05;98.5;ARENISCA/ECO WHITE/PIEZAS/BAJA/RLV Arenisca Arena_4.jpg;ECOCERAMIC\ARENISCA\ECOWHITE\ECOCERAMIC_PZ_ARENISCA-ECOWHITE_RLV_ARENA_04.webp;;;WooCommerce;
ECOCERAMIC;ARENISCA;ECOWHITE;RLV Arenisca Arena_5.jpg;ECOCERAMIC_PZ_ARENISCA-ECOWHITE_RLV_ARENA_05.webp;Pieza;RLV;ARENA;;;;Baja;3673x1214;2000x661;3.19;0.05;98.5;ARENISCA/ECO WHITE/PIEZAS/BAJA/RLV Arenisca Arena_5.jpg;ECOCERAMIC\ARENISCA\ECOWHITE\ECOCERAMIC_PZ_ARENISCA-ECOWHITE_RLV_ARENA_05.webp;;;WooCommerce;
ECOCERAMIC;ARENISCA;ECOWHITE;RLV Arenisca Arena 30x90.tif;ECOCERAMIC_PZ_ARENISCA-ECOWHITE_RLV_ARENA_30X90.webp;Pieza;RLV;ARENA;30X90;;;Alta;7347x2428;2000x661;26.67;0.05;99.8;ARENISCA/ECO WHITE/PIEZAS/ALTA/RLV Arenisca Arena 30x90.tif;ECOCERAMIC\ARENISCA\ECOWHITE\ECOCERAMIC_PZ_ARENISCA-ECOWHITE_RLV_ARENA_30X90.webp;;;WooCommerce;
ECOCERAMIC;ARENISCA;ECOWHITE;RLV Arenisca Blanco.jpg;ECOCERAMIC_PZ_ARENISCA-ECOWHITE_RLV_BLANCO.webp;Pieza;RLV;BLANCO;;;;Baja;3673x1214;2000x661;2.86;0.04;98.7;ARENISCA/ECO WHITE/PIEZAS/BAJA/RLV Arenisca Blanco.jpg;ECOCERAMIC\ARENISCA\ECOWHITE\ECOCERAMIC_PZ_ARENISCA-ECOWHITE_RLV_BLANCO.webp;;;WooCommerce;
ECOCERAMIC;ARENISCA;ECOWHITE;RLV Arenisca Blanco 30x90.tif;ECOCERAMIC_PZ_ARENISCA-ECOWHITE_RLV_BLANCO_30X90.webp;Pieza;RLV;BLANCO;30X90;;;Alta;7347x2428;2000x661;25.33;0.04;99.9;ARENISCA/ECO WHITE/PIEZAS/ALTA/RLV Arenisca Blanco 30x90.tif;ECOCERAMIC\ARENISCA\ECOWHITE\ECOCERAMIC_PZ_ARENISCA-ECOWHITE_RLV_BLANCO_30X90.webp;;;WooCommerce;
ECOCERAMIC;ARENISCA;ECOWHITE;RLV Arenisca Marengo.jpg;ECOCERAMIC_PZ_ARENISCA-ECOWHITE_RLV_MARENGO.webp;Pieza;RLV;MARENGO;;;;Baja;3673x1214;2000x661;3.97;0.2;95.0;ARENISCA/ECO WHITE/PIEZAS/BAJA/RLV Arenisca Marengo.jpg;ECOCERAMIC\ARENISCA\ECOWHITE\ECOCERAMIC_PZ_ARENISCA-ECOWHITE_RLV_MARENGO.webp;;;WooCommerce;
ECOCERAMIC;ARENISCA;ECOWHITE;RLV Arenisca Marengo 30x90.tif;ECOCERAMIC_PZ_ARENISCA-ECOWHITE_RLV_MARENGO_30X90.webp;Pieza;RLV;MARENGO;30X90;;;Alta;7347x2428;2000x661;33.2;0.16;99.5;ARENISCA/ECO WHITE/PIEZAS/ALTA/RLV Arenisca Marengo 30x90.tif;ECOCERAMIC\ARENISCA\ECOWHITE\ECOCERAMIC_PZ_ARENISCA-ECOWHITE_RLV_MARENGO_30X90.webp;;;WooCommerce;
ECOCERAMIC;ARENISCA;ECOWHITE;RLV Arenisca Perla.jpg;ECOCERAMIC_PZ_ARENISCA-ECOWHITE_RLV_PERLA.webp;Pieza;RLV;PERLA;;;;Baja;3673x1214;2000x661;3.57;0.09;97.4;ARENISCA/ECO WHITE/PIEZAS/BAJA/RLV Arenisca Perla.jpg;ECOCERAMIC\ARENISCA\ECOWHITE\ECOCERAMIC_PZ_ARENISCA-ECOWHITE_RLV_PERLA.webp;;;WooCommerce;
ECOCERAMIC;ARENISCA;ECOWHITE;RLV Arenisca Perla 30x90.tif;ECOCERAMIC_PZ_ARENISCA-ECOWHITE_RLV_PERLA_30X90.webp;Pieza;RLV;PERLA;30X90;;;Alta;7347x2428;2000x661;29.06;0.08;99.7;ARENISCA/ECO WHITE/PIEZAS/ALTA/RLV Arenisca Perla 30x90.tif;ECOCERAMIC\ARENISCA\ECOWHITE\ECOCERAMIC_PZ_ARENISCA-ECOWHITE_RLV_PERLA_30X90.webp;;;WooCommerce;
ECOCERAMIC;ARENISCA;POR;AMB_ARENISCA ARENA.jpg;ECOCERAMIC_AMB_ARENISCA-POR_ARENA.webp;Ambiente;;ARENA;;;;Baja;5000x3750;2000x1500;13.35;0.22;98.4;ARENISCA/PORCELAIN/AMBIENTES/AMB_ARENISCA ARENA.jpg;ECOCERAMIC\ARENISCA\POR\ECOCERAMIC_AMB_ARENISCA-POR_ARENA.webp;;ARENISCA/PORCELAIN/AMBIENTES/AMB_ARENISCA ARENA.tif;WooCommerce;
ECOCERAMIC;ARENISCA;POR;AMB_ARENISCA ARENA 90X90 ADZ.jpg;ECOCERAMIC_AMB_ARENISCA-POR_ARENA_90X90.webp;Ambiente;;ARENA;90X90;;;Baja;5000x4444;2000x1778;17.0;0.35;97.9;ARENISCA/PORCELAIN/AMBIENTES/AMB_ARENISCA ARENA 90X90 ADZ.jpg;ECOCERAMIC\ARENISCA\POR\ECOCERAMIC_AMB_ARENISCA-POR_ARENA_90X90.webp;;;WooCommerce;
ECOCERAMIC;ARENISCA;POR;AMB_ARENISCA GRIS 60X60-60X120-6667X5000.jpg;ECOCERAMIC_AMB_ARENISCA-POR_GRIS_60X60_60X120.webp;Ambiente;;GRIS;60X60 / 60X120;;;Baja;6667x5000;2000x1500;11.24;0.39;96.5;ARENISCA/PORCELAIN/AMBIENTES/AMB_ARENISCA GRIS 60X60-60X120-6667X5000.jpg;ECOCERAMIC\ARENISCA\POR\ECOCERAMIC_AMB_ARENISCA-POR_GRIS_60X60_60X120.webp;;ARENISCA/PORCELAIN/AMBIENTES/AMB_ARENISCA GRIS 60X60-60X120-6667X5000.tif;WooCommerce;
ECOCERAMIC;ARENISCA;POR;AMB_ARENISCA GRIS 90X90 ADZ.jpg;ECOCERAMIC_AMB_ARENISCA-POR_GRIS_90X90.webp;Ambiente;;GRIS;90X90;;;Baja;5000x4444;2000x1778;14.54;0.35;97.6;ARENISCA/PORCELAIN/AMBIENTES/AMB_ARENISCA GRIS 90X90 ADZ.jpg;ECOCERAMIC\ARENISCA\POR\ECOCERAMIC_AMB_ARENISCA-POR_GRIS_90X90.webp;;;WooCommerce;
ECOCERAMIC;ARENISCA;POR;AMB_ARENISCA DORMITORIO GRIS.jpg;ECOCERAMIC_AMB_ARENISCA-POR_GRIS_BEDROOM.webp;Ambiente;;GRIS;;BEDROOM;;Baja;5000x3750;1800x1350;12.13;0.34;97.2;ARENISCA/PORCELAIN/AMBIENTES/AMB_ARENISCA DORMITORIO GRIS.jpg;ECOCERAMIC\ARENISCA\POR\ECOCERAMIC_AMB_ARENISCA-POR_GRIS_BEDROOM.webp;;ARENISCA/PORCELAIN/AMBIENTES/AMB_ARENISCA DORMITORIO GRIS.tif;WooCommerce;origen < 2000px (se conserva 1800x1350)
ECOCERAMIC;ARENISCA;POR;AMB_ARENISCA GRIS ext.tif;ECOCERAMIC_AMB_ARENISCA-POR_GRIS_OUTDOOR.webp;Ambiente;;GRIS;;OUTDOOR;;Alta;5000x4000;1800x1440;419.65;0.37;99.9;ARENISCA/PORCELAIN/AMBIENTES/AMB_ARENISCA GRIS ext.tif;ECOCERAMIC\ARENISCA\POR\ECOCERAMIC_AMB_ARENISCA-POR_GRIS_OUTDOOR.webp;;;WooCommerce;origen < 2000px (se conserva 1800x1440)
ECOCERAMIC;ARENISCA;POR;AMB_MALLA VOGUE ARENISCA MARENGO-ARENISCA MARENGO 60X60-60X120.jpg;ECOCERAMIC_AMB_ARENISCA-POR_MALLA-VOGUE_60X60_60X120.webp;Ambiente;MALLA-VOGUE;;60X60 / 60X120;;VOGUE;Baja;5000x3750;1800x1350;13.67;0.39;97.2;ARENISCA/PORCELAIN/AMBIENTES/AMB_MALLA VOGUE ARENISCA MARENGO-ARENISCA MARENGO 60X60-60X120.jpg;ECOCERAMIC\ARENISCA\POR\ECOCERAMIC_AMB_ARENISCA-POR_MALLA-VOGUE_60X60_60X120.webp;;ARENISCA/PORCELAIN/AMBIENTES/AMB_MALLA VOGUE ARENISCA MARENGO-ARENISCA MARENGO 60X60-60X120.tif;WooCommerce;origen < 2000px (se conserva 1800x1350) | sin color detectado en el nombre
ECOCERAMIC;ARENISCA;POR;AMB_MALLA VOGUE ARENISCA MARENGO DETALLE.jpg;ECOCERAMIC_AMB_ARENISCA-POR_MALLA-VOGUE_DETALLE.webp;Ambiente;MALLA-VOGUE;;;DETALLE;VOGUE;Baja;5000x3750;1600x1200;14.09;0.42;97.0;ARENISCA/PORCELAIN/AMBIENTES/AMB_MALLA VOGUE ARENISCA MARENGO DETALLE.jpg;ECOCERAMIC\ARENISCA\POR\ECOCERAMIC_AMB_ARENISCA-POR_MALLA-VOGUE_DETALLE.webp;;ARENISCA/PORCELAIN/AMBIENTES/AMB_MALLA VOGUE ARENISCA MARENGO DETALLE.tif;WooCommerce;origen < 2000px (se conserva 1600x1200) | sin color detectado en el nombre
ECOCERAMIC;ARENISCA;POR;AMB_ARENISCA PERLA-KURIOS-HELSINKI BLANCO-CHIRA BEIGE.jpg;ECOCERAMIC_AMB_ARENISCA-POR_PERLA.webp;Ambiente;;PERLA;;;CHIRA / KURIOS;Baja;5000x3750;2000x1500;10.87;0.26;97.6;ARENISCA/PORCELAIN/AMBIENTES/AMB_ARENISCA PERLA-KURIOS-HELSINKI BLANCO-CHIRA BEIGE.jpg;ECOCERAMIC\ARENISCA\POR\ECOCERAMIC_AMB_ARENISCA-POR_PERLA.webp;ECOCERAMIC\HELSINKI\ECOCERAMIC_AMB_ARENISCA-POR_PERLA.webp;ARENISCA/PORCELAIN/AMBIENTES/AMB_ARENISCA PERLA-KURIOS-HELSINKI BLANCO-CHIRA BEIGE.tif;WooCommerce;
ECOCERAMIC;ARENISCA;POR;AMB_ARENISCA PERLA 90X90 ADZ.tif;ECOCERAMIC_AMB_ARENISCA-POR_PERLA_90X90.webp;Ambiente;;PERLA;90X90;;;Alta;5000x4444;2000x1778;127.17;0.36;99.7;ARENISCA/PORCELAIN/AMBIENTES/AMB_ARENISCA PERLA 90X90 ADZ.tif;ECOCERAMIC\ARENISCA\POR\ECOCERAMIC_AMB_ARENISCA-POR_PERLA_90X90.webp;;;WooCommerce;
ECOCERAMIC;ARENISCA;POR;AMB_ARENISCA PERLA.jpg;ECOCERAMIC_AMB_ARENISCA-POR_PERLA_V2.webp;Ambiente;;PERLA;;;;Baja;5000x3750;2000x1500;13.5;0.35;97.4;ARENISCA/PORCELAIN/AMBIENTES/AMB_ARENISCA PERLA.jpg;ECOCERAMIC\ARENISCA\POR\ECOCERAMIC_AMB_ARENISCA-POR_PERLA_V2.webp;;ARENISCA/PORCELAIN/AMBIENTES/AMB_ARENISCA PERLA.tif;WooCommerce;nombre desambiguado (_V)
ECOCERAMIC;ARENISCA;POR;Arenisca Arena 60x120.jpg;ECOCERAMIC_PZ_ARENISCA-POR_ARENA_60X120.webp;Pieza;;ARENA;60X120;;;Baja;3713x1871;2000x1008;8.42;0.38;95.5;ARENISCA/PORCELAIN/PIEZAS/Arenisca Arena 60x120.jpg;ECOCERAMIC\ARENISCA\POR\ECOCERAMIC_PZ_ARENISCA-POR_ARENA_60X120.webp;;;WooCommerce;
ECOCERAMIC;ARENISCA;POR;Arenisca Arena 60x60.jpg;ECOCERAMIC_PZ_ARENISCA-POR_ARENA_60X60.webp;Pieza;;ARENA;60X60;;;Baja;1865x1865;1600x1600;4.16;0.5;88.1;ARENISCA/PORCELAIN/PIEZAS/Arenisca Arena 60x60.jpg;ECOCERAMIC\ARENISCA\POR\ECOCERAMIC_PZ_ARENISCA-POR_ARENA_60X60.webp;;;WooCommerce;origen < 2000px (se conserva 1600x1600)
ECOCERAMIC;ARENISCA;POR;Arenisca Arena 75x75.jpg;ECOCERAMIC_PZ_ARENISCA-POR_ARENA_75X75.webp;Pieza;;ARENA;75X75;;;Baja;2324x2324;1600x1600;6.71;0.48;92.8;ARENISCA/PORCELAIN/PIEZAS/Arenisca Arena 75x75.jpg;ECOCERAMIC\ARENISCA\POR\ECOCERAMIC_PZ_ARENISCA-POR_ARENA_75X75.webp;;;WooCommerce;origen < 2000px (se conserva 1600x1600)
ECOCERAMIC;ARENISCA;POR;Arenisca Arena 90x90.jpg;ECOCERAMIC_PZ_ARENISCA-POR_ARENA_90X90.webp;Pieza;;ARENA;90X90;;;Baja;2780x2780;1600x1600;10.35;0.45;95.6;ARENISCA/PORCELAIN/PIEZAS/Arenisca Arena 90x90.jpg;ECOCERAMIC\ARENISCA\POR\ECOCERAMIC_PZ_ARENISCA-POR_ARENA_90X90.webp;;;WooCommerce;origen < 2000px (se conserva 1600x1600)
ECOCERAMIC;ARENISCA;POR;Arenisca Gris 60x120.jpg;ECOCERAMIC_PZ_ARENISCA-POR_GRIS_60X120.webp;Pieza;;GRIS;60X120;;;Baja;3713x1871;1800x907;6.61;0.35;94.7;ARENISCA/PORCELAIN/PIEZAS/Arenisca Gris 60x120.jpg;ECOCERAMIC\ARENISCA\POR\ECOCERAMIC_PZ_ARENISCA-POR_GRIS_60X120.webp;;ARENISCA/PORCELAIN/PIEZAS/Arenisca Gris 60x120.tif;WooCommerce;origen < 2000px (se conserva 1800x907)
ECOCERAMIC;ARENISCA;POR;Arenisca Gris 60x60.jpg;ECOCERAMIC_PZ_ARENISCA-POR_GRIS_60X60.webp;Pieza;;GRIS;60X60;;;Baja;1865x1865;1600x1600;3.28;0.53;84.0;ARENISCA/PORCELAIN/PIEZAS/Arenisca Gris 60x60.jpg;ECOCERAMIC\ARENISCA\POR\ECOCERAMIC_PZ_ARENISCA-POR_GRIS_60X60.webp;;ARENISCA/PORCELAIN/PIEZAS/Arenisca Gris 60x60.tif;WooCommerce;origen < 2000px (se conserva 1600x1600)
ECOCERAMIC;ARENISCA;POR;Arenisca Gris 75x75.jpg;ECOCERAMIC_PZ_ARENISCA-POR_GRIS_75X75.webp;Pieza;;GRIS;75X75;;;Baja;2324x2324;1600x1600;5.26;0.52;90.1;ARENISCA/PORCELAIN/PIEZAS/Arenisca Gris 75x75.jpg;ECOCERAMIC\ARENISCA\POR\ECOCERAMIC_PZ_ARENISCA-POR_GRIS_75X75.webp;;ARENISCA/PORCELAIN/PIEZAS/Arenisca Gris 75x75.tif;WooCommerce;origen < 2000px (se conserva 1600x1600)
ECOCERAMIC;ARENISCA;POR;Arenisca Gris 90x90.jpg;ECOCERAMIC_PZ_ARENISCA-POR_GRIS_90X90.webp;Pieza;;GRIS;90X90;;;Baja;2792x2792;1600x1600;7.41;0.48;93.5;ARENISCA/PORCELAIN/PIEZAS/Arenisca Gris 90x90.jpg;ECOCERAMIC\ARENISCA\POR\ECOCERAMIC_PZ_ARENISCA-POR_GRIS_90X90.webp;;ARENISCA/PORCELAIN/PIEZAS/Arenisca Gris 90x90.tif;WooCommerce;origen < 2000px (se conserva 1600x1600)
ECOCERAMIC;ARENISCA;POR;Arenisca Marengo 60x120.jpg;ECOCERAMIC_PZ_ARENISCA-POR_MARENGO_60X120.webp;Pieza;;MARENGO;60X120;;;Baja;3713x1871;1600x806;6.53;0.35;94.7;ARENISCA/PORCELAIN/PIEZAS/Arenisca Marengo 60x120.jpg;ECOCERAMIC\ARENISCA\POR\ECOCERAMIC_PZ_ARENISCA-POR_MARENGO_60X120.webp;;ARENISCA/PORCELAIN/PIEZAS/Arenisca Marengo 60x120.tif;WooCommerce;origen < 2000px (se conserva 1600x806)
ECOCERAMIC;ARENISCA;POR;Arenisca Marengo 60x60.jpg;ECOCERAMIC_PZ_ARENISCA-POR_MARENGO_60X60.webp;Pieza;;MARENGO;60X60;;;Baja;1865x1865;1600x1600;3.17;0.62;80.4;ARENISCA/PORCELAIN/PIEZAS/Arenisca Marengo 60x60.jpg;ECOCERAMIC\ARENISCA\POR\ECOCERAMIC_PZ_ARENISCA-POR_MARENGO_60X60.webp;;ARENISCA/PORCELAIN/PIEZAS/Arenisca Marengo 60x60.tif;WooCommerce;origen < 2000px (se conserva 1600x1600)
ECOCERAMIC;ARENISCA;POR;Arenisca Marengo 75x75.jpg;ECOCERAMIC_PZ_ARENISCA-POR_MARENGO_75X75.webp;Pieza;;MARENGO;75X75;;;Baja;2324x2324;1600x1600;5.01;0.63;87.5;ARENISCA/PORCELAIN/PIEZAS/Arenisca Marengo 75x75.jpg;ECOCERAMIC\ARENISCA\POR\ECOCERAMIC_PZ_ARENISCA-POR_MARENGO_75X75.webp;;ARENISCA/PORCELAIN/PIEZAS/Arenisca Marengo 75x75.tif;WooCommerce;origen < 2000px (se conserva 1600x1600)
ECOCERAMIC;ARENISCA;POR;Arenisca Marengo 90x90.jpg;ECOCERAMIC_PZ_ARENISCA-POR_MARENGO_90X90.webp;Pieza;;MARENGO;90X90;;;Baja;2792x2792;1600x1600;7.06;0.58;91.8;ARENISCA/PORCELAIN/PIEZAS/Arenisca Marengo 90x90.jpg;ECOCERAMIC\ARENISCA\POR\ECOCERAMIC_PZ_ARENISCA-POR_MARENGO_90X90.webp;;ARENISCA/PORCELAIN/PIEZAS/Arenisca Marengo 90x90.tif;WooCommerce;origen < 2000px (se conserva 1600x1600)
ECOCERAMIC;ARENISCA;POR;Arenisca Perla 60x120.jpg;ECOCERAMIC_PZ_ARENISCA-POR_PERLA_60X120.webp;Pieza;;PERLA;60X120;;;Baja;3713x1871;1800x907;7.99;0.36;95.5;ARENISCA/PORCELAIN/PIEZAS/Arenisca Perla 60x120.jpg;ECOCERAMIC\ARENISCA\POR\ECOCERAMIC_PZ_ARENISCA-POR_PERLA_60X120.webp;;ARENISCA/PORCELAIN/PIEZAS/Arenisca Perla 60x120.tif;WooCommerce;origen < 2000px (se conserva 1800x907)
ECOCERAMIC;ARENISCA;POR;Arenisca Perla 60x60.jpg;ECOCERAMIC_PZ_ARENISCA-POR_PERLA_60X60.webp;Pieza;;PERLA;60X60;;;Baja;1865x1865;1600x1600;3.96;0.54;86.3;ARENISCA/PORCELAIN/PIEZAS/Arenisca Perla 60x60.jpg;ECOCERAMIC\ARENISCA\POR\ECOCERAMIC_PZ_ARENISCA-POR_PERLA_60X60.webp;;ARENISCA/PORCELAIN/PIEZAS/Arenisca Perla 60x60.tif;WooCommerce;origen < 2000px (se conserva 1600x1600)
ECOCERAMIC;ARENISCA;POR;Arenisca Perla 75x75.jpg;ECOCERAMIC_PZ_ARENISCA-POR_PERLA_75X75.webp;Pieza;;PERLA;75X75;;;Baja;2324x2324;1600x1600;6.59;0.57;91.4;ARENISCA/PORCELAIN/PIEZAS/Arenisca Perla 75x75.jpg;ECOCERAMIC\ARENISCA\POR\ECOCERAMIC_PZ_ARENISCA-POR_PERLA_75X75.webp;;ARENISCA/PORCELAIN/PIEZAS/Arenisca Perla 75x75.tif;WooCommerce;origen < 2000px (se conserva 1600x1600)
ECOCERAMIC;ARENISCA;POR;Arenisca Perla 90x90.jpg;ECOCERAMIC_PZ_ARENISCA-POR_PERLA_90X90.webp;Pieza;;PERLA;90X90;;;Baja;2792x2792;1600x1600;8.98;0.5;94.4;ARENISCA/PORCELAIN/PIEZAS/Arenisca Perla 90x90.jpg;ECOCERAMIC\ARENISCA\POR\ECOCERAMIC_PZ_ARENISCA-POR_PERLA_90X90.webp;;ARENISCA/PORCELAIN/PIEZAS/Arenisca Perla 90x90.tif;WooCommerce;origen < 2000px (se conserva 1600x1600)
ECOCERAMIC;BESANA;ECO20;LC-019_26 ECOCERAMIC CASA 1 FACHADA BESANA segunda toma.tif;ECOCERAMIC_AMB_BESANA-ECO20_FACHADA.webp;Ambiente;;;;FACHADA;;Alta;3017x3500;1379x1600;136.93;0.38;99.7;BESANA/ECO 2.0/AMBIENTES/LC-019_26 ECOCERAMIC CASA 1 FACHADA BESANA segunda toma.tif;ECOCERAMIC\BESANA\ECO20\ECOCERAMIC_AMB_BESANA-ECO20_FACHADA.webp;;;WooCommerce;origen < 2000px (se conserva 1379x1600) | sin color detectado en el nombre
ECOCERAMIC;BESANA;ECO20;ECOCERAMIC_BESANA BONE 60X120 RLV_100X100_OUTDOOR.jpg;ECOCERAMIC_AMB_BESANA-ECO20_RLV_BONE_60X120_100X100_OUTDOOR.webp;Ambiente;RLV;BONE;60X120 / 100X100;OUTDOOR;;Baja;3000x2250;1600x1200;6.01;0.36;94.0;BESANA/ECO 2.0/AMBIENTES/ECOCERAMIC_BESANA BONE 60X120 RLV_100X100_OUTDOOR.jpg;ECOCERAMIC\BESANA\ECO20\ECOCERAMIC_AMB_BESANA-ECO20_RLV_BONE_60X120_100X100_OUTDOOR.webp;;BESANA/ECO 2.0/AMBIENTES/ECOCERAMIC_BESANA BONE 60X120 RLV_100X100_OUTDOOR.tif;WooCommerce;origen < 2000px (se conserva 1600x1200)
ECOCERAMIC;BESANA;ECO20;ECOCERAMIC_BESANA GREY 60X120 RLV_100X100_OUTDOOR.jpg;ECOCERAMIC_AMB_BESANA-ECO20_RLV_GREY_60X120_100X100_OUTDOOR.webp;Ambiente;RLV;GREY;60X120 / 100X100;OUTDOOR;;Baja;3000x2250;1600x1200;5.9;0.36;93.9;BESANA/ECO 2.0/AMBIENTES/ECOCERAMIC_BESANA GREY 60X120 RLV_100X100_OUTDOOR.jpg;ECOCERAMIC\BESANA\ECO20\ECOCERAMIC_AMB_BESANA-ECO20_RLV_GREY_60X120_100X100_OUTDOOR.webp;;BESANA/ECO 2.0/AMBIENTES/ECOCERAMIC_BESANA GREY 60X120 RLV_100X100_OUTDOOR.tif;WooCommerce;origen < 2000px (se conserva 1600x1200)
ECOCERAMIC;BESANA;ECO20;ECOCERAMIC_BESANA SAND 60X120 RLV_100X100_OUTDOOR.jpg;ECOCERAMIC_AMB_BESANA-ECO20_RLV_SAND_60X120_100X100_OUTDOOR.webp;Ambiente;RLV;SAND;60X120 / 100X100;OUTDOOR;;Baja;3000x2250;1600x1200;6.21;0.36;94.2;BESANA/ECO 2.0/AMBIENTES/ECOCERAMIC_BESANA SAND 60X120 RLV_100X100_OUTDOOR.jpg;ECOCERAMIC\BESANA\ECO20\ECOCERAMIC_AMB_BESANA-ECO20_RLV_SAND_60X120_100X100_OUTDOOR.webp;;BESANA/ECO 2.0/AMBIENTES/ECOCERAMIC_BESANA SAND 60X120 RLV_100X100_OUTDOOR.tif;WooCommerce;origen < 2000px (se conserva 1600x1200)
ECOCERAMIC;BESANA;ECO20;ECOCERAMIC_BESANA WHITE 60X120 RLV_100X100_OUTDOOR.jpg;ECOCERAMIC_AMB_BESANA-ECO20_RLV_WHITE_60X120_100X100_OUTDOOR.webp;Ambiente;RLV;WHITE;60X120 / 100X100;OUTDOOR;;Baja;3000x2250;1600x1200;5.8;0.38;93.5;BESANA/ECO 2.0/AMBIENTES/ECOCERAMIC_BESANA WHITE 60X120 RLV_100X100_OUTDOOR.jpg;ECOCERAMIC\BESANA\ECO20\ECOCERAMIC_AMB_BESANA-ECO20_RLV_WHITE_60X120_100X100_OUTDOOR.webp;;BESANA/ECO 2.0/AMBIENTES/ECOCERAMIC_BESANA WHITE 60X120 RLV_100X100_OUTDOOR.tif;WooCommerce;origen < 2000px (se conserva 1600x1200)
ECOCERAMIC;BESANA;ECO20;PZ_BESANA BONE 100X100.jpg;ECOCERAMIC_PZ_BESANA-ECO20_BONE_100X100.webp;Pieza;;BONE;100X100;;;Baja;5315x5315;1600x1600;34.91;0.6;98.3;BESANA/ECO 2.0/PIEZAS/PZ_BESANA BONE 100X100.jpg;ECOCERAMIC\BESANA\ECO20\ECOCERAMIC_PZ_BESANA-ECO20_BONE_100X100.webp;;;WooCommerce;origen < 2000px (se conserva 1600x1600)
ECOCERAMIC;BESANA;ECO20;BESANA GRAPHITE 100X100.jpg;ECOCERAMIC_PZ_BESANA-ECO20_GRAPHITE_100X100.webp;Pieza;;GRAPHITE;100X100;;;Baja;5315x5315;1800x1800;29.73;0.33;98.9;BESANA/ECO 2.0/PIEZAS/BESANA GRAPHITE 100X100.jpg;ECOCERAMIC\BESANA\ECO20\ECOCERAMIC_PZ_BESANA-ECO20_GRAPHITE_100X100.webp;;;WooCommerce;origen < 2000px (se conserva 1800x1800)
ECOCERAMIC;BESANA;ECO20;PZ_BESANA GREY 100X100.jpg;ECOCERAMIC_PZ_BESANA-ECO20_GREY_100X100.webp;Pieza;;GREY;100X100;;;Baja;5315x5315;1600x1600;35.67;0.63;98.2;BESANA/ECO 2.0/PIEZAS/PZ_BESANA GREY 100X100.jpg;ECOCERAMIC\BESANA\ECO20\ECOCERAMIC_PZ_BESANA-ECO20_GREY_100X100.webp;;;WooCommerce;origen < 2000px (se conserva 1600x1600)
ECOCERAMIC;BESANA;ECO20;PZ_BESANA SAND 100X100.jpg;ECOCERAMIC_PZ_BESANA-ECO20_SAND_100X100.webp;Pieza;;SAND;100X100;;;Baja;5315x5315;1600x1600;37.51;0.61;98.4;BESANA/ECO 2.0/PIEZAS/PZ_BESANA SAND 100X100.jpg;ECOCERAMIC\BESANA\ECO20\ECOCERAMIC_PZ_BESANA-ECO20_SAND_100X100.webp;;;WooCommerce;origen < 2000px (se conserva 1600x1600)
ECOCERAMIC;BESANA;ECO20;PZ_BESANA WHITE 100X100.jpg;ECOCERAMIC_PZ_BESANA-ECO20_WHITE_100X100.webp;Pieza;;WHITE;100X100;;;Baja;5315x5315;1600x1600;31.23;0.46;98.5;BESANA/ECO 2.0/PIEZAS/PZ_BESANA WHITE 100X100.jpg;ECOCERAMIC\BESANA\ECO20\ECOCERAMIC_PZ_BESANA-ECO20_WHITE_100X100.webp;;;WooCommerce;origen < 2000px (se conserva 1600x1600)
ECOCERAMIC;BESANA;PAV;AMB_BESANA BONE 120X120-3.jpg;ECOCERAMIC_AMB_BESANA-PAV_BONE_120X120_03.webp;Ambiente;;BONE;120X120;;;Baja;5000x3500;2000x1400;11.37;0.28;97.5;BESANA/PAVIMEMNTO/AMBIENTES/BAJA/AMB_BESANA BONE 120X120-3.jpg;ECOCERAMIC\BESANA\PAV\ECOCERAMIC_AMB_BESANA-PAV_BONE_120X120_03.webp;;BESANA/PAVIMEMNTO/AMBIENTES/ALTA/AMB_BESANA BONE 120X120-3.tif;WooCommerce;
ECOCERAMIC;BESANA;PAV;AMB_BESANA BONE 60X120-120X120-1.jpg;ECOCERAMIC_AMB_BESANA-PAV_BONE_60X120_120X120_01.webp;Ambiente;;BONE;60X120 / 120X120;;;Baja;5000x3500;2000x1400;9.31;0.2;97.8;BESANA/PAVIMEMNTO/AMBIENTES/BAJA/AMB_BESANA BONE 60X120-120X120-1.jpg;ECOCERAMIC\BESANA\PAV\ECOCERAMIC_AMB_BESANA-PAV_BONE_60X120_120X120_01.webp;;BESANA/PAVIMEMNTO/AMBIENTES/ALTA/AMB_BESANA BONE 60X120-120X120-1.tif;WooCommerce;
ECOCERAMIC;BESANA;PAV;AMB_BESANA BONE 60X120-SAND 120X120-1.jpg;ECOCERAMIC_AMB_BESANA-PAV_BONE_SAND_60X120_120X120_01.webp;Ambiente;;BONE / SAND;60X120 / 120X120;;;Baja;5000x3500;2000x1400;9.31;0.21;97.8;BESANA/PAVIMEMNTO/AMBIENTES/BAJA/AMB_BESANA BONE 60X120-SAND 120X120-1.jpg;ECOCERAMIC\BESANA\PAV\ECOCERAMIC_AMB_BESANA-PAV_BONE_SAND_60X120_120X120_01.webp;;BESANA/PAVIMEMNTO/AMBIENTES/ALTA/AMB_BESANA BONE 60X120-SAND 120X120-1.tif;WooCommerce;
ECOCERAMIC;BESANA;PAV;AMB_BESANA GREY 120X120-3.jpg;ECOCERAMIC_AMB_BESANA-PAV_GREY_120X120_03.webp;Ambiente;;GREY;120X120;;;Baja;5000x3500;2000x1400;10.79;0.28;97.4;BESANA/PAVIMEMNTO/AMBIENTES/BAJA/AMB_BESANA GREY 120X120-3.jpg;ECOCERAMIC\BESANA\PAV\ECOCERAMIC_AMB_BESANA-PAV_GREY_120X120_03.webp;;BESANA/PAVIMEMNTO/AMBIENTES/ALTA/AMB_BESANA GREY 120X120-3.tif;WooCommerce;
ECOCERAMIC;BESANA;PAV;AMB_BESANA GREY 120X120-5.jpg;ECOCERAMIC_AMB_BESANA-PAV_GREY_120X120_05.webp;Ambiente;;GREY;120X120;;;Baja;5000x3500;1800x1260;13.11;0.38;97.1;BESANA/PAVIMEMNTO/AMBIENTES/BAJA/AMB_BESANA GREY 120X120-5.jpg;ECOCERAMIC\BESANA\PAV\ECOCERAMIC_AMB_BESANA-PAV_GREY_120X120_05.webp;;BESANA/PAVIMEMNTO/AMBIENTES/ALTA/AMB_BESANA GREY 120X120-5.tif;WooCommerce;origen < 2000px (se conserva 1800x1260)
ECOCERAMIC;BESANA;PAV;AMB_BESANA GREY-WHITE 100X100-2.jpg;ECOCERAMIC_AMB_BESANA-PAV_GREY_WHITE_100X100_02.webp;Ambiente;;GREY / WHITE;100X100;;;Baja;5000x4000;2000x1600;10.37;0.23;97.8;BESANA/PAVIMEMNTO/AMBIENTES/BAJA/AMB_BESANA GREY-WHITE 100X100-2.jpg;ECOCERAMIC\BESANA\PAV\ECOCERAMIC_AMB_BESANA-PAV_GREY_WHITE_100X100_02.webp;;BESANA/PAVIMEMNTO/AMBIENTES/ALTA/AMB_BESANA GREY-WHITE 100X100-2.tif;WooCommerce;
ECOCERAMIC;BESANA;PAV;AMB_BESANA GREY-WHITE 120X120-2.jpg;ECOCERAMIC_AMB_BESANA-PAV_GREY_WHITE_120X120_02.webp;Ambiente;;GREY / WHITE;120X120;;;Baja;5000x4000;2000x1600;12.03;0.32;97.4;BESANA/PAVIMEMNTO/AMBIENTES/BAJA/AMB_BESANA GREY-WHITE 120X120-2.jpg;ECOCERAMIC\BESANA\PAV\ECOCERAMIC_AMB_BESANA-PAV_GREY_WHITE_120X120_02.webp;;BESANA/PAVIMEMNTO/AMBIENTES/ALTA/AMB_BESANA GREY-WHITE 120X120-2.tif;WooCommerce;
ECOCERAMIC;BESANA;PAV;AMB_BESANA SAND 120X120-4.jpg;ECOCERAMIC_AMB_BESANA-PAV_SAND_120X120_04.webp;Ambiente;;SAND;120X120;;;Baja;5000x3500;1800x1260;14.34;0.34;97.6;BESANA/PAVIMEMNTO/AMBIENTES/BAJA/AMB_BESANA SAND 120X120-4.jpg;ECOCERAMIC\BESANA\PAV\ECOCERAMIC_AMB_BESANA-PAV_SAND_120X120_04.webp;;BESANA/PAVIMEMNTO/AMBIENTES/ALTA/AMB_BESANA SAND 120X120-4.tif;WooCommerce;origen < 2000px (se conserva 1800x1260)
ECOCERAMIC;BESANA;PAV;AMB_BESANA SAND 120X120 - DETALLE.jpg;ECOCERAMIC_AMB_BESANA-PAV_SAND_120X120_DETALLE.webp;Ambiente;;SAND;120X120;DETALLE;;Baja;5000x4000;1600x1280;21.3;0.49;97.7;BESANA/PAVIMEMNTO/AMBIENTES/BAJA/AMB_BESANA SAND 120X120 - DETALLE.jpg;ECOCERAMIC\BESANA\PAV\ECOCERAMIC_AMB_BESANA-PAV_SAND_120X120_DETALLE.webp;;BESANA/PAVIMEMNTO/AMBIENTES/ALTA/AMB_BESANA SAND 120X120 - DETALLE.tif;WooCommerce;origen < 2000px (se conserva 1600x1280)
ECOCERAMIC;BESANA;PAV;AMB_BESANA SAND 120X120 - DETALLE-wirecolor.tif;ECOCERAMIC_AMB_BESANA-PAV_SAND_120X120_DETALLE_WIRECOLOR.webp;Ambiente;;SAND;120X120;DETALLE / WIRECOLOR;;Alta;5000x4000;2000x1600;114.47;0.05;100.0;BESANA/PAVIMEMNTO/AMBIENTES/ALTA/AMB_BESANA SAND 120X120 - DETALLE-wirecolor.tif;_AUXILIARES\BESANA\PAV\ECOCERAMIC_AMB_BESANA-PAV_SAND_120X120_DETALLE_WIRECOLOR.webp;;;AUXILIAR;
ECOCERAMIC;BESANA;PAV;AMB_BESANA SAND 60X120-120X120-1.jpg;ECOCERAMIC_AMB_BESANA-PAV_SAND_60X120_120X120_01.webp;Ambiente;;SAND;60X120 / 120X120;;;Baja;5000x3500;2000x1400;9.59;0.23;97.6;BESANA/PAVIMEMNTO/AMBIENTES/BAJA/AMB_BESANA SAND 60X120-120X120-1.jpg;ECOCERAMIC\BESANA\PAV\ECOCERAMIC_AMB_BESANA-PAV_SAND_60X120_120X120_01.webp;;BESANA/PAVIMEMNTO/AMBIENTES/ALTA/AMB_BESANA SAND 60X120-120X120-1.tif;WooCommerce;
ECOCERAMIC;BESANA;PAV;AMB_BESANA WHITE 60X120-120X120-1.jpg;ECOCERAMIC_AMB_BESANA-PAV_WHITE_60X120_120X120_01.webp;Ambiente;;WHITE;60X120 / 120X120;;;Baja;5000x3500;2000x1400;9.0;0.2;97.8;BESANA/PAVIMEMNTO/AMBIENTES/BAJA/AMB_BESANA WHITE 60X120-120X120-1.jpg;ECOCERAMIC\BESANA\PAV\ECOCERAMIC_AMB_BESANA-PAV_WHITE_60X120_120X120_01.webp;;BESANA/PAVIMEMNTO/AMBIENTES/ALTA/AMB_BESANA WHITE 60X120-120X120-1.tif;WooCommerce;
ECOCERAMIC;BESANA;PAV;PZ_BESANA BONE 100X100.jpg;ECOCERAMIC_PZ_BESANA-PAV_BONE_100X100.webp;Pieza;;BONE;100X100;;;Baja;5315x5315;1600x1600;34.91;0.6;98.3;BESANA/PAVIMEMNTO/PIEZAS/ALTA/PZ_BESANA BONE 100X100.jpg;ECOCERAMIC\BESANA\PAV\ECOCERAMIC_PZ_BESANA-PAV_BONE_100X100.webp;;BESANA/PAVIMEMNTO/PIEZAS/BAJA/PZ_BESANA BONE 100X100.jpg;WooCommerce;origen < 2000px (se conserva 1600x1600)
ECOCERAMIC;BESANA;PAV;PZ_BESANA BONE 120X120.jpg;ECOCERAMIC_PZ_BESANA-PAV_BONE_120X120.webp;Pieza;;BONE;120X120;;;Baja;4126x4126;1600x1600;21.7;0.61;97.2;BESANA/PAVIMEMNTO/PIEZAS/ALTA/PZ_BESANA BONE 120X120.jpg;ECOCERAMIC\BESANA\PAV\ECOCERAMIC_PZ_BESANA-PAV_BONE_120X120.webp;;BESANA/PAVIMEMNTO/PIEZAS/BAJA/PZ_BESANA BONE 120X120.jpg;WooCommerce;origen < 2000px (se conserva 1600x1600)
ECOCERAMIC;BESANA;PAV;PZ_BESANA BONE 60X120.jpg;ECOCERAMIC_PZ_BESANA-PAV_BONE_60X120.webp;Pieza;;BONE;60X120;;;Baja;7736x3898;1800x907;37.93;0.35;99.1;BESANA/PAVIMEMNTO/PIEZAS/ALTA/PZ_BESANA BONE 60X120.jpg;ECOCERAMIC\BESANA\PAV\ECOCERAMIC_PZ_BESANA-PAV_BONE_60X120.webp;;BESANA/PAVIMEMNTO/PIEZAS/BAJA/PZ_BESANA BONE 60X120.jpg;WooCommerce;origen < 2000px (se conserva 1800x907)
ECOCERAMIC;BESANA;PAV;PZ_BESANA BONE 60X60.jpg;ECOCERAMIC_PZ_BESANA-PAV_BONE_60X60.webp;Pieza;;BONE;60X60;;;Baja;3898x3898;1600x1600;18.87;0.73;96.1;BESANA/PAVIMEMNTO/PIEZAS/ALTA/PZ_BESANA BONE 60X60.jpg;ECOCERAMIC\BESANA\PAV\ECOCERAMIC_PZ_BESANA-PAV_BONE_60X60.webp;;BESANA/PAVIMEMNTO/PIEZAS/BAJA/PZ_BESANA BONE 60X60.jpg;WooCommerce;origen < 2000px (se conserva 1600x1600)
ECOCERAMIC;BESANA;PAV;PZ_BESANA GREY 100X100.jpg;ECOCERAMIC_PZ_BESANA-PAV_GREY_100X100.webp;Pieza;;GREY;100X100;;;Baja;5315x5315;1600x1600;35.67;0.63;98.2;BESANA/PAVIMEMNTO/PIEZAS/ALTA/PZ_BESANA GREY 100X100.jpg;ECOCERAMIC\BESANA\PAV\ECOCERAMIC_PZ_BESANA-PAV_GREY_100X100.webp;;BESANA/PAVIMEMNTO/PIEZAS/BAJA/PZ_BESANA GREY 100X100.jpg;WooCommerce;origen < 2000px (se conserva 1600x1600)
ECOCERAMIC;BESANA;PAV;PZ_BESANA GREY 120X120.jpg;ECOCERAMIC_PZ_BESANA-PAV_GREY_120X120.webp;Pieza;;GREY;120X120;;;Baja;4126x4126;1600x1600;20.66;0.73;96.5;BESANA/PAVIMEMNTO/PIEZAS/ALTA/PZ_BESANA GREY 120X120.jpg;ECOCERAMIC\BESANA\PAV\ECOCERAMIC_PZ_BESANA-PAV_GREY_120X120.webp;;BESANA/PAVIMEMNTO/PIEZAS/BAJA/PZ_BESANA GREY 120X120.jpg;WooCommerce;origen < 2000px (se conserva 1600x1600)
ECOCERAMIC;BESANA;PAV;PZ_BESANA GREY 60X120.jpg;ECOCERAMIC_PZ_BESANA-PAV_GREY_60X120.webp;Pieza;;GREY;60X120;;;Baja;7736x3898;1800x907;38.41;0.39;99.0;BESANA/PAVIMEMNTO/PIEZAS/ALTA/PZ_BESANA GREY 60X120.jpg;ECOCERAMIC\BESANA\PAV\ECOCERAMIC_PZ_BESANA-PAV_GREY_60X120.webp;;BESANA/PAVIMEMNTO/PIEZAS/BAJA/PZ_BESANA GREY 60X120.jpg;WooCommerce;origen < 2000px (se conserva 1800x907)
ECOCERAMIC;BESANA;PAV;PZ_BESANA GREY 60X60.jpg;ECOCERAMIC_PZ_BESANA-PAV_GREY_60X60.webp;Pieza;;GREY;60X60;;;Baja;3898x3898;1600x1600;17.48;0.67;96.2;BESANA/PAVIMEMNTO/PIEZAS/ALTA/PZ_BESANA GREY 60X60.jpg;ECOCERAMIC\BESANA\PAV\ECOCERAMIC_PZ_BESANA-PAV_GREY_60X60.webp;;BESANA/PAVIMEMNTO/PIEZAS/BAJA/PZ_BESANA GREY 60X60.jpg;WooCommerce;origen < 2000px (se conserva 1600x1600)
ECOCERAMIC;BESANA;PAV;PZ_BESANA SAND 100X100.jpg;ECOCERAMIC_PZ_BESANA-PAV_SAND_100X100.webp;Pieza;;SAND;100X100;;;Baja;5315x5315;1600x1600;37.51;0.61;98.4;BESANA/PAVIMEMNTO/PIEZAS/ALTA/PZ_BESANA SAND 100X100.jpg;ECOCERAMIC\BESANA\PAV\ECOCERAMIC_PZ_BESANA-PAV_SAND_100X100.webp;;BESANA/PAVIMEMNTO/PIEZAS/BAJA/PZ_BESANA SAND 100X100.jpg;WooCommerce;origen < 2000px (se conserva 1600x1600)
ECOCERAMIC;BESANA;PAV;PZ_BESANA SAND 120X120.jpg;ECOCERAMIC_PZ_BESANA-PAV_SAND_120X120.webp;Pieza;;SAND;120X120;;;Baja;4126x4126;1600x1600;21.44;0.62;97.1;BESANA/PAVIMEMNTO/PIEZAS/ALTA/PZ_BESANA SAND 120X120.jpg;ECOCERAMIC\BESANA\PAV\ECOCERAMIC_PZ_BESANA-PAV_SAND_120X120.webp;;BESANA/PAVIMEMNTO/PIEZAS/BAJA/PZ_BESANA SAND 120X120.jpg;WooCommerce;origen < 2000px (se conserva 1600x1600)
ECOCERAMIC;BESANA;PAV;PZ_BESANA SAND 60X120.jpg;ECOCERAMIC_PZ_BESANA-PAV_SAND_60X120.webp;Pieza;;SAND;60X120;;;Baja;7736x3898;1800x907;38.67;0.36;99.1;BESANA/PAVIMEMNTO/PIEZAS/ALTA/PZ_BESANA SAND 60X120.jpg;ECOCERAMIC\BESANA\PAV\ECOCERAMIC_PZ_BESANA-PAV_SAND_60X120.webp;;BESANA/PAVIMEMNTO/PIEZAS/BAJA/PZ_BESANA SAND 60X120.jpg;WooCommerce;origen < 2000px (se conserva 1800x907)
ECOCERAMIC;BESANA;PAV;PZ_BESANA SAND 60X60.jpg;ECOCERAMIC_PZ_BESANA-PAV_SAND_60X60.webp;Pieza;;SAND;60X60;;;Baja;3898x3898;1600x1600;21.14;0.73;96.6;BESANA/PAVIMEMNTO/PIEZAS/ALTA/PZ_BESANA SAND 60X60.jpg;ECOCERAMIC\BESANA\PAV\ECOCERAMIC_PZ_BESANA-PAV_SAND_60X60.webp;;BESANA/PAVIMEMNTO/PIEZAS/BAJA/PZ_BESANA SAND 60X60.jpg;WooCommerce;origen < 2000px (se conserva 1600x1600)
ECOCERAMIC;BESANA;PAV;PZ_BESANA WHITE 100X100.jpg;ECOCERAMIC_PZ_BESANA-PAV_WHITE_100X100.webp;Pieza;;WHITE;100X100;;;Baja;5315x5315;1600x1600;31.23;0.46;98.5;BESANA/PAVIMEMNTO/PIEZAS/ALTA/PZ_BESANA WHITE 100X100.jpg;ECOCERAMIC\BESANA\PAV\ECOCERAMIC_PZ_BESANA-PAV_WHITE_100X100.webp;;BESANA/PAVIMEMNTO/PIEZAS/BAJA/PZ_BESANA WHITE 100X100.jpg;WooCommerce;origen < 2000px (se conserva 1600x1600)
ECOCERAMIC;BESANA;PAV;PZ_BESANA WHITE 120X120.jpg;ECOCERAMIC_PZ_BESANA-PAV_WHITE_120X120.webp;Pieza;;WHITE;120X120;;;Baja;4126x4126;1600x1600;18.9;0.54;97.2;BESANA/PAVIMEMNTO/PIEZAS/ALTA/PZ_BESANA WHITE 120X120.jpg;ECOCERAMIC\BESANA\PAV\ECOCERAMIC_PZ_BESANA-PAV_WHITE_120X120.webp;;BESANA/PAVIMEMNTO/PIEZAS/BAJA/PZ_BESANA WHITE 120X120.jpg;WooCommerce;origen < 2000px (se conserva 1600x1600)
ECOCERAMIC;BESANA;PAV;PZ_BESANA WHITE 60X120.jpg;ECOCERAMIC_PZ_BESANA-PAV_WHITE_60X120.webp;Pieza;;WHITE;60X120;;;Baja;7736x3898;2000x1008;34.38;0.39;98.9;BESANA/PAVIMEMNTO/PIEZAS/ALTA/PZ_BESANA WHITE 60X120.jpg;ECOCERAMIC\BESANA\PAV\ECOCERAMIC_PZ_BESANA-PAV_WHITE_60X120.webp;;BESANA/PAVIMEMNTO/PIEZAS/BAJA/PZ_BESANA WHITE 60X120.jpg;WooCommerce;
ECOCERAMIC;BESANA;PAV;PZ_BESANA WHITE 60X60.jpg;ECOCERAMIC_PZ_BESANA-PAV_WHITE_60X60.webp;Pieza;;WHITE;60X60;;;Baja;3898x3898;1600x1600;15.7;0.57;96.4;BESANA/PAVIMEMNTO/PIEZAS/ALTA/PZ_BESANA WHITE 60X60.jpg;ECOCERAMIC\BESANA\PAV\ECOCERAMIC_PZ_BESANA-PAV_WHITE_60X60.webp;;BESANA/PAVIMEMNTO/PIEZAS/BAJA/PZ_BESANA WHITE 60X60.jpg;WooCommerce;origen < 2000px (se conserva 1600x1600)
ECOCERAMIC;BESANA;REV;AMB_BESANA BONE 33.3X100 - 1.jpg;ECOCERAMIC_AMB_BESANA-REV_BONE_33.3X100_01.webp;Ambiente;;BONE;33.3X100;;;Baja;5000x4000;2000x1600;12.11;0.15;98.8;BESANA/REVESTIMIENTO/AMBIENTES/BAJA/AMB_BESANA BONE 33.3X100 - 1.jpg;ECOCERAMIC\BESANA\REV\ECOCERAMIC_AMB_BESANA-REV_BONE_33.3X100_01.webp;;BESANA/REVESTIMIENTO/AMBIENTES/ALTA/AMB_BESANA BONE 33.3X100 - 1.tif;WooCommerce;
ECOCERAMIC;BESANA;REV;AMB_BESANA BONE 33.3X100 - 2.jpg;ECOCERAMIC_AMB_BESANA-REV_BONE_33.3X100_02.webp;Ambiente;;BONE;33.3X100;;;Baja;5000x4000;2000x1600;10.28;0.11;98.9;BESANA/REVESTIMIENTO/AMBIENTES/BAJA/AMB_BESANA BONE 33.3X100 - 2.jpg;ECOCERAMIC\BESANA\REV\ECOCERAMIC_AMB_BESANA-REV_BONE_33.3X100_02.webp;;BESANA/REVESTIMIENTO/AMBIENTES/ALTA/AMB_BESANA BONE 33.3X100 - 2.tif;WooCommerce;
ECOCERAMIC;BESANA;REV;AMB_BESANA BONE 33.3X100 - SAND 100X100 - 1.jpg;ECOCERAMIC_AMB_BESANA-REV_BONE_SAND_33.3X100_100X100_01.webp;Ambiente;;BONE / SAND;33.3X100 / 100X100;;;Baja;5000x4000;2000x1600;12.15;0.15;98.7;BESANA/REVESTIMIENTO/AMBIENTES/BAJA/AMB_BESANA BONE 33.3X100 - SAND 100X100 - 1.jpg;ECOCERAMIC\BESANA\REV\ECOCERAMIC_AMB_BESANA-REV_BONE_SAND_33.3X100_100X100_01.webp;;BESANA/REVESTIMIENTO/AMBIENTES/ALTA/AMB_BESANA BONE 33.3X100 - SAND 100X100 - 1.tif;WooCommerce;
ECOCERAMIC;BESANA;REV;AMB_BESANA GREY 33.3X100 - 1.jpg;ECOCERAMIC_AMB_BESANA-REV_GREY_33.3X100_01.webp;Ambiente;;GREY;33.3X100;;;Baja;5000x4000;2000x1600;10.62;0.25;97.7;BESANA/REVESTIMIENTO/AMBIENTES/BAJA/AMB_BESANA GREY 33.3X100 - 1.jpg;ECOCERAMIC\BESANA\REV\ECOCERAMIC_AMB_BESANA-REV_GREY_33.3X100_01.webp;;BESANA/REVESTIMIENTO/AMBIENTES/ALTA/AMB_BESANA GREY 33.3X100 - 1.tif;WooCommerce;
ECOCERAMIC;BESANA;REV;AMB_BESANA GREY 33.3X100 - 2.jpg;ECOCERAMIC_AMB_BESANA-REV_GREY_33.3X100_02.webp;Ambiente;;GREY;33.3X100;;;Baja;5000x4000;2000x1600;9.51;0.16;98.3;BESANA/REVESTIMIENTO/AMBIENTES/BAJA/AMB_BESANA GREY 33.3X100 - 2.jpg;ECOCERAMIC\BESANA\REV\ECOCERAMIC_AMB_BESANA-REV_GREY_33.3X100_02.webp;;BESANA/REVESTIMIENTO/AMBIENTES/ALTA/AMB_BESANA GREY 33.3X100 - 2.tif;WooCommerce;
ECOCERAMIC;BESANA;REV;AMB_BESANA BONE - RLV. BONE 33.3X100-SAND 100X100.jpg;ECOCERAMIC_AMB_BESANA-REV_RLV_BONE_SAND_33.3X100_100X100.webp;Ambiente;RLV;BONE / SAND;33.3X100 / 100X100;;;Baja;5000x4000;2000x1600;12.78;0.19;98.5;BESANA/REVESTIMIENTO/AMBIENTES/BAJA/AMB_BESANA BONE - RLV. BONE 33.3X100-SAND 100X100.jpg;ECOCERAMIC\BESANA\REV\ECOCERAMIC_AMB_BESANA-REV_RLV_BONE_SAND_33.3X100_100X100.webp;;BESANA/REVESTIMIENTO/AMBIENTES/ALTA/AMB_BESANA BONE - RLV. BONE 33.3X100-SAND 100X100.tif;WooCommerce;
ECOCERAMIC;BESANA;REV;AMB_BESANA SAND 33.3X100 - 1.jpg;ECOCERAMIC_AMB_BESANA-REV_SAND_33.3X100_01.webp;Ambiente;;SAND;33.3X100;;;Baja;5000x4000;2000x1600;11.73;0.18;98.5;BESANA/REVESTIMIENTO/AMBIENTES/BAJA/AMB_BESANA SAND 33.3X100 - 1.jpg;ECOCERAMIC\BESANA\REV\ECOCERAMIC_AMB_BESANA-REV_SAND_33.3X100_01.webp;;BESANA/REVESTIMIENTO/AMBIENTES/ALTA/AMB_BESANA SAND 33.3X100 - 1.tif;WooCommerce;
ECOCERAMIC;BESANA;REV;AMB_BESANA SAND 33.3X100 - 2.jpg;ECOCERAMIC_AMB_BESANA-REV_SAND_33.3X100_02.webp;Ambiente;;SAND;33.3X100;;;Baja;5000x4000;2000x1600;9.76;0.12;98.8;BESANA/REVESTIMIENTO/AMBIENTES/BAJA/AMB_BESANA SAND 33.3X100 - 2.jpg;ECOCERAMIC\BESANA\REV\ECOCERAMIC_AMB_BESANA-REV_SAND_33.3X100_02.webp;;BESANA/REVESTIMIENTO/AMBIENTES/ALTA/AMB_BESANA SAND 33.3X100 - 2.tif;WooCommerce;
ECOCERAMIC;BESANA;REV;AMB_BESANA WHITE 33.3X100 - 1_.jpg;ECOCERAMIC_AMB_BESANA-REV_WHITE_33.3X100.webp;Ambiente;;WHITE;33.3X100;;;Baja;5000x4000;2000x1600;11.05;0.17;98.5;BESANA/REVESTIMIENTO/AMBIENTES/BAJA/AMB_BESANA WHITE 33.3X100 - 1_.jpg;ECOCERAMIC\BESANA\REV\ECOCERAMIC_AMB_BESANA-REV_WHITE_33.3X100.webp;;;WooCommerce;
ECOCERAMIC;BESANA;REV;AMB_BESANA WHITE 33.3X100 - 1.tif;ECOCERAMIC_AMB_BESANA-REV_WHITE_33.3X100_01.webp;Ambiente;;WHITE;33.3X100;;;Alta;5000x4000;2000x1600;114.47;0.17;99.9;BESANA/REVESTIMIENTO/AMBIENTES/ALTA/AMB_BESANA WHITE 33.3X100 - 1.tif;ECOCERAMIC\BESANA\REV\ECOCERAMIC_AMB_BESANA-REV_WHITE_33.3X100_01.webp;;;WooCommerce;
ECOCERAMIC;BESANA;REV;AMB_BESANA WHITE 33.3X100 - 2.jpg;ECOCERAMIC_AMB_BESANA-REV_WHITE_33.3X100_02.webp;Ambiente;;WHITE;33.3X100;;;Baja;5000x4000;2000x1600;9.07;0.1;98.9;BESANA/REVESTIMIENTO/AMBIENTES/BAJA/AMB_BESANA WHITE 33.3X100 - 2.jpg;ECOCERAMIC\BESANA\REV\ECOCERAMIC_AMB_BESANA-REV_WHITE_33.3X100_02.webp;;BESANA/REVESTIMIENTO/AMBIENTES/ALTA/AMB_BESANA WHITE 33.3X100 - 2.tif;WooCommerce;
ECOCERAMIC;BESANA;REV;PZ_BESANA BONE 33,3X100.jpg;ECOCERAMIC_PZ_BESANA-REV_BONE_33.3X100.webp;Pieza;;BONE;33.3X100;;;Baja;3212x1088;1800x610;4.6;0.37;92.0;BESANA/REVESTIMIENTO/PIEZAS/ALTA/PZ_BESANA BONE 33,3X100.jpg;ECOCERAMIC\BESANA\REV\ECOCERAMIC_PZ_BESANA-REV_BONE_33.3X100.webp;;BESANA/REVESTIMIENTO/PIEZAS/BAJA/PZ_BESANA BONE 33,3X100.jpg;WooCommerce;origen < 2000px (se conserva 1800x610)
ECOCERAMIC;BESANA;REV;PZ_BESANA GREY 33,3X100.jpg;ECOCERAMIC_PZ_BESANA-REV_GREY_33.3X100.webp;Pieza;;GREY;33.3X100;;;Baja;3213x1102;1800x617;4.12;0.37;90.9;BESANA/REVESTIMIENTO/PIEZAS/ALTA/PZ_BESANA GREY 33,3X100.jpg;ECOCERAMIC\BESANA\REV\ECOCERAMIC_PZ_BESANA-REV_GREY_33.3X100.webp;;BESANA/REVESTIMIENTO/PIEZAS/BAJA/PZ_BESANA GREY 33,3X100.jpg;WooCommerce;origen < 2000px (se conserva 1800x617)
ECOCERAMIC;BESANA;REV;PZ_RLV. BESANA BONE 33,3X100.jpg;ECOCERAMIC_PZ_BESANA-REV_RLV_BONE_33.3X100.webp;Pieza;RLV;BONE;33.3X100;;;Baja;3213x1102;1800x617;4.93;0.38;92.3;BESANA/REVESTIMIENTO/PIEZAS/ALTA/PZ_RLV. BESANA BONE 33,3X100.jpg;ECOCERAMIC\BESANA\REV\ECOCERAMIC_PZ_BESANA-REV_RLV_BONE_33.3X100.webp;;BESANA/REVESTIMIENTO/PIEZAS/BAJA/PZ_RLV. BESANA BONE 33,3X100.jpg;WooCommerce;origen < 2000px (se conserva 1800x617)
ECOCERAMIC;BESANA;REV;PZ_RLV. BESANA GREY 33,3X100.jpg;ECOCERAMIC_PZ_BESANA-REV_RLV_GREY_33.3X100.webp;Pieza;RLV;GREY;33.3X100;;;Baja;3213x1102;1600x549;4.81;0.34;93.0;BESANA/REVESTIMIENTO/PIEZAS/ALTA/PZ_RLV. BESANA GREY 33,3X100.jpg;ECOCERAMIC\BESANA\REV\ECOCERAMIC_PZ_BESANA-REV_RLV_GREY_33.3X100.webp;;BESANA/REVESTIMIENTO/PIEZAS/BAJA/PZ_RLV. BESANA GREY 33,3X100.jpg;WooCommerce;origen < 2000px (se conserva 1600x549)
ECOCERAMIC;BESANA;REV;PZ_RLV. BESANA SAND 33,3X100.jpg;ECOCERAMIC_PZ_BESANA-REV_RLV_SAND_33.3X100.webp;Pieza;RLV;SAND;33.3X100;;;Baja;3213x1102;1600x549;5.72;0.35;93.9;BESANA/REVESTIMIENTO/PIEZAS/ALTA/PZ_RLV. BESANA SAND 33,3X100.jpg;ECOCERAMIC\BESANA\REV\ECOCERAMIC_PZ_BESANA-REV_RLV_SAND_33.3X100.webp;;BESANA/REVESTIMIENTO/PIEZAS/BAJA/PZ_RLV. BESANA SAND 33,3X100.jpg;WooCommerce;origen < 2000px (se conserva 1600x549)
ECOCERAMIC;BESANA;REV;PZ_RLV. BESANA WHITE 33,3X100.jpg;ECOCERAMIC_PZ_BESANA-REV_RLV_WHITE_33.3X100.webp;Pieza;RLV;WHITE;33.3X100;;;Baja;3213x1088;2000x677;3.78;0.33;91.4;BESANA/REVESTIMIENTO/PIEZAS/ALTA/PZ_RLV. BESANA WHITE 33,3X100.jpg;ECOCERAMIC\BESANA\REV\ECOCERAMIC_PZ_BESANA-REV_RLV_WHITE_33.3X100.webp;;BESANA/REVESTIMIENTO/PIEZAS/BAJA/PZ_RLV. BESANA WHITE 33,3X100.jpg;WooCommerce;
ECOCERAMIC;BESANA;REV;PZ_BESANA SAND 33,3X100.jpg;ECOCERAMIC_PZ_BESANA-REV_SAND_33.3X100.webp;Pieza;;SAND;33.3X100;;;Baja;3213x1102;1600x549;5.25;0.33;93.7;BESANA/REVESTIMIENTO/PIEZAS/ALTA/PZ_BESANA SAND 33,3X100.jpg;ECOCERAMIC\BESANA\REV\ECOCERAMIC_PZ_BESANA-REV_SAND_33.3X100.webp;;BESANA/REVESTIMIENTO/PIEZAS/BAJA/PZ_BESANA SAND 33,3X100.jpg;WooCommerce;origen < 2000px (se conserva 1600x549)
ECOCERAMIC;BESANA;REV;PZ_BESANA WHITE 33,3X100.jpg;ECOCERAMIC_PZ_BESANA-REV_WHITE_33.3X100.webp;Pieza;;WHITE;33.3X100;;;Baja;3213x1102;2000x686;3.73;0.38;89.9;BESANA/REVESTIMIENTO/PIEZAS/ALTA/PZ_BESANA WHITE 33,3X100.jpg;ECOCERAMIC\BESANA\REV\ECOCERAMIC_PZ_BESANA-REV_WHITE_33.3X100.webp;;BESANA/REVESTIMIENTO/PIEZAS/BAJA/PZ_BESANA WHITE 33,3X100.jpg;WooCommerce;
ECOCERAMIC;BORNEO;;AMB_BORNEO GRIS.jpg;ECOCERAMIC_AMB_BORNEO_GRIS.webp;Ambiente;;GRIS;;;;Baja;2500x1750;1800x1260;1.05;0.36;65.6;BORNEO/AMBIENTES/AMB_BORNEO GRIS.jpg;ECOCERAMIC\BORNEO\ECOCERAMIC_AMB_BORNEO_GRIS.webp;;BORNEO/AMBIENTES/AMB_BORNEO GRIS.tif;WooCommerce;origen < 2000px (se conserva 1800x1260)
ECOCERAMIC;BORNEO;;AMB_BORNEO HAYA.tif;ECOCERAMIC_AMB_BORNEO_HAYA.webp;Ambiente;;HAYA;;;;Alta;5000x3500;2000x1400;129.46;0.38;99.7;BORNEO/AMBIENTES/AMB_BORNEO HAYA.tif;ECOCERAMIC\BORNEO\ECOCERAMIC_AMB_BORNEO_HAYA.webp;;;WooCommerce;
ECOCERAMIC;BORNEO;;AMB_BORNEO_HAYA_23X120_INEDIT_BLANCO_30X90.tif;ECOCERAMIC_AMB_BORNEO_HAYA_23X120_30X90.webp;Ambiente;;HAYA;23X120 / 30X90;;;Alta;5500x3850;2000x1400;80.78;0.22;99.7;BORNEO/AMBIENTES/AMB_BORNEO_HAYA_23X120_INEDIT_BLANCO_30X90.tif;ECOCERAMIC\BORNEO\ECOCERAMIC_AMB_BORNEO_HAYA_23X120_30X90.webp;;;WooCommerce;
ECOCERAMIC;BORNEO;;AMB_BORNEO DETALLE IVORY.tif;ECOCERAMIC_AMB_BORNEO_IVORY_DETALLE.webp;Ambiente;;IVORY;;DETALLE;;Alta;5000x3500;2000x1400;100.16;0.36;99.6;BORNEO/AMBIENTES/AMB_BORNEO DETALLE IVORY.tif;ECOCERAMIC\BORNEO\ECOCERAMIC_AMB_BORNEO_IVORY_DETALLE.webp;;;WooCommerce;
ECOCERAMIC;BORNEO;;AMB_BORNEO DETALLE NOGAL.tif;ECOCERAMIC_AMB_BORNEO_NOGAL_DETALLE.webp;Ambiente;;NOGAL;;DETALLE;;Alta;5000x3500;1800x1260;397.85;0.37;99.9;BORNEO/AMBIENTES/AMB_BORNEO DETALLE NOGAL.tif;ECOCERAMIC\BORNEO\ECOCERAMIC_AMB_BORNEO_NOGAL_DETALLE.webp;;;WooCommerce;origen < 2000px (se conserva 1800x1260)
ECOCERAMIC;BORNEO;;AMB_BORNEO DETALLE ROBLE.tif;ECOCERAMIC_AMB_BORNEO_ROBLE_DETALLE.webp;Ambiente;;ROBLE;;DETALLE;;Alta;5000x3500;1600x1120;129.33;0.39;99.7;BORNEO/AMBIENTES/AMB_BORNEO DETALLE ROBLE.tif;ECOCERAMIC\BORNEO\ECOCERAMIC_AMB_BORNEO_ROBLE_DETALLE.webp;;;WooCommerce;origen < 2000px (se conserva 1600x1120)
ECOCERAMIC;BORNEO;;AMB_BORNEO DETALLE STRAW.tif;ECOCERAMIC_AMB_BORNEO_STRAW_DETALLE.webp;Ambiente;;STRAW;;DETALLE;;Alta;5000x3500;1800x1260;129.49;0.37;99.7;BORNEO/AMBIENTES/AMB_BORNEO DETALLE STRAW.tif;ECOCERAMIC\BORNEO\ECOCERAMIC_AMB_BORNEO_STRAW_DETALLE.webp;;;WooCommerce;origen < 2000px (se conserva 1800x1260)
ECOCERAMIC;BORNEO;;AMB_BORNEO TAUPE-OYSTER IVORY.jpg;ECOCERAMIC_AMB_BORNEO_TAUPE.webp;Ambiente;;TAUPE;;;OYSTER;Baja;5000x3500;2000x1400;9.36;0.25;97.4;BORNEO/AMBIENTES/AMB_BORNEO TAUPE-OYSTER IVORY.jpg;ECOCERAMIC\BORNEO\ECOCERAMIC_AMB_BORNEO_TAUPE.webp;;BORNEO/AMBIENTES/AMB_BORNEO TAUPE-OYSTER IVORY.tif;WooCommerce;
ECOCERAMIC;BORNEO;;AMB_BORNEO TAUPE.jpg;ECOCERAMIC_AMB_BORNEO_TAUPE_V2.webp;Ambiente;;TAUPE;;;;Baja;5000x3500;1800x1260;13.29;0.38;97.2;BORNEO/AMBIENTES/AMB_BORNEO TAUPE.jpg;ECOCERAMIC\BORNEO\ECOCERAMIC_AMB_BORNEO_TAUPE_V2.webp;;BORNEO/AMBIENTES/AMB_BORNEO TAUPE.tif;WooCommerce;nombre desambiguado (_V) | origen < 2000px (se conserva 1800x1260)
ECOCERAMIC;BORNEO;;Borneo Gris.jpg;ECOCERAMIC_PZ_BORNEO_GRIS.webp;Pieza;;GRIS;;;;Baja;4051x774;2000x382;3.62;0.15;95.8;BORNEO/PIEZAS/Borneo Gris.jpg;ECOCERAMIC\BORNEO\ECOCERAMIC_PZ_BORNEO_GRIS.webp;;"BORNEO/PIEZAS/Borneo Gris.tif ; BORNEO/PIEZAS/Borneo Gris-Web.jpg";WooCommerce;
ECOCERAMIC;BORNEO;;Borneo Haya.jpg;ECOCERAMIC_PZ_BORNEO_HAYA.webp;Pieza;;HAYA;;;;Baja;4051x774;2000x382;3.61;0.14;96.2;BORNEO/PIEZAS/Borneo Haya.jpg;ECOCERAMIC\BORNEO\ECOCERAMIC_PZ_BORNEO_HAYA.webp;;"BORNEO/PIEZAS/Borneo Haya.tif ; BORNEO/PIEZAS/Borneo Haya-Web.jpg";WooCommerce;
ECOCERAMIC;BORNEO;;Borneo Ivory.jpg;ECOCERAMIC_PZ_BORNEO_IVORY.webp;Pieza;;IVORY;;;;Baja;3907x741;2000x379;2.7;0.05;98.2;BORNEO/PIEZAS/Borneo Ivory.jpg;ECOCERAMIC\BORNEO\ECOCERAMIC_PZ_BORNEO_IVORY.webp;;"BORNEO/PIEZAS/Borneo Ivory.tif ; BORNEO/PIEZAS/Borneo Ivory-Web.jpg";WooCommerce;
ECOCERAMIC;BORNEO;;Borneo Nogal.jpg;ECOCERAMIC_PZ_BORNEO_NOGAL.webp;Pieza;;NOGAL;;;;Baja;4051x774;2000x382;3.8;0.18;95.4;BORNEO/PIEZAS/Borneo Nogal.jpg;ECOCERAMIC\BORNEO\ECOCERAMIC_PZ_BORNEO_NOGAL.webp;;"BORNEO/PIEZAS/Borneo Nogal.tif ; BORNEO/PIEZAS/Borneo Nogal-Web.jpg";WooCommerce;
ECOCERAMIC;BORNEO;;Borneo Roble.jpg;ECOCERAMIC_PZ_BORNEO_ROBLE.webp;Pieza;;ROBLE;;;;Baja;4051x774;2000x382;3.81;0.18;95.2;BORNEO/PIEZAS/Borneo Roble.jpg;ECOCERAMIC\BORNEO\ECOCERAMIC_PZ_BORNEO_ROBLE.webp;;"BORNEO/PIEZAS/Borneo Roble.tif ; BORNEO/PIEZAS/Borneo Roble-Web.jpg";WooCommerce;
ECOCERAMIC;BORNEO;;Borneo Straw.jpg;ECOCERAMIC_PZ_BORNEO_STRAW.webp;Pieza;;STRAW;;;;Baja;4051x774;2000x382;3.76;0.16;95.8;BORNEO/PIEZAS/Borneo Straw.jpg;ECOCERAMIC\BORNEO\ECOCERAMIC_PZ_BORNEO_STRAW.webp;;"BORNEO/PIEZAS/Borneo Straw.tif ; BORNEO/PIEZAS/Borneo Straw-Web.jpg";WooCommerce;
ECOCERAMIC;BORNEO;;Borneo Taupe.jpg;ECOCERAMIC_PZ_BORNEO_TAUPE.webp;Pieza;;TAUPE;;;;Baja;4051x774;2000x382;3.68;0.15;95.9;BORNEO/PIEZAS/Borneo Taupe.jpg;ECOCERAMIC\BORNEO\ECOCERAMIC_PZ_BORNEO_TAUPE.webp;;"BORNEO/PIEZAS/Borneo Taupe.tif ; BORNEO/PIEZAS/Borneo Taupe-Web.jpg";WooCommerce;
ECOCERAMIC;BORNEO DECK;;AMB_DECK BORNEO GRIS.jpg;ECOCERAMIC_AMB_BORNEO-DECK_DECK_GRIS.webp;Ambiente;DECK;GRIS;;;;Baja;5000x3754;1600x1201;6.73;0.36;94.6;BORNEO DECK/AMBIENTES/AMB_DECK BORNEO GRIS.jpg;ECOCERAMIC\BORNEO DECK\ECOCERAMIC_AMB_BORNEO-DECK_DECK_GRIS.webp;ECOCERAMIC\BORNEO\ECOCERAMIC_AMB_BORNEO-DECK_DECK_GRIS.webp;BORNEO DECK/AMBIENTES/AMB_DECK BORNEO GRIS.tif;WooCommerce;origen < 2000px (se conserva 1600x1201)
ECOCERAMIC;BORNEO DECK;;AMB_DECK BORNEO STRAW.jpg;ECOCERAMIC_AMB_BORNEO-DECK_DECK_STRAW.webp;Ambiente;DECK;STRAW;;;;Baja;2500x1877;1600x1201;2.19;0.38;82.6;BORNEO DECK/AMBIENTES/AMB_DECK BORNEO STRAW.jpg;ECOCERAMIC\BORNEO DECK\ECOCERAMIC_AMB_BORNEO-DECK_DECK_STRAW.webp;ECOCERAMIC\BORNEO\ECOCERAMIC_AMB_BORNEO-DECK_DECK_STRAW.webp;BORNEO DECK/AMBIENTES/AMB_DECK BORNEO STRAW.tif;WooCommerce;origen < 2000px (se conserva 1600x1201)
ECOCERAMIC;BORNEO DECK;;Corner Deck Borneo Roble.jpg;ECOCERAMIC_PZ_BORNEO-DECK_CORNER_DECK_ROBLE.webp;Pieza;CORNER / DECK;ROBLE;;;;Baja;8620x3928;2000x911;6.61;0.08;98.8;BORNEO DECK/PIEZAS/Corner Deck Borneo Roble.jpg;ECOCERAMIC\BORNEO DECK\ECOCERAMIC_PZ_BORNEO-DECK_CORNER_DECK_ROBLE.webp;;;WooCommerce;
ECOCERAMIC;BORNEO DECK;;Deck Borneo Gris.tif;ECOCERAMIC_PZ_BORNEO-DECK_DECK_GRIS.webp;Pieza;DECK;GRIS;;;;Alta;8102x1548;2000x382;24.32;0.13;99.5;BORNEO DECK/PIEZAS/Deck Borneo Gris.tif;ECOCERAMIC\BORNEO DECK\ECOCERAMIC_PZ_BORNEO-DECK_DECK_GRIS.webp;;BORNEO DECK/PIEZAS/Deck Borneo Gris.jpg;WooCommerce;
ECOCERAMIC;BORNEO DECK;;Deck Borneo Haya.tif;ECOCERAMIC_PZ_BORNEO-DECK_DECK_HAYA.webp;Pieza;DECK;HAYA;;;;Alta;8102x1548;2000x382;23.67;0.12;99.5;BORNEO DECK/PIEZAS/Deck Borneo Haya.tif;ECOCERAMIC\BORNEO DECK\ECOCERAMIC_PZ_BORNEO-DECK_DECK_HAYA.webp;;BORNEO DECK/PIEZAS/Deck Borneo Haya.jpg;WooCommerce;
ECOCERAMIC;BORNEO DECK;;Deck Borneo Ivory.tif;ECOCERAMIC_PZ_BORNEO-DECK_DECK_IVORY.webp;Pieza;DECK;IVORY;;;;Alta;7813x1482;2000x379;19.44;0.06;99.7;BORNEO DECK/PIEZAS/Deck Borneo Ivory.tif;ECOCERAMIC\BORNEO DECK\ECOCERAMIC_PZ_BORNEO-DECK_DECK_IVORY.webp;;BORNEO DECK/PIEZAS/Deck Borneo Ivory.jpg;WooCommerce;
ECOCERAMIC;BORNEO DECK;;Deck Borneo Nogal.tif;ECOCERAMIC_PZ_BORNEO-DECK_DECK_NOGAL.webp;Pieza;DECK;NOGAL;;;;Alta;8102x1548;2000x382;23.54;0.15;99.3;BORNEO DECK/PIEZAS/Deck Borneo Nogal.tif;ECOCERAMIC\BORNEO DECK\ECOCERAMIC_PZ_BORNEO-DECK_DECK_NOGAL.webp;;BORNEO DECK/PIEZAS/Deck Borneo Nogal.jpg;WooCommerce;
ECOCERAMIC;BORNEO DECK;;Deck Borneo Roble.tif;ECOCERAMIC_PZ_BORNEO-DECK_DECK_ROBLE.webp;Pieza;DECK;ROBLE;;;;Alta;8102x1548;2000x382;23.6;0.16;99.3;BORNEO DECK/PIEZAS/Deck Borneo Roble.tif;ECOCERAMIC\BORNEO DECK\ECOCERAMIC_PZ_BORNEO-DECK_DECK_ROBLE.webp;;BORNEO DECK/PIEZAS/Deck Borneo Roble.jpg;WooCommerce;
ECOCERAMIC;BORNEO DECK;;Deck Borneo Straw.tif;ECOCERAMIC_PZ_BORNEO-DECK_DECK_STRAW.webp;Pieza;DECK;STRAW;;;;Alta;8102x1548;2000x382;23.79;0.14;99.4;BORNEO DECK/PIEZAS/Deck Borneo Straw.tif;ECOCERAMIC\BORNEO DECK\ECOCERAMIC_PZ_BORNEO-DECK_DECK_STRAW.webp;;BORNEO DECK/PIEZAS/Deck Borneo Straw.jpg;WooCommerce;
ECOCERAMIC;BORNEO DECK;;Deck Borneo Taupe.tif;ECOCERAMIC_PZ_BORNEO-DECK_DECK_TAUPE.webp;Pieza;DECK;TAUPE;;;;Alta;8102x1548;2000x382;23.76;0.13;99.5;BORNEO DECK/PIEZAS/Deck Borneo Taupe.tif;ECOCERAMIC\BORNEO DECK\ECOCERAMIC_PZ_BORNEO-DECK_DECK_TAUPE.webp;;BORNEO DECK/PIEZAS/Deck Borneo Taupe.jpg;WooCommerce;
ECOCERAMIC;CAPITOL;PAV;AMB_CAPITOL ARENA 100X100-2.jpg;ECOCERAMIC_AMB_CAPITOL-PAV_ARENA_100X100_02.webp;Ambiente;;ARENA;100X100;;;Baja;5000x4500;2000x1800;6.35;0.06;99.0;CAPITOL/PAVIMENTO/AMBIENTES/BAJA/AMB_CAPITOL ARENA 100X100-2.jpg;ECOCERAMIC\CAPITOL\PAV\ECOCERAMIC_AMB_CAPITOL-PAV_ARENA_100X100_02.webp;;CAPITOL/PAVIMENTO/AMBIENTES/ALTA/AMB_CAPITOL ARENA 100X100-2.tif;WooCommerce;
ECOCERAMIC;CAPITOL;PAV;AMB_CAPITOL ARENA 120X120-2.jpg;ECOCERAMIC_AMB_CAPITOL-PAV_ARENA_120X120_02.webp;Ambiente;;ARENA;120X120;;;Baja;5000x4500;2000x1800;7.95;0.07;99.1;CAPITOL/PAVIMENTO/AMBIENTES/BAJA/AMB_CAPITOL ARENA 120X120-2.jpg;ECOCERAMIC\CAPITOL\PAV\ECOCERAMIC_AMB_CAPITOL-PAV_ARENA_120X120_02.webp;;CAPITOL/PAVIMENTO/AMBIENTES/ALTA/AMB_CAPITOL ARENA 120X120-2.tif;WooCommerce;
ECOCERAMIC;CAPITOL;PAV;AMB_CAPITOL ARENA 120X120-60X120-2.jpg;ECOCERAMIC_AMB_CAPITOL-PAV_ARENA_120X120_60X120_02.webp;Ambiente;;ARENA;120X120 / 60X120;;;Baja;5000x4500;2000x1800;7.38;0.07;99.1;CAPITOL/PAVIMENTO/AMBIENTES/BAJA/AMB_CAPITOL ARENA 120X120-60X120-2.jpg;ECOCERAMIC\CAPITOL\PAV\ECOCERAMIC_AMB_CAPITOL-PAV_ARENA_120X120_60X120_02.webp;;CAPITOL/PAVIMENTO/AMBIENTES/ALTA/AMB_CAPITOL ARENA 120X120-60X120-2.tif;WooCommerce;
ECOCERAMIC;CAPITOL;PAV;AMB_CAPITOL BLANCO 100X100-2.jpg;ECOCERAMIC_AMB_CAPITOL-PAV_BLANCO_100X100_02.webp;Ambiente;;BLANCO;100X100;;;Baja;5000x4500;2000x1800;5.43;0.05;99.0;CAPITOL/PAVIMENTO/AMBIENTES/BAJA/AMB_CAPITOL BLANCO 100X100-2.jpg;ECOCERAMIC\CAPITOL\PAV\ECOCERAMIC_AMB_CAPITOL-PAV_BLANCO_100X100_02.webp;;CAPITOL/PAVIMENTO/AMBIENTES/ALTA/AMB_CAPITOL BLANCO 100X100-2.tif;WooCommerce;
ECOCERAMIC;CAPITOL;PAV;AMB_CAPITOL BLANCO 120X120-2.jpg;ECOCERAMIC_AMB_CAPITOL-PAV_BLANCO_120X120_02.webp;Ambiente;;BLANCO;120X120;;;Baja;5000x4500;2000x1800;7.14;0.06;99.1;CAPITOL/PAVIMENTO/AMBIENTES/BAJA/AMB_CAPITOL BLANCO 120X120-2.jpg;ECOCERAMIC\CAPITOL\PAV\ECOCERAMIC_AMB_CAPITOL-PAV_BLANCO_120X120_02.webp;;CAPITOL/PAVIMENTO/AMBIENTES/ALTA/AMB_CAPITOL BLANCO 120X120-2.tif;WooCommerce;
ECOCERAMIC;CAPITOL;PAV;AMB_CAPITOL BLANCO 120X120-60X120-2.jpg;ECOCERAMIC_AMB_CAPITOL-PAV_BLANCO_120X120_60X120_02.webp;Ambiente;;BLANCO;120X120 / 60X120;;;Baja;5000x4500;2000x1800;7.12;0.06;99.1;CAPITOL/PAVIMENTO/AMBIENTES/BAJA/AMB_CAPITOL BLANCO 120X120-60X120-2.jpg;ECOCERAMIC\CAPITOL\PAV\ECOCERAMIC_AMB_CAPITOL-PAV_BLANCO_120X120_60X120_02.webp;;CAPITOL/PAVIMENTO/AMBIENTES/ALTA/AMB_CAPITOL BLANCO 120X120-60X120-2.tif;WooCommerce;
ECOCERAMIC;CAPITOL;PAV;AMB_CAPITOL HUESO 100X100-2.jpg;ECOCERAMIC_AMB_CAPITOL-PAV_HUESO_100X100_02.webp;Ambiente;;HUESO;100X100;;;Baja;5000x4500;2000x1800;5.57;0.05;99.0;CAPITOL/PAVIMENTO/AMBIENTES/BAJA/AMB_CAPITOL HUESO 100X100-2.jpg;ECOCERAMIC\CAPITOL\PAV\ECOCERAMIC_AMB_CAPITOL-PAV_HUESO_100X100_02.webp;;CAPITOL/PAVIMENTO/AMBIENTES/ALTA/AMB_CAPITOL HUESO 100X100-2.tif;WooCommerce;
ECOCERAMIC;CAPITOL;PAV;AMB_CAPITOL HUESO 120X120-2.jpg;ECOCERAMIC_AMB_CAPITOL-PAV_HUESO_120X120_02.webp;Ambiente;;HUESO;120X120;;;Baja;5000x4500;2000x1800;8.05;0.07;99.1;CAPITOL/PAVIMENTO/AMBIENTES/BAJA/AMB_CAPITOL HUESO 120X120-2.jpg;ECOCERAMIC\CAPITOL\PAV\ECOCERAMIC_AMB_CAPITOL-PAV_HUESO_120X120_02.webp;;CAPITOL/PAVIMENTO/AMBIENTES/ALTA/AMB_CAPITOL HUESO 120X120-2.tif;WooCommerce;
ECOCERAMIC;CAPITOL;PAV;AMB_CAPITOL HUESO 120X120-60X120-2.jpg;ECOCERAMIC_AMB_CAPITOL-PAV_HUESO_120X120_60X120_02.webp;Ambiente;;HUESO;120X120 / 60X120;;;Baja;5000x4500;2000x1800;7.65;0.06;99.2;CAPITOL/PAVIMENTO/AMBIENTES/BAJA/AMB_CAPITOL HUESO 120X120-60X120-2.jpg;ECOCERAMIC\CAPITOL\PAV\ECOCERAMIC_AMB_CAPITOL-PAV_HUESO_120X120_60X120_02.webp;;CAPITOL/PAVIMENTO/AMBIENTES/ALTA/AMB_CAPITOL HUESO 120X120-60X120-2.tif;WooCommerce;
ECOCERAMIC;CAPITOL;PAV;AMB_CAPITOL PEARL 60X120 - DETALLE.jpg;ECOCERAMIC_AMB_CAPITOL-PAV_PEARL_60X120_DETALLE.webp;Ambiente;;PEARL;60X120;DETALLE;;Baja;5000x3500;2000x1400;12.11;0.38;96.8;CAPITOL/PAVIMENTO/AMBIENTES/BAJA/AMB_CAPITOL PEARL 60X120 - DETALLE.jpg;ECOCERAMIC\CAPITOL\PAV\ECOCERAMIC_AMB_CAPITOL-PAV_PEARL_60X120_DETALLE.webp;;CAPITOL/PAVIMENTO/AMBIENTES/ALTA/AMB_CAPITOL PEARL 60X120 - DETALLE.tif;WooCommerce;
ECOCERAMIC;CAPITOL;PAV;AMB_CAPITOL PERLA-BLANCO 120X120-1.jpg;ECOCERAMIC_AMB_CAPITOL-PAV_PERLA_BLANCO_120X120_01.webp;Ambiente;;PERLA / BLANCO;120X120;;;Baja;5000x4000;2000x1600;9.4;0.12;98.7;CAPITOL/PAVIMENTO/AMBIENTES/BAJA/AMB_CAPITOL PERLA-BLANCO 120X120-1.jpg;ECOCERAMIC\CAPITOL\PAV\ECOCERAMIC_AMB_CAPITOL-PAV_PERLA_BLANCO_120X120_01.webp;;CAPITOL/PAVIMENTO/AMBIENTES/ALTA/AMB_CAPITOL PERLA-BLANCO 120X120-1.tif;WooCommerce;
ECOCERAMIC;CAPITOL;PAV;AMB_CAPITOL PERLA-BLANCO 120X120-2.jpg;ECOCERAMIC_AMB_CAPITOL-PAV_PERLA_BLANCO_120X120_02.webp;Ambiente;;PERLA / BLANCO;120X120;;;Baja;5000x4000;2000x1600;8.28;0.1;98.8;CAPITOL/PAVIMENTO/AMBIENTES/BAJA/AMB_CAPITOL PERLA-BLANCO 120X120-2.jpg;ECOCERAMIC\CAPITOL\PAV\ECOCERAMIC_AMB_CAPITOL-PAV_PERLA_BLANCO_120X120_02.webp;;CAPITOL/PAVIMENTO/AMBIENTES/ALTA/AMB_CAPITOL PERLA-BLANCO 120X120-2.tif;WooCommerce;
ECOCERAMIC;CAPITOL;PAV;AMB_CAPITOL PERLA-BLANCO 120X120-3.jpg;ECOCERAMIC_AMB_CAPITOL-PAV_PERLA_BLANCO_120X120_03.webp;Ambiente;;PERLA / BLANCO;120X120;;;Baja;5000x4000;2000x1600;8.55;0.12;98.5;CAPITOL/PAVIMENTO/AMBIENTES/BAJA/AMB_CAPITOL PERLA-BLANCO 120X120-3.jpg;ECOCERAMIC\CAPITOL\PAV\ECOCERAMIC_AMB_CAPITOL-PAV_PERLA_BLANCO_120X120_03.webp;;CAPITOL/PAVIMENTO/AMBIENTES/ALTA/AMB_CAPITOL PERLA-BLANCO 120X120-3.tif;WooCommerce;
ECOCERAMIC;CAPITOL;PAV;PZ_CAPITOL ARENA 100X100.jpg;ECOCERAMIC_PZ_CAPITOL-PAV_ARENA_100X100.webp;Pieza;;ARENA;100X100;;;Baja;3898x3898;2000x2000;4.99;0.28;94.3;CAPITOL/PAVIMENTO/PIEZAS/ALTA/PZ_CAPITOL ARENA 100X100.jpg;ECOCERAMIC\CAPITOL\PAV\ECOCERAMIC_PZ_CAPITOL-PAV_ARENA_100X100.webp;;CAPITOL/PAVIMENTO/PIEZAS/BAJA/PZ_CAPITOL ARENA 100X100.jpg;WooCommerce;
ECOCERAMIC;CAPITOL;PAV;PZ_CAPITOL ARENA 120X120.jpg;ECOCERAMIC_PZ_CAPITOL-PAV_ARENA_120X120.webp;Pieza;;ARENA;120X120;;;Baja;4500x4500;2000x2000;16.41;0.18;98.9;CAPITOL/PAVIMENTO/PIEZAS/ALTA/PZ_CAPITOL ARENA 120X120.jpg;ECOCERAMIC\CAPITOL\PAV\ECOCERAMIC_PZ_CAPITOL-PAV_ARENA_120X120.webp;;CAPITOL/PAVIMENTO/PIEZAS/BAJA/PZ_CAPITOL ARENA 120X120.jpg;WooCommerce;
ECOCERAMIC;CAPITOL;PAV;PZ_CAPITOL ARENA 60X120.jpg;ECOCERAMIC_PZ_CAPITOL-PAV_ARENA_60X120.webp;Pieza;;ARENA;60X120;;;Baja;5197x2598;2000x1000;4.38;0.08;98.2;CAPITOL/PAVIMENTO/PIEZAS/ALTA/PZ_CAPITOL ARENA 60X120.jpg;ECOCERAMIC\CAPITOL\PAV\ECOCERAMIC_PZ_CAPITOL-PAV_ARENA_60X120.webp;;CAPITOL/PAVIMENTO/PIEZAS/BAJA/PZ_CAPITOL ARENA 60X120.jpg;WooCommerce;
ECOCERAMIC;CAPITOL;PAV;PZ_CAPITOL ARENA 60X60.jpg;ECOCERAMIC_PZ_CAPITOL-PAV_ARENA_60X60.webp;Pieza;;ARENA;60X60;;;Baja;2598x2598;1600x1600;2.17;0.35;83.7;CAPITOL/PAVIMENTO/PIEZAS/ALTA/PZ_CAPITOL ARENA 60X60.jpg;ECOCERAMIC\CAPITOL\PAV\ECOCERAMIC_PZ_CAPITOL-PAV_ARENA_60X60.webp;;CAPITOL/PAVIMENTO/PIEZAS/BAJA/PZ_CAPITOL ARENA 60X60.jpg;WooCommerce;origen < 2000px (se conserva 1600x1600)
ECOCERAMIC;CAPITOL;PAV;PZ_CAPITOL BLANCO 100X100.jpg;ECOCERAMIC_PZ_CAPITOL-PAV_BLANCO_100X100.webp;Pieza;;BLANCO;100X100;;;Baja;3898x3898;2000x2000;7.18;0.12;98.3;CAPITOL/PAVIMENTO/PIEZAS/ALTA/PZ_CAPITOL BLANCO 100X100.jpg;ECOCERAMIC\CAPITOL\PAV\ECOCERAMIC_PZ_CAPITOL-PAV_BLANCO_100X100.webp;;CAPITOL/PAVIMENTO/PIEZAS/BAJA/PZ_CAPITOL BLANCO 100X100.jpg;WooCommerce;
ECOCERAMIC;CAPITOL;PAV;PZ_CAPITOL BLANCO 120X120.jpg;ECOCERAMIC_PZ_CAPITOL-PAV_BLANCO_120X120.webp;Pieza;;BLANCO;120X120;;;Baja;4500x4500;2000x2000;13.34;0.04;99.7;CAPITOL/PAVIMENTO/PIEZAS/ALTA/PZ_CAPITOL BLANCO 120X120.jpg;ECOCERAMIC\CAPITOL\PAV\ECOCERAMIC_PZ_CAPITOL-PAV_BLANCO_120X120.webp;;CAPITOL/PAVIMENTO/PIEZAS/BAJA/PZ_CAPITOL BLANCO 120X120.jpg;WooCommerce;
ECOCERAMIC;CAPITOL;PAV;PZ_CAPITOL BLANCO 60X120.jpg;ECOCERAMIC_PZ_CAPITOL-PAV_BLANCO_60X120.webp;Pieza;;BLANCO;60X120;;;Baja;5197x2598;2000x1000;7.58;0.04;99.4;CAPITOL/PAVIMENTO/PIEZAS/ALTA/PZ_CAPITOL BLANCO 60X120.jpg;ECOCERAMIC\CAPITOL\PAV\ECOCERAMIC_PZ_CAPITOL-PAV_BLANCO_60X120.webp;;CAPITOL/PAVIMENTO/PIEZAS/BAJA/PZ_CAPITOL BLANCO 60X120.jpg;WooCommerce;
ECOCERAMIC;CAPITOL;PAV;PZ_CAPITOL BLANCO 60X60.jpg;ECOCERAMIC_PZ_CAPITOL-PAV_BLANCO_60X60.webp;Pieza;;BLANCO;60X60;;;Baja;2598x2598;2000x2000;3.09;0.23;92.4;CAPITOL/PAVIMENTO/PIEZAS/ALTA/PZ_CAPITOL BLANCO 60X60.jpg;ECOCERAMIC\CAPITOL\PAV\ECOCERAMIC_PZ_CAPITOL-PAV_BLANCO_60X60.webp;;CAPITOL/PAVIMENTO/PIEZAS/BAJA/PZ_CAPITOL BLANCO 60X60.jpg;WooCommerce;
ECOCERAMIC;CAPITOL;PAV;PZ_CAPITOL HUESO 100X100.jpg;ECOCERAMIC_PZ_CAPITOL-PAV_HUESO_100X100.webp;Pieza;;HUESO;100X100;;;Baja;3898x3898;2000x2000;7.57;0.07;99.0;CAPITOL/PAVIMENTO/PIEZAS/ALTA/PZ_CAPITOL HUESO 100X100.jpg;ECOCERAMIC\CAPITOL\PAV\ECOCERAMIC_PZ_CAPITOL-PAV_HUESO_100X100.webp;;CAPITOL/PAVIMENTO/PIEZAS/BAJA/PZ_CAPITOL HUESO 100X100.jpg;WooCommerce;
ECOCERAMIC;CAPITOL;PAV;PZ_CAPITOL HUESO 120X120.jpg;ECOCERAMIC_PZ_CAPITOL-PAV_HUESO_120X120.webp;Pieza;;HUESO;120X120;;;Baja;4500x4500;2000x2000;14.3;0.06;99.6;CAPITOL/PAVIMENTO/PIEZAS/ALTA/PZ_CAPITOL HUESO 120X120.jpg;ECOCERAMIC\CAPITOL\PAV\ECOCERAMIC_PZ_CAPITOL-PAV_HUESO_120X120.webp;;CAPITOL/PAVIMENTO/PIEZAS/BAJA/PZ_CAPITOL HUESO 120X120.jpg;WooCommerce;
ECOCERAMIC;CAPITOL;PAV;PZ_CAPITOL HUESO 60X120.jpg;ECOCERAMIC_PZ_CAPITOL-PAV_HUESO_60X120.webp;Pieza;;HUESO;60X120;;;Baja;5197x2598;2000x1000;7.35;0.02;99.8;CAPITOL/PAVIMENTO/PIEZAS/ALTA/PZ_CAPITOL HUESO 60X120.jpg;ECOCERAMIC\CAPITOL\PAV\ECOCERAMIC_PZ_CAPITOL-PAV_HUESO_60X120.webp;;CAPITOL/PAVIMENTO/PIEZAS/BAJA/PZ_CAPITOL HUESO 60X120.jpg;WooCommerce;
ECOCERAMIC;CAPITOL;PAV;PZ_CAPITOL HUESO 60X60.jpg;ECOCERAMIC_PZ_CAPITOL-PAV_HUESO_60X60.webp;Pieza;;HUESO;60X60;;;Baja;2598x2598;2000x2000;3.41;0.2;94.1;CAPITOL/PAVIMENTO/PIEZAS/ALTA/PZ_CAPITOL HUESO 60X60.jpg;ECOCERAMIC\CAPITOL\PAV\ECOCERAMIC_PZ_CAPITOL-PAV_HUESO_60X60.webp;;CAPITOL/PAVIMENTO/PIEZAS/BAJA/PZ_CAPITOL HUESO 60X60.jpg;WooCommerce;
ECOCERAMIC;CAPITOL;PAV;PZ_CAPITOL PERLA 100X100.jpg;ECOCERAMIC_PZ_CAPITOL-PAV_PERLA_100X100.webp;Pieza;;PERLA;100X100;;;Baja;3898x3898;2000x2000;7.72;0.37;95.2;CAPITOL/PAVIMENTO/PIEZAS/ALTA/PZ_CAPITOL PERLA 100X100.jpg;ECOCERAMIC\CAPITOL\PAV\ECOCERAMIC_PZ_CAPITOL-PAV_PERLA_100X100.webp;;CAPITOL/PAVIMENTO/PIEZAS/BAJA/PZ_CAPITOL PERLA 100X100.jpg;WooCommerce;
ECOCERAMIC;CAPITOL;PAV;PZ_CAPITOL PERLA 120X120.jpg;ECOCERAMIC_PZ_CAPITOL-PAV_PERLA_120X120.webp;Pieza;;PERLA;120X120;;;Baja;4500x4500;2000x2000;14.45;0.27;98.2;CAPITOL/PAVIMENTO/PIEZAS/ALTA/PZ_CAPITOL PERLA 120X120.jpg;ECOCERAMIC\CAPITOL\PAV\ECOCERAMIC_PZ_CAPITOL-PAV_PERLA_120X120.webp;;CAPITOL/PAVIMENTO/PIEZAS/BAJA/PZ_CAPITOL PERLA 120X120.jpg;WooCommerce;
ECOCERAMIC;CAPITOL;PAV;PZ_CAPITOL PERLA 60X120.jpg;ECOCERAMIC_PZ_CAPITOL-PAV_PERLA_60X120.webp;Pieza;;PERLA;60X120;;;Baja;5197x2598;2000x1000;8.4;0.12;98.5;CAPITOL/PAVIMENTO/PIEZAS/ALTA/PZ_CAPITOL PERLA 60X120.jpg;ECOCERAMIC\CAPITOL\PAV\ECOCERAMIC_PZ_CAPITOL-PAV_PERLA_60X120.webp;;CAPITOL/PAVIMENTO/PIEZAS/BAJA/PZ_CAPITOL PERLA 60X120.jpg;WooCommerce;
ECOCERAMIC;CAPITOL;PAV;PZ_CAPITOL PERLA 60X60.jpg;ECOCERAMIC_PZ_CAPITOL-PAV_PERLA_60X60.webp;Pieza;;PERLA;60X60;;;Baja;2598x2598;1600x1600;3.66;0.36;90.2;CAPITOL/PAVIMENTO/PIEZAS/ALTA/PZ_CAPITOL PERLA 60X60.jpg;ECOCERAMIC\CAPITOL\PAV\ECOCERAMIC_PZ_CAPITOL-PAV_PERLA_60X60.webp;;CAPITOL/PAVIMENTO/PIEZAS/BAJA/PZ_CAPITOL PERLA 60X60.jpg;WooCommerce;origen < 2000px (se conserva 1600x1600)
ECOCERAMIC;CAPITOL;REV;AMB_CAPITOL ARENA 309X0 - 1.jpg;ECOCERAMIC_AMB_CAPITOL-REV_ARENA_30X90_01.webp;Ambiente;;ARENA;30X90;;;Baja;5000x4000;2000x1600;6.02;0.12;98.1;CAPITOL/REVESTIMIENTO/AMBIENTES/BAJA/AMB_CAPITOL ARENA 309X0 - 1.jpg;ECOCERAMIC\CAPITOL\REV\ECOCERAMIC_AMB_CAPITOL-REV_ARENA_30X90_01.webp;;CAPITOL/REVESTIMIENTO/AMBIENTES/ALTA/AMB_CAPITOL ARENA 309X0 - 1.tif;WooCommerce;
ECOCERAMIC;CAPITOL;REV;AMB_CAPITOL ARENA 30X90 - 2.jpg;ECOCERAMIC_AMB_CAPITOL-REV_ARENA_30X90_02.webp;Ambiente;;ARENA;30X90;;;Baja;5000x4000;2000x1600;6.63;0.16;97.6;CAPITOL/REVESTIMIENTO/AMBIENTES/BAJA/AMB_CAPITOL ARENA 30X90 - 2.jpg;ECOCERAMIC\CAPITOL\REV\ECOCERAMIC_AMB_CAPITOL-REV_ARENA_30X90_02.webp;;CAPITOL/REVESTIMIENTO/AMBIENTES/ALTA/AMB_CAPITOL ARENA 30X90 - 2.tif;WooCommerce;
ECOCERAMIC;CAPITOL;REV;AMB_CAPITOL BLANCO 309X0 - 1.jpg;ECOCERAMIC_AMB_CAPITOL-REV_BLANCO_30X90_01.webp;Ambiente;;BLANCO;30X90;;;Baja;5000x4000;2000x1600;5.92;0.12;98.0;CAPITOL/REVESTIMIENTO/AMBIENTES/BAJA/AMB_CAPITOL BLANCO 309X0 - 1.jpg;ECOCERAMIC\CAPITOL\REV\ECOCERAMIC_AMB_CAPITOL-REV_BLANCO_30X90_01.webp;;CAPITOL/REVESTIMIENTO/AMBIENTES/ALTA/AMB_CAPITOL BLANCO 309X0 - 1.tif;WooCommerce;
ECOCERAMIC;CAPITOL;REV;AMB_CAPITOL BLANCO 30X90 - 2.jpg;ECOCERAMIC_AMB_CAPITOL-REV_BLANCO_30X90_02.webp;Ambiente;;BLANCO;30X90;;;Baja;5000x4000;2000x1600;6.56;0.16;97.6;CAPITOL/REVESTIMIENTO/AMBIENTES/BAJA/AMB_CAPITOL BLANCO 30X90 - 2.jpg;ECOCERAMIC\CAPITOL\REV\ECOCERAMIC_AMB_CAPITOL-REV_BLANCO_30X90_02.webp;;CAPITOL/REVESTIMIENTO/AMBIENTES/ALTA/AMB_CAPITOL BLANCO 30X90 - 2.tif;WooCommerce;
ECOCERAMIC;CAPITOL;REV;AMB_CAPITOL HUESO 309X0 - 1.jpg;ECOCERAMIC_AMB_CAPITOL-REV_HUESO_30X90_01.webp;Ambiente;;HUESO;30X90;;;Baja;5000x4000;2000x1600;6.1;0.12;98.1;CAPITOL/REVESTIMIENTO/AMBIENTES/BAJA/AMB_CAPITOL HUESO 309X0 - 1.jpg;ECOCERAMIC\CAPITOL\REV\ECOCERAMIC_AMB_CAPITOL-REV_HUESO_30X90_01.webp;;CAPITOL/REVESTIMIENTO/AMBIENTES/ALTA/AMB_CAPITOL HUESO 309X0 - 1.tif;WooCommerce;
ECOCERAMIC;CAPITOL;REV;AMB_CAPITOL HUESO 30X90 - 2.jpg;ECOCERAMIC_AMB_CAPITOL-REV_HUESO_30X90_02.webp;Ambiente;;HUESO;30X90;;;Baja;5000x4000;2000x1600;6.61;0.16;97.6;CAPITOL/REVESTIMIENTO/AMBIENTES/BAJA/AMB_CAPITOL HUESO 30X90 - 2.jpg;ECOCERAMIC\CAPITOL\REV\ECOCERAMIC_AMB_CAPITOL-REV_HUESO_30X90_02.webp;;CAPITOL/REVESTIMIENTO/AMBIENTES/ALTA/AMB_CAPITOL HUESO 30X90 - 2.tif;WooCommerce;
ECOCERAMIC;CAPITOL;REV;AMB_CAPITOL PERLA 309X0 - 1.jpg;ECOCERAMIC_AMB_CAPITOL-REV_PERLA_30X90_01.webp;Ambiente;;PERLA;30X90;;;Baja;5000x4000;2000x1600;5.46;0.1;98.1;CAPITOL/REVESTIMIENTO/AMBIENTES/BAJA/AMB_CAPITOL PERLA 309X0 - 1.jpg;ECOCERAMIC\CAPITOL\REV\ECOCERAMIC_AMB_CAPITOL-REV_PERLA_30X90_01.webp;;CAPITOL/REVESTIMIENTO/AMBIENTES/ALTA/AMB_CAPITOL PERLA 309X0 - 1.tif;WooCommerce;
ECOCERAMIC;CAPITOL;REV;AMB_CAPITOL PERLA 30X90 - 2.jpg;ECOCERAMIC_AMB_CAPITOL-REV_PERLA_30X90_02.webp;Ambiente;;PERLA;30X90;;;Baja;5000x4000;2000x1600;6.55;0.16;97.6;CAPITOL/REVESTIMIENTO/AMBIENTES/BAJA/AMB_CAPITOL PERLA 30X90 - 2.jpg;ECOCERAMIC\CAPITOL\REV\ECOCERAMIC_AMB_CAPITOL-REV_PERLA_30X90_02.webp;;CAPITOL/REVESTIMIENTO/AMBIENTES/ALTA/AMB_CAPITOL PERLA 30X90 - 2.tif;WooCommerce;
ECOCERAMIC;CAPITOL;REV;AMB_CAPITOL ARENA 30X90 RLV - 2.jpg;ECOCERAMIC_AMB_CAPITOL-REV_RLV_ARENA_30X90_02.webp;Ambiente;RLV;ARENA;30X90;;;Baja;5000x4000;2000x1600;6.85;0.17;97.5;CAPITOL/REVESTIMIENTO/AMBIENTES/BAJA/AMB_CAPITOL ARENA 30X90 RLV - 2.jpg;ECOCERAMIC\CAPITOL\REV\ECOCERAMIC_AMB_CAPITOL-REV_RLV_ARENA_30X90_02.webp;;CAPITOL/REVESTIMIENTO/AMBIENTES/ALTA/AMB_CAPITOL ARENA 30X90 RLV - 2.tif;WooCommerce;
ECOCERAMIC;CAPITOL;REV;AMB_CAPITOL HUESO 30X90 - RLV HUESO - 2.jpg;ECOCERAMIC_AMB_CAPITOL-REV_RLV_HUESO_30X90_02.webp;Ambiente;RLV;HUESO;30X90;;;Baja;5000x4000;2000x1600;6.7;0.16;97.5;CAPITOL/REVESTIMIENTO/AMBIENTES/BAJA/AMB_CAPITOL HUESO 30X90 - RLV HUESO - 2.jpg;ECOCERAMIC\CAPITOL\REV\ECOCERAMIC_AMB_CAPITOL-REV_RLV_HUESO_30X90_02.webp;;CAPITOL/REVESTIMIENTO/AMBIENTES/ALTA/AMB_CAPITOL HUESO 30X90 - RLV HUESO - 2.tif;WooCommerce;
ECOCERAMIC;CAPITOL;REV;AMB_CAPITOL HUESO 30X90 RLV - 2.jpg;ECOCERAMIC_AMB_CAPITOL-REV_RLV_HUESO_30X90_02_V2.webp;Ambiente;RLV;HUESO;30X90;;;Baja;5000x4000;2000x1600;6.81;0.17;97.5;CAPITOL/REVESTIMIENTO/AMBIENTES/BAJA/AMB_CAPITOL HUESO 30X90 RLV - 2.jpg;ECOCERAMIC\CAPITOL\REV\ECOCERAMIC_AMB_CAPITOL-REV_RLV_HUESO_30X90_02_V2.webp;;CAPITOL/REVESTIMIENTO/AMBIENTES/ALTA/AMB_CAPITOL HUESO 30X90 RLV - 2.tif;WooCommerce;nombre desambiguado (_V)
ECOCERAMIC;CAPITOL;REV;PZ_CAPITOL ARENA 30X90.jpg;ECOCERAMIC_PZ_CAPITOL-REV_ARENA_30X90.webp;Pieza;;ARENA;30X90;;;Baja;3400x1124;2000x661;2.76;0.08;96.9;CAPITOL/REVESTIMIENTO/PIEZAS/ALTA/PZ_CAPITOL ARENA 30X90.jpg;ECOCERAMIC\CAPITOL\REV\ECOCERAMIC_PZ_CAPITOL-REV_ARENA_30X90.webp;;CAPITOL/REVESTIMIENTO/PIEZAS/BAJA/PZ_CAPITOL ARENA 30X90.jpg;WooCommerce;
ECOCERAMIC;CAPITOL;REV;PZ_CAPITOL BLANCO 30X90.jpg;ECOCERAMIC_PZ_CAPITOL-REV_BLANCO_30X90.webp;Pieza;;BLANCO;30X90;;;Baja;3400x1123;2000x661;2.28;0.01;99.5;CAPITOL/REVESTIMIENTO/PIEZAS/ALTA/PZ_CAPITOL BLANCO 30X90.jpg;ECOCERAMIC\CAPITOL\REV\ECOCERAMIC_PZ_CAPITOL-REV_BLANCO_30X90.webp;;CAPITOL/REVESTIMIENTO/PIEZAS/BAJA/PZ_CAPITOL BLANCO 30X90.jpg;WooCommerce;
ECOCERAMIC;CAPITOL;REV;PZ_CAPITOL HUESO 30X90.jpg;ECOCERAMIC_PZ_CAPITOL-REV_HUESO_30X90.webp;Pieza;;HUESO;30X90;;;Baja;3400x1123;2000x661;2.41;0.02;99.3;CAPITOL/REVESTIMIENTO/PIEZAS/ALTA/PZ_CAPITOL HUESO 30X90.jpg;ECOCERAMIC\CAPITOL\REV\ECOCERAMIC_PZ_CAPITOL-REV_HUESO_30X90.webp;;CAPITOL/REVESTIMIENTO/PIEZAS/BAJA/PZ_CAPITOL HUESO 30X90.jpg;WooCommerce;
ECOCERAMIC;CAPITOL;REV;PZ_CAPITOL PERLA 30X90.jpg;ECOCERAMIC_PZ_CAPITOL-REV_PERLA_30X90.webp;Pieza;;PERLA;30X90;;;Baja;3400x1124;2000x661;2.72;0.11;96.0;CAPITOL/REVESTIMIENTO/PIEZAS/ALTA/PZ_CAPITOL PERLA 30X90.jpg;ECOCERAMIC\CAPITOL\REV\ECOCERAMIC_PZ_CAPITOL-REV_PERLA_30X90.webp;;CAPITOL/REVESTIMIENTO/PIEZAS/BAJA/PZ_CAPITOL PERLA 30X90.jpg;WooCommerce;
ECOCERAMIC;CAPITOL;REV;RLV. CAPITOL ARENA 30X90_03.jpg;ECOCERAMIC_PZ_CAPITOL-REV_RLV_ARENA_30X90_03.webp;Pieza;RLV;ARENA;30X90;;;Baja;12479x4289;2000x687;35.52;0.05;99.9;CAPITOL/REVESTIMIENTO/PIEZAS/ALTA/RLV. CAPITOL ARENA 30X90_03.jpg;ECOCERAMIC\CAPITOL\REV\ECOCERAMIC_PZ_CAPITOL-REV_RLV_ARENA_30X90_03.webp;;CAPITOL/REVESTIMIENTO/PIEZAS/BAJA/RLV. CAPITOL ARENA 30X90_03.jpg;WooCommerce;
ECOCERAMIC;CAPITOL;REV;RLV. CAPITOL BLANCO 30X90_04.jpg;ECOCERAMIC_PZ_CAPITOL-REV_RLV_BLANCO_30X90_04.webp;Pieza;RLV;BLANCO;30X90;;;Baja;12479x4289;2000x687;33.77;0.04;99.9;CAPITOL/REVESTIMIENTO/PIEZAS/ALTA/RLV. CAPITOL BLANCO 30X90_04.jpg;ECOCERAMIC\CAPITOL\REV\ECOCERAMIC_PZ_CAPITOL-REV_RLV_BLANCO_30X90_04.webp;;CAPITOL/REVESTIMIENTO/PIEZAS/BAJA/RLV. CAPITOL BLANCO 30X90_04.jpg;WooCommerce;
ECOCERAMIC;CAPITOL;REV;RLV. CAPITOL HUESO 30X90_01.jpg;ECOCERAMIC_PZ_CAPITOL-REV_RLV_HUESO_30X90_01.webp;Pieza;RLV;HUESO;30X90;;;Baja;12479x4289;2000x687;35.09;0.03;99.9;CAPITOL/REVESTIMIENTO/PIEZAS/ALTA/RLV. CAPITOL HUESO 30X90_01.jpg;ECOCERAMIC\CAPITOL\REV\ECOCERAMIC_PZ_CAPITOL-REV_RLV_HUESO_30X90_01.webp;;CAPITOL/REVESTIMIENTO/PIEZAS/BAJA/RLV. CAPITOL HUESO 30X90_01.jpg;WooCommerce;
ECOCERAMIC;CAPITOL;REV;RLV. CAPITOL PERLA 30X90_02.jpg;ECOCERAMIC_PZ_CAPITOL-REV_RLV_PERLA_30X90_02.webp;Pieza;RLV;PERLA;30X90;;;Baja;12461x4289;2000x688;37.49;0.12;99.7;CAPITOL/REVESTIMIENTO/PIEZAS/ALTA/RLV. CAPITOL PERLA 30X90_02.jpg;ECOCERAMIC\CAPITOL\REV\ECOCERAMIC_PZ_CAPITOL-REV_RLV_PERLA_30X90_02.webp;;CAPITOL/REVESTIMIENTO/PIEZAS/BAJA/RLV. CAPITOL PERLA 30X90_02.jpg;WooCommerce;
ECOCERAMIC;CLAYTON;;AMB_CLAYTON GRIS.jpg;ECOCERAMIC_AMB_CLAYTON_GRIS.webp;Ambiente;;GRIS;;;;Baja;2500x1750;2000x1400;2.65;0.32;87.8;CLAYTON/AMBIENTES/AMB_CLAYTON GRIS.jpg;ECOCERAMIC\CLAYTON\ECOCERAMIC_AMB_CLAYTON_GRIS.webp;;CLAYTON/AMBIENTES/AMB_CLAYTON GRIS.tif;WooCommerce;
ECOCERAMIC;CLAYTON;;AMB_CLAYTON HAYA DETALLE.jpg;ECOCERAMIC_AMB_CLAYTON_HAYA_DETALLE.webp;Ambiente;;HAYA;;DETALLE;;Baja;2500x1750;2000x1400;0.99;0.21;79.0;CLAYTON/AMBIENTES/AMB_CLAYTON HAYA DETALLE.jpg;ECOCERAMIC\CLAYTON\ECOCERAMIC_AMB_CLAYTON_HAYA_DETALLE.webp;;CLAYTON/AMBIENTES/AMB_CLAYTON HAYA DETALLE.tif;WooCommerce;
ECOCERAMIC;CLAYTON;;AMB_CLAYTON DETALLE HONEY.jpg;ECOCERAMIC_AMB_CLAYTON_HONEY_DETALLE.webp;Ambiente;;HONEY;;DETALLE;;Baja;2500x1750;2000x1400;1.21;0.36;70.5;CLAYTON/AMBIENTES/AMB_CLAYTON DETALLE HONEY.jpg;ECOCERAMIC\CLAYTON\ECOCERAMIC_AMB_CLAYTON_HONEY_DETALLE.webp;;CLAYTON/AMBIENTES/AMB_CLAYTON DETALLE HONEY.tif;WooCommerce;
ECOCERAMIC;CLAYTON;;AMB_CLAYTON TAUPE.jpg;ECOCERAMIC_AMB_CLAYTON_TAUPE.webp;Ambiente;;TAUPE;;;;Baja;2500x1750;2000x1400;2.85;0.31;89.0;CLAYTON/AMBIENTES/AMB_CLAYTON TAUPE.jpg;ECOCERAMIC\CLAYTON\ECOCERAMIC_AMB_CLAYTON_TAUPE.webp;;CLAYTON/AMBIENTES/AMB_CLAYTON TAUPE.tif;WooCommerce;
ECOCERAMIC;CLAYTON;;Clayton Blanco.jpg;ECOCERAMIC_PZ_CLAYTON_BLANCO.webp;Pieza;;BLANCO;;;;Baja;4051x774;2000x382;2.86;0.07;97.5;CLAYTON/PIEZAS/Clayton Blanco.jpg;ECOCERAMIC\CLAYTON\ECOCERAMIC_PZ_CLAYTON_BLANCO.webp;;"CLAYTON/PIEZAS/Clayton Blanco.tif ; CLAYTON/PIEZAS/Clayton Blanco-Web.jpg";WooCommerce;
ECOCERAMIC;CLAYTON;;Clayton Gris.jpg;ECOCERAMIC_PZ_CLAYTON_GRIS.webp;Pieza;;GRIS;;;;Baja;4051x774;2000x382;3.47;0.13;96.1;CLAYTON/PIEZAS/Clayton Gris.jpg;ECOCERAMIC\CLAYTON\ECOCERAMIC_PZ_CLAYTON_GRIS.webp;;"CLAYTON/PIEZAS/Clayton Gris.tif ; CLAYTON/PIEZAS/Clayton Gris-Web.jpg";WooCommerce;
ECOCERAMIC;CLAYTON;;Clayton Haya.jpg;ECOCERAMIC_PZ_CLAYTON_HAYA.webp;Pieza;;HAYA;;;;Baja;4051x774;2000x382;3.37;0.1;96.9;CLAYTON/PIEZAS/Clayton Haya.jpg;ECOCERAMIC\CLAYTON\ECOCERAMIC_PZ_CLAYTON_HAYA.webp;;"CLAYTON/PIEZAS/Clayton Haya.tif ; CLAYTON/PIEZAS/Clayton Haya-Web.jpg";WooCommerce;
ECOCERAMIC;CLAYTON;;Clayton Honey.jpg;ECOCERAMIC_PZ_CLAYTON_HONEY.webp;Pieza;;HONEY;;;;Baja;4051x774;2000x382;3.77;0.18;95.2;CLAYTON/PIEZAS/Clayton Honey.jpg;ECOCERAMIC\CLAYTON\ECOCERAMIC_PZ_CLAYTON_HONEY.webp;;"CLAYTON/PIEZAS/Clayton Honey.tif ; CLAYTON/PIEZAS/Clayton Honey-Web.jpg";WooCommerce;
ECOCERAMIC;CLAYTON;;Clayton Taupe.jpg;ECOCERAMIC_PZ_CLAYTON_TAUPE.webp;Pieza;;TAUPE;;;;Baja;4051x774;2000x382;3.33;0.13;96.2;CLAYTON/PIEZAS/Clayton Taupe.jpg;ECOCERAMIC\CLAYTON\ECOCERAMIC_PZ_CLAYTON_TAUPE.webp;;"CLAYTON/PIEZAS/Clayton Taupe.tif ; CLAYTON/PIEZAS/Clayton Taupe-Web.jpg";WooCommerce;
ECOCERAMIC;COLOSSO;;ECOCERAMIC_COLOSSO_LIGHT_GOLD_60X120_BATHROOM.jpg;ECOCERAMIC_AMB_COLOSSO_LIGHT_GOLD_60X120_BATHROOM.webp;Ambiente;;LIGHT / GOLD;60X120;BATHROOM;;Baja;5500x4125;2000x1500;16.22;0.22;98.6;COLOSSO/AMBIENTES/ECOCERAMIC_COLOSSO_LIGHT_GOLD_60X120_BATHROOM.jpg;ECOCERAMIC\COLOSSO\ECOCERAMIC_AMB_COLOSSO_LIGHT_GOLD_60X120_BATHROOM.webp;;COLOSSO/AMBIENTES/ECOCERAMIC_COLOSSO_LIGHT_GOLD_60X120_BATHROOM.tif;WooCommerce;
ECOCERAMIC;COLOSSO;;ECOCERAMIC_COLOSSO_LIGHT_GOLD_60X120_DETALLE.jpg;ECOCERAMIC_AMB_COLOSSO_LIGHT_GOLD_60X120_DETALLE.webp;Ambiente;;LIGHT / GOLD;60X120;DETALLE;;Baja;3055x3543;1725x2000;5.52;0.29;94.7;COLOSSO/AMBIENTES/ECOCERAMIC_COLOSSO_LIGHT_GOLD_60X120_DETALLE.jpg;ECOCERAMIC\COLOSSO\ECOCERAMIC_AMB_COLOSSO_LIGHT_GOLD_60X120_DETALLE.webp;;COLOSSO/AMBIENTES/ECOCERAMIC_COLOSSO_LIGHT_GOLD_60X120_DETALLE.tif;WooCommerce;
ECOCERAMIC;COLOSSO;;COLOSSO GOLD 60X120.JPG;ECOCERAMIC_PZ_COLOSSO_GOLD_60X120.webp;Pieza;;GOLD;60X120;;;Baja;3696x1874;1800x913;7.09;0.37;94.7;COLOSSO/PIEZAS/COLOSSO GOLD 60X120.JPG;ECOCERAMIC\COLOSSO\ECOCERAMIC_PZ_COLOSSO_GOLD_60X120.webp;;;WooCommerce;origen < 2000px (se conserva 1800x913)
ECOCERAMIC;COLOSSO;;COLOSSO LIGHT 60X120.JPG;ECOCERAMIC_PZ_COLOSSO_LIGHT_60X120.webp;Pieza;;LIGHT;60X120;;;Baja;3696x1874;1800x913;8.57;0.38;95.6;COLOSSO/PIEZAS/COLOSSO LIGHT 60X120.JPG;ECOCERAMIC\COLOSSO\ECOCERAMIC_PZ_COLOSSO_LIGHT_60X120.webp;;;WooCommerce;origen < 2000px (se conserva 1800x913)
ECOCERAMIC;CORALINA;;AMB_CORALINA_BEIGE_90x90_low.jpg;ECOCERAMIC_AMB_CORALINA_BEIGE_90X90.webp;Ambiente;;BEIGE;90X90;;;Baja;2000x1400;2000x1400;1.66;0.19;88.6;CORALINA/AMBIENTES/AMB_CORALINA_BEIGE_90x90_low.jpg;ECOCERAMIC\CORALINA\ECOCERAMIC_AMB_CORALINA_BEIGE_90X90.webp;;;WooCommerce;
ECOCERAMIC;CORALINA;;AMB_CORALINA BEIGE 90X90-INT.jpg;ECOCERAMIC_AMB_CORALINA_BEIGE_90X90_INDOOR.webp;Ambiente;;BEIGE;90X90;INDOOR;;Baja;5000x5000;1800x1800;19.35;0.35;98.2;CORALINA/AMBIENTES/AMB_CORALINA BEIGE 90X90-INT.jpg;ECOCERAMIC\CORALINA\ECOCERAMIC_AMB_CORALINA_BEIGE_90X90_INDOOR.webp;;CORALINA/AMBIENTES/AMB_CORALINA BEIGE 90X90-INT.tif;WooCommerce;origen < 2000px (se conserva 1800x1800)
ECOCERAMIC;CORALINA;;AMB_CORALINA_BLANCO_90x90_low.jpg;ECOCERAMIC_AMB_CORALINA_BLANCO_90X90.webp;Ambiente;;BLANCO;90X90;;;Baja;2000x1400;2000x1400;1.54;0.15;90.0;CORALINA/AMBIENTES/AMB_CORALINA_BLANCO_90x90_low.jpg;ECOCERAMIC\CORALINA\ECOCERAMIC_AMB_CORALINA_BLANCO_90X90.webp;;;WooCommerce;
ECOCERAMIC;CORALINA;;AMB_CORALINA_PERLA_90x90_low.jpg;ECOCERAMIC_AMB_CORALINA_PERLA_90X90.webp;Ambiente;;PERLA;90X90;;;Baja;2000x1400;2000x1400;1.56;0.21;86.4;CORALINA/AMBIENTES/AMB_CORALINA_PERLA_90x90_low.jpg;ECOCERAMIC\CORALINA\ECOCERAMIC_AMB_CORALINA_PERLA_90X90.webp;;;WooCommerce;
ECOCERAMIC;CORALINA;;AMB_CORALINA PERLA 90X90-EXT.jpg;ECOCERAMIC_AMB_CORALINA_PERLA_90X90_OUTDOOR.webp;Ambiente;;PERLA;90X90;OUTDOOR;;Baja;5000x5000;1600x1600;18.33;0.33;98.2;CORALINA/AMBIENTES/AMB_CORALINA PERLA 90X90-EXT.jpg;ECOCERAMIC\CORALINA\ECOCERAMIC_AMB_CORALINA_PERLA_90X90_OUTDOOR.webp;;CORALINA/AMBIENTES/AMB_CORALINA PERLA 90X90-EXT.tif;WooCommerce;origen < 2000px (se conserva 1600x1600)
ECOCERAMIC;CORALINA;;Coralina Beige 30x60-1.jpg;ECOCERAMIC_PZ_CORALINA_BEIGE_30X60_01.webp;Pieza;;BEIGE;30X60;;;Baja;2598x1299;1600x800;4.09;0.37;90.9;CORALINA/PIEZAS/Coralina Beige 30x60-1.jpg;ECOCERAMIC\CORALINA\ECOCERAMIC_PZ_CORALINA_BEIGE_30X60_01.webp;;;WooCommerce;origen < 2000px (se conserva 1600x800)
ECOCERAMIC;CORALINA;;Coralina Beige 60x120-1.jpg;ECOCERAMIC_PZ_CORALINA_BEIGE_60X120_01.webp;Pieza;;BEIGE;60X120;;;Baja;5197x2599;1800x900;12.91;0.37;97.1;CORALINA/PIEZAS/Coralina Beige 60x120-1.jpg;ECOCERAMIC\CORALINA\ECOCERAMIC_PZ_CORALINA_BEIGE_60X120_01.webp;;;WooCommerce;origen < 2000px (se conserva 1800x900)
ECOCERAMIC;CORALINA;;Coralina Beige 60x60-1.jpg;ECOCERAMIC_PZ_CORALINA_BEIGE_60X60_01.webp;Pieza;;BEIGE;60X60;;;Baja;2599x2599;1600x1600;6.42;0.63;90.1;CORALINA/PIEZAS/Coralina Beige 60x60-1.jpg;ECOCERAMIC\CORALINA\ECOCERAMIC_PZ_CORALINA_BEIGE_60X60_01.webp;;;WooCommerce;origen < 2000px (se conserva 1600x1600)
ECOCERAMIC;CORALINA;;Coralina Beige 90x90-1.jpg;ECOCERAMIC_PZ_CORALINA_BEIGE_90X90_01.webp;Pieza;;BEIGE;90X90;;;Baja;3543x3543;1600x1600;11.76;0.55;95.3;CORALINA/PIEZAS/Coralina Beige 90x90-1.jpg;ECOCERAMIC\CORALINA\ECOCERAMIC_PZ_CORALINA_BEIGE_90X90_01.webp;;;WooCommerce;origen < 2000px (se conserva 1600x1600)
ECOCERAMIC;CORALINA;;Coralina Blanco 30x60-1.jpg;ECOCERAMIC_PZ_CORALINA_BLANCO_30X60_01.webp;Pieza;;BLANCO;30X60;;;Baja;2599x1299;1600x800;3.66;0.39;89.4;CORALINA/PIEZAS/Coralina Blanco 30x60-1.jpg;ECOCERAMIC\CORALINA\ECOCERAMIC_PZ_CORALINA_BLANCO_30X60_01.webp;;;WooCommerce;origen < 2000px (se conserva 1600x800)
ECOCERAMIC;CORALINA;;Coralina Blanco 60x120-1.jpg;ECOCERAMIC_PZ_CORALINA_BLANCO_60X120_01.webp;Pieza;;BLANCO;60X120;;;Baja;5197x2598;1800x900;13.04;0.36;97.3;CORALINA/PIEZAS/Coralina Blanco 60x120-1.jpg;ECOCERAMIC\CORALINA\ECOCERAMIC_PZ_CORALINA_BLANCO_60X120_01.webp;;;WooCommerce;origen < 2000px (se conserva 1800x900)
ECOCERAMIC;CORALINA;;Coralina Blanco 60x60-1.jpg;ECOCERAMIC_PZ_CORALINA_BLANCO_60X60_01.webp;Pieza;;BLANCO;60X60;;;Baja;2599x2598;1600x1599;6.71;0.63;90.6;CORALINA/PIEZAS/Coralina Blanco 60x60-1.jpg;ECOCERAMIC\CORALINA\ECOCERAMIC_PZ_CORALINA_BLANCO_60X60_01.webp;;;WooCommerce;origen < 2000px (se conserva 1600x1599)
ECOCERAMIC;CORALINA;;Coralina Blanco 90x90-1.jpg;ECOCERAMIC_PZ_CORALINA_BLANCO_90X90_01.webp;Pieza;;BLANCO;90X90;;;Baja;3543x3543;1600x1600;11.56;0.53;95.4;CORALINA/PIEZAS/Coralina Blanco 90x90-1.jpg;ECOCERAMIC\CORALINA\ECOCERAMIC_PZ_CORALINA_BLANCO_90X90_01.webp;;;WooCommerce;origen < 2000px (se conserva 1600x1600)
ECOCERAMIC;CORALINA;;Coralina Perla 30x60-1.jpg;ECOCERAMIC_PZ_CORALINA_PERLA_30X60_01.webp;Pieza;;PERLA;30X60;;;Baja;2599x1299;1600x800;3.62;0.38;89.6;CORALINA/PIEZAS/Coralina Perla 30x60-1.jpg;ECOCERAMIC\CORALINA\ECOCERAMIC_PZ_CORALINA_PERLA_30X60_01.webp;;;WooCommerce;origen < 2000px (se conserva 1600x800)
ECOCERAMIC;CORALINA;;Coralina Perla 60x120-1.jpg;ECOCERAMIC_PZ_CORALINA_PERLA_60X120_01.webp;Pieza;;PERLA;60X120;;;Baja;5197x2598;1800x900;12.82;0.35;97.3;CORALINA/PIEZAS/Coralina Perla 60x120-1.jpg;ECOCERAMIC\CORALINA\ECOCERAMIC_PZ_CORALINA_PERLA_60X120_01.webp;;;WooCommerce;origen < 2000px (se conserva 1800x900)
ECOCERAMIC;CORALINA;;Coralina Perla 60x60-1.jpg;ECOCERAMIC_PZ_CORALINA_PERLA_60X60_01.webp;Pieza;;PERLA;60X60;;;Baja;2599x2598;1600x1599;6.63;0.68;89.8;CORALINA/PIEZAS/Coralina Perla 60x60-1.jpg;ECOCERAMIC\CORALINA\ECOCERAMIC_PZ_CORALINA_PERLA_60X60_01.webp;;;WooCommerce;origen < 2000px (se conserva 1600x1599)
ECOCERAMIC;CORALINA;;Coralina Perla 90x90-1.jpg;ECOCERAMIC_PZ_CORALINA_PERLA_90X90_01.webp;Pieza;;PERLA;90X90;;;Baja;3543x3543;1600x1600;11.44;0.59;94.9;CORALINA/PIEZAS/Coralina Perla 90x90-1.jpg;ECOCERAMIC\CORALINA\ECOCERAMIC_PZ_CORALINA_PERLA_90X90_01.webp;;;WooCommerce;origen < 2000px (se conserva 1600x1600)
ECOCERAMIC;CREMA MARFIL;;AMB. Crema_Marfil.jpg;ECOCERAMIC_AMB_CREMA-MARFIL.webp;Ambiente;;;;;;Baja;6000x4200;2000x1400;4.53;0.13;97.1;CREMA MARFIL/AMBIENTES/AMB. Crema_Marfil.jpg;ECOCERAMIC\CREMA MARFIL\ECOCERAMIC_AMB_CREMA-MARFIL.webp;;CREMA MARFIL/AMBIENTES/AMB. Crema_Marfil.tif;WooCommerce;sin color detectado en el nombre
ECOCERAMIC;CREMA MARFIL;;AMB. crema marfil 2_HQ.tif;ECOCERAMIC_AMB_CREMA-MARFIL_02.webp;Ambiente;;;;;;Alta;5800x2900;2000x1000;136.07;0.11;99.9;CREMA MARFIL/AMBIENTES/AMB. crema marfil 2_HQ.tif;ECOCERAMIC\CREMA MARFIL\ECOCERAMIC_AMB_CREMA-MARFIL_02.webp;;;WooCommerce;sin color detectado en el nombre
ECOCERAMIC;CREMA MARFIL;;AMB_CREMA MARFIL_90x90.tif;ECOCERAMIC_AMB_CREMA-MARFIL_90X90.webp;Ambiente;;;90X90;;;Alta;5000x3500;2000x1400;130.88;0.27;99.8;CREMA MARFIL/AMBIENTES/AMB_CREMA MARFIL_90x90.tif;ECOCERAMIC\CREMA MARFIL\ECOCERAMIC_AMB_CREMA-MARFIL_90X90.webp;;;WooCommerce;sin color detectado en el nombre
ECOCERAMIC;CREMA MARFIL;;AMB. Crema_Marfil_WEB.jpg;ECOCERAMIC_AMB_CREMA-MARFIL_V2.webp;Ambiente;;;;;;Baja;1200x600;1200x600;0.15;0.04;71.4;CREMA MARFIL/AMBIENTES/AMB. Crema_Marfil_WEB.jpg;ECOCERAMIC\CREMA MARFIL\ECOCERAMIC_AMB_CREMA-MARFIL_V2.webp;;;WooCommerce;nombre desambiguado (_V) | origen < 2000px (se conserva 1200x600) | sin color detectado en el nombre
ECOCERAMIC;CREMA MARFIL;;CREMA MARFIL WEB.jpg;ECOCERAMIC_PZ_CREMA-MARFIL.webp;Pieza;;;;;;Baja;600x600;600x600;0.04;0.01;67.8;CREMA MARFIL/PIEZAS/CREMA MARFIL WEB.jpg;ECOCERAMIC\CREMA MARFIL\ECOCERAMIC_PZ_CREMA-MARFIL.webp;;;WooCommerce;origen < 2000px (se conserva 600x600) | sin color detectado en el nombre
ECOCERAMIC;CREMA MARFIL;;Crema Marfil 60x60.tif;ECOCERAMIC_PZ_CREMA-MARFIL_60X60.webp;Pieza;;;60X60;;;Alta;3083x3083;2000x2000;11.42;0.1;99.1;CREMA MARFIL/PIEZAS/Crema Marfil 60x60.tif;ECOCERAMIC\CREMA MARFIL\ECOCERAMIC_PZ_CREMA-MARFIL_60X60.webp;;CREMA MARFIL/PIEZAS/Crema Marfil 60x60_resized.tif;WooCommerce;sin color detectado en el nombre
ECOCERAMIC;CREMA MARFIL;;Crema Marfil 60x60_resized_resized.tif;ECOCERAMIC_PZ_CREMA-MARFIL_60X60_V2.webp;Pieza;;;60X60;;;Alta;1024x1024;1024x1024;1.58;0.04;97.8;CREMA MARFIL/PIEZAS/Crema Marfil 60x60_resized_resized.tif;ECOCERAMIC\CREMA MARFIL\ECOCERAMIC_PZ_CREMA-MARFIL_60X60_V2.webp;;;WooCommerce;nombre desambiguado (_V) | origen < 2000px (se conserva 1024x1024) | sin color detectado en el nombre
ECOCERAMIC;CREMA MARFIL;;Crema Marfil 75x75.tif;ECOCERAMIC_PZ_CREMA-MARFIL_75X75.webp;Pieza;;;75X75;;;Alta;3083x3083;2000x2000;15.53;0.1;99.4;CREMA MARFIL/PIEZAS/Crema Marfil 75x75.tif;ECOCERAMIC\CREMA MARFIL\ECOCERAMIC_PZ_CREMA-MARFIL_75X75.webp;;;WooCommerce;sin color detectado en el nombre
ECOCERAMIC;CREMA MARFIL;;CREMA MARFIL 90X90.jpg;ECOCERAMIC_PZ_CREMA-MARFIL_90X90.webp;Pieza;;;90X90;;;Baja;5817x5817;2000x2000;38.17;0.22;99.4;CREMA MARFIL/PIEZAS/CREMA MARFIL 90X90.jpg;ECOCERAMIC\CREMA MARFIL\ECOCERAMIC_PZ_CREMA-MARFIL_90X90.webp;;;WooCommerce;sin color detectado en el nombre
ECOCERAMIC;CREMA MARFIL;;Crema Marfil Brillo.tif;ECOCERAMIC_PZ_CREMA-MARFIL_BRILLO.webp;Pieza;BRILLO;;;;;Alta;3083x3083;2000x2000;8.84;0.1;98.9;CREMA MARFIL/PIEZAS/Crema Marfil Brillo.tif;ECOCERAMIC\CREMA MARFIL\ECOCERAMIC_PZ_CREMA-MARFIL_BRILLO.webp;;;WooCommerce;sin color detectado en el nombre
ECOCERAMIC;CREMA MARFIL;;Crema Marfil Brillo 60x120.tif;ECOCERAMIC_PZ_CREMA-MARFIL_BRILLO_60X120.webp;Pieza;BRILLO;;60X120;;;Alta;3083x1542;2000x1000;4.35;0.05;98.9;CREMA MARFIL/PIEZAS/Crema Marfil Brillo 60x120.tif;ECOCERAMIC\CREMA MARFIL\ECOCERAMIC_PZ_CREMA-MARFIL_BRILLO_60X120.webp;;;WooCommerce;sin color detectado en el nombre
ECOCERAMIC;CREMA MARFIL;;Crema Marfil Mate.tif;ECOCERAMIC_PZ_CREMA-MARFIL_MATE.webp;Pieza;MATE;;;;;Alta;3265x3265;2000x2000;12.7;0.09;99.3;CREMA MARFIL/PIEZAS/Crema Marfil Mate.tif;ECOCERAMIC\CREMA MARFIL\ECOCERAMIC_PZ_CREMA-MARFIL_MATE.webp;;;WooCommerce;sin color detectado en el nombre
ECOCERAMIC;CREMA MARFIL;;Crema Marfil Mate_30X60.tif;ECOCERAMIC_PZ_CREMA-MARFIL_MATE_30X60.webp;Pieza;MATE;;30X60;;;Alta;3265x1633;2000x1000;8.87;0.04;99.5;CREMA MARFIL/PIEZAS/Crema Marfil Mate_30X60.tif;ECOCERAMIC\CREMA MARFIL\ECOCERAMIC_PZ_CREMA-MARFIL_MATE_30X60.webp;;;WooCommerce;sin color detectado en el nombre
ECOCERAMIC;CREMA MARFIL;;Crema Marfi 45x45 Mate_resized.tif;ECOCERAMIC_PZ_CREMA-MARFIL_MATE_45X45.webp;Pieza;MATE;;45X45;;;Alta;1024x1024;1024x1024;1.56;0.03;98.2;CREMA MARFIL/PIEZAS/Crema Marfi 45x45 Mate_resized.tif;ECOCERAMIC\CREMA MARFIL\ECOCERAMIC_PZ_CREMA-MARFIL_MATE_45X45.webp;;;WooCommerce;origen < 2000px (se conserva 1024x1024) | sin color detectado en el nombre
ECOCERAMIC;CREMA MARFIL;;Rodapie Crema Marfil.jpg;ECOCERAMIC_PZ_CREMA-MARFIL_RODAPIE.webp;Pieza;RODAPIE;;;;;Baja;3083x428;2000x278;0.69;0.02;97.2;CREMA MARFIL/PIEZAS/Rodapie Crema Marfil.jpg;ECOCERAMIC\CREMA MARFIL\ECOCERAMIC_PZ_CREMA-MARFIL_RODAPIE.webp;;;WooCommerce;sin color detectado en el nombre
ECOCERAMIC;FIKA;;AMB_FIKA HAYA 20X120-2.jpg;ECOCERAMIC_AMB_FIKA_HAYA_20X120_02.webp;Ambiente;;HAYA;20X120;;;Baja;5000x4500;2000x1800;9.26;0.13;98.6;FIKA/AMBIENTES/BAJA/AMB_FIKA HAYA 20X120-2.jpg;ECOCERAMIC\FIKA\ECOCERAMIC_AMB_FIKA_HAYA_20X120_02.webp;;FIKA/AMBIENTES/ALTA/AMB_FIKA HAYA 20X120-2.tif;WooCommerce;
ECOCERAMIC;FIKA;;ECOCERAIMC_FIKA_HAYA_20X120_BATH.jpg;ECOCERAMIC_AMB_FIKA_HAYA_20X120_BATHROOM.webp;Ambiente;;HAYA;20X120;BATHROOM;;Baja;5000x4500;2000x1800;10.26;0.13;98.8;FIKA/AMBIENTES/ALTA/ECOCERAIMC_FIKA_HAYA_20X120_BATH.jpg;ECOCERAMIC\FIKA\ECOCERAMIC_AMB_FIKA_HAYA_20X120_BATHROOM.webp;;FIKA/AMBIENTES/ALTA/ECOCERAIMC_FIKA_HAYA_20X120_BATH.tif;WooCommerce;
ECOCERAMIC;FIKA;;AMB_FIKA HAYA 30X180-1.jpg;ECOCERAMIC_AMB_FIKA_HAYA_30X180_01.webp;Ambiente;;HAYA;30X180;;;Baja;5000x4500;2000x1800;11.19;0.17;98.5;FIKA/AMBIENTES/BAJA/AMB_FIKA HAYA 30X180-1.jpg;ECOCERAMIC\FIKA\ECOCERAMIC_AMB_FIKA_HAYA_30X180_01.webp;;FIKA/AMBIENTES/ALTA/AMB_FIKA HAYA 30X180-1.tif;WooCommerce;
ECOCERAMIC;FIKA;;AMB_FIKA HAYA 30X180-2.jpg;ECOCERAMIC_AMB_FIKA_HAYA_30X180_02.webp;Ambiente;;HAYA;30X180;;;Baja;5000x4500;2000x1800;10.4;0.15;98.5;FIKA/AMBIENTES/BAJA/AMB_FIKA HAYA 30X180-2.jpg;ECOCERAMIC\FIKA\ECOCERAMIC_AMB_FIKA_HAYA_30X180_02.webp;;FIKA/AMBIENTES/ALTA/AMB_FIKA HAYA 30X180-2.tif;WooCommerce;
ECOCERAMIC;FIKA;;AMB_FIKA HAYA 30X180 - 3.jpg;ECOCERAMIC_AMB_FIKA_HAYA_30X180_03.webp;Ambiente;;HAYA;30X180;;;Baja;5000x4000;2000x1600;8.16;0.26;96.8;FIKA/AMBIENTES/BAJA/AMB_FIKA HAYA 30X180 - 3.jpg;ECOCERAMIC\FIKA\ECOCERAMIC_AMB_FIKA_HAYA_30X180_03.webp;;FIKA/AMBIENTES/ALTA/AMB_FIKA HAYA 30X180 - 3.tif;WooCommerce;
ECOCERAMIC;FIKA;;AMB_FIKA MAPLE 20X120-2.jpg;ECOCERAMIC_AMB_FIKA_MAPLE_20X120_02.webp;Ambiente;;MAPLE;20X120;;;Baja;5000x4500;2000x1800;10.0;0.17;98.3;FIKA/AMBIENTES/ALTA/AMB_FIKA MAPLE 20X120-2.jpg;ECOCERAMIC\FIKA\ECOCERAMIC_AMB_FIKA_MAPLE_20X120_02.webp;;"FIKA/AMBIENTES/ALTA/AMB_FIKA MAPLE 20X120-2.tif ; FIKA/AMBIENTES/BAJA/AMB_FIKA MAPLE 20X120-2.jpg";WooCommerce;
ECOCERAMIC;FIKA;;AMB_FIKA MAPLE 30X180-1.jpg;ECOCERAMIC_AMB_FIKA_MAPLE_30X180_01.webp;Ambiente;;MAPLE;30X180;;;Baja;5000x4500;2000x1800;13.17;0.23;98.2;FIKA/AMBIENTES/BAJA/AMB_FIKA MAPLE 30X180-1.jpg;ECOCERAMIC\FIKA\ECOCERAMIC_AMB_FIKA_MAPLE_30X180_01.webp;;FIKA/AMBIENTES/ALTA/AMB_FIKA MAPLE 30X180-1.tif;WooCommerce;
ECOCERAMIC;FIKA;;AMB_FIKA MAPLE 30X180-2.jpg;ECOCERAMIC_AMB_FIKA_MAPLE_30X180_02.webp;Ambiente;;MAPLE;30X180;;;Baja;5000x4500;2000x1800;10.92;0.17;98.4;FIKA/AMBIENTES/BAJA/AMB_FIKA MAPLE 30X180-2.jpg;ECOCERAMIC\FIKA\ECOCERAMIC_AMB_FIKA_MAPLE_30X180_02.webp;;FIKA/AMBIENTES/ALTA/AMB_FIKA MAPLE 30X180-2.tif;WooCommerce;
ECOCERAMIC;FIKA;;AMB_FIKA MAPLE 30X180 - 3.jpg;ECOCERAMIC_AMB_FIKA_MAPLE_30X180_03.webp;Ambiente;;MAPLE;30X180;;;Baja;5000x4000;2000x1600;8.17;0.26;96.8;FIKA/AMBIENTES/BAJA/AMB_FIKA MAPLE 30X180 - 3.jpg;ECOCERAMIC\FIKA\ECOCERAMIC_AMB_FIKA_MAPLE_30X180_03.webp;;FIKA/AMBIENTES/ALTA/AMB_FIKA MAPLE 30X180 - 3.tif;WooCommerce;
ECOCERAMIC;FIKA;;AMB_FIKA MAPLE 20X120 - CAPITOL HUESO 30X90.jpg;ECOCERAMIC_AMB_FIKA_MAPLE_HUESO_20X120_30X90.webp;Ambiente;;MAPLE / HUESO;20X120 / 30X90;;;Baja;5000x4500;2000x1800;9.96;0.14;98.6;FIKA/AMBIENTES/ALTA/AMB_FIKA MAPLE 20X120 - CAPITOL HUESO 30X90.jpg;ECOCERAMIC\FIKA\ECOCERAMIC_AMB_FIKA_MAPLE_HUESO_20X120_30X90.webp;ECOCERAMIC\CAPITOL\ECOCERAMIC_AMB_FIKA_MAPLE_HUESO_20X120_30X90.webp;"FIKA/AMBIENTES/ALTA/AMB_FIKA MAPLE 20X120 - CAPITOL HUESO 30X90.tif ; FIKA/AMBIENTES/BAJA/AMB_FIKA MAPLE 20X120 - CAPITOL HUESO 30X90.jpg";WooCommerce;
ECOCERAMIC;FIKA;;AMB_FIKA NATURAL 20X120-2.jpg;ECOCERAMIC_AMB_FIKA_NATURAL_20X120_02.webp;Ambiente;;NATURAL;20X120;;;Baja;5000x4500;2000x1800;10.28;0.15;98.5;FIKA/AMBIENTES/BAJA/AMB_FIKA NATURAL 20X120-2.jpg;ECOCERAMIC\FIKA\ECOCERAMIC_AMB_FIKA_NATURAL_20X120_02.webp;;FIKA/AMBIENTES/ALTA/AMB_FIKA NATURAL 20X120-2.tif;WooCommerce;
ECOCERAMIC;FIKA;;AMB_FIKA_NATURAL_20X120_STONE_CREAM_120X280_OUTDOOR.jpg;ECOCERAMIC_AMB_FIKA_NATURAL_20X120_120X280_OUTDOOR.webp;Ambiente;;NATURAL;20X120 / 120X280;OUTDOOR;;Baja;5500x4125;2000x1500;17.46;0.37;97.9;FIKA/AMBIENTES/BAJA/AMB_FIKA_NATURAL_20X120_STONE_CREAM_120X280_OUTDOOR.jpg;ECOCERAMIC\FIKA\ECOCERAMIC_AMB_FIKA_NATURAL_20X120_120X280_OUTDOOR.webp;;;WooCommerce;
ECOCERAMIC;FIKA;;AMB_FIKA NATURAL 30X180-1.jpg;ECOCERAMIC_AMB_FIKA_NATURAL_30X180_01.webp;Ambiente;;NATURAL;30X180;;;Baja;5000x4500;2000x1800;13.49;0.22;98.4;FIKA/AMBIENTES/BAJA/AMB_FIKA NATURAL 30X180-1.jpg;ECOCERAMIC\FIKA\ECOCERAMIC_AMB_FIKA_NATURAL_30X180_01.webp;;FIKA/AMBIENTES/ALTA/AMB_FIKA NATURAL 30X180-1.tif;WooCommerce;
ECOCERAMIC;FIKA;;AMB_FIKA NATURAL 30X180-2.jpg;ECOCERAMIC_AMB_FIKA_NATURAL_30X180_02.webp;Ambiente;;NATURAL;30X180;;;Baja;5000x4500;2000x1800;11.23;0.19;98.3;FIKA/AMBIENTES/BAJA/AMB_FIKA NATURAL 30X180-2.jpg;ECOCERAMIC\FIKA\ECOCERAMIC_AMB_FIKA_NATURAL_30X180_02.webp;;FIKA/AMBIENTES/ALTA/AMB_FIKA NATURAL 30X180-2.tif;WooCommerce;
ECOCERAMIC;FIKA;;AMB_FIKA NATURAL 30X180 - 3.jpg;ECOCERAMIC_AMB_FIKA_NATURAL_30X180_03.webp;Ambiente;;NATURAL;30X180;;;Baja;5000x4000;2000x1600;8.57;0.27;96.9;FIKA/AMBIENTES/BAJA/AMB_FIKA NATURAL 30X180 - 3.jpg;ECOCERAMIC\FIKA\ECOCERAMIC_AMB_FIKA_NATURAL_30X180_03.webp;;FIKA/AMBIENTES/ALTA/AMB_FIKA NATURAL 30X180 - 3.tif;WooCommerce;
ECOCERAMIC;FIKA;;AMB_FIKA NATURAL 20X120 - CAPITOL HUESO 30X90.jpg;ECOCERAMIC_AMB_FIKA_NATURAL_HUESO_20X120_30X90.webp;Ambiente;;NATURAL / HUESO;20X120 / 30X90;;;Baja;5000x4500;2000x1800;10.94;0.15;98.6;FIKA/AMBIENTES/ALTA/AMB_FIKA NATURAL 20X120 - CAPITOL HUESO 30X90.jpg;ECOCERAMIC\FIKA\ECOCERAMIC_AMB_FIKA_NATURAL_HUESO_20X120_30X90.webp;ECOCERAMIC\CAPITOL\ECOCERAMIC_AMB_FIKA_NATURAL_HUESO_20X120_30X90.webp;"FIKA/AMBIENTES/ALTA/AMB_FIKA NATURAL 20X120 - CAPITOL HUESO 30X90.tif ; FIKA/AMBIENTES/BAJA/AMB_FIKA NATURAL 20X120 - CAPITOL HUESO 30X90.jpg";WooCommerce;
ECOCERAMIC;FIKA;;AMB_FIKA TAUPE 20X120-2.jpg;ECOCERAMIC_AMB_FIKA_TAUPE_20X120_02.webp;Ambiente;;TAUPE;20X120;;;Baja;5000x4500;2000x1800;9.82;0.15;98.5;FIKA/AMBIENTES/BAJA/AMB_FIKA TAUPE 20X120-2.jpg;ECOCERAMIC\FIKA\ECOCERAMIC_AMB_FIKA_TAUPE_20X120_02.webp;;;WooCommerce;
ECOCERAMIC;FIKA;;AMB_FIKA_TAUPE_20X120_STONE_CREAM_120X280_OUTDOOR.jpg;ECOCERAMIC_AMB_FIKA_TAUPE_20X120_120X280_OUTDOOR.webp;Ambiente;;TAUPE;20X120 / 120X280;OUTDOOR;;Baja;5500x4125;2000x1500;17.22;0.38;97.8;FIKA/AMBIENTES/BAJA/AMB_FIKA_TAUPE_20X120_STONE_CREAM_120X280_OUTDOOR.jpg;ECOCERAMIC\FIKA\ECOCERAMIC_AMB_FIKA_TAUPE_20X120_120X280_OUTDOOR.webp;;;WooCommerce;
ECOCERAMIC;FIKA;;AMB_FIKA TAUPE 30X180-1.jpg;ECOCERAMIC_AMB_FIKA_TAUPE_30X180_01.webp;Ambiente;;TAUPE;30X180;;;Baja;5000x4500;2000x1800;13.08;0.24;98.2;FIKA/AMBIENTES/BAJA/AMB_FIKA TAUPE 30X180-1.jpg;ECOCERAMIC\FIKA\ECOCERAMIC_AMB_FIKA_TAUPE_30X180_01.webp;;;WooCommerce;
ECOCERAMIC;FIKA;;AMB_FIKA TAUPE 30X180-2.jpg;ECOCERAMIC_AMB_FIKA_TAUPE_30X180_02.webp;Ambiente;;TAUPE;30X180;;;Baja;5000x4500;2000x1800;10.37;0.18;98.3;FIKA/AMBIENTES/BAJA/AMB_FIKA TAUPE 30X180-2.jpg;ECOCERAMIC\FIKA\ECOCERAMIC_AMB_FIKA_TAUPE_30X180_02.webp;;;WooCommerce;
ECOCERAMIC;FIKA;;AMB_FIKA TAUPE 30X180 - 3.jpg;ECOCERAMIC_AMB_FIKA_TAUPE_30X180_03.webp;Ambiente;;TAUPE;30X180;;;Baja;5000x4000;2000x1600;8.26;0.27;96.7;FIKA/AMBIENTES/BAJA/AMB_FIKA TAUPE 30X180 - 3.jpg;ECOCERAMIC\FIKA\ECOCERAMIC_AMB_FIKA_TAUPE_30X180_03.webp;;;WooCommerce;
ECOCERAMIC;FIKA;;PZ_FIKA HAYA 20X120.jpg;ECOCERAMIC_PZ_FIKA_HAYA_20X120.webp;Pieza;;HAYA;20X120;;;Baja;14174x2362;2000x333;30.69;0.04;99.9;FIKA/PIEZAS/PZ_FIKA HAYA 20X120.jpg;ECOCERAMIC\FIKA\ECOCERAMIC_PZ_FIKA_HAYA_20X120.webp;;;WooCommerce;
ECOCERAMIC;FIKA;;PZ_FIKA HAYA 30x180.jpg;ECOCERAMIC_PZ_FIKA_HAYA_30X180.webp;Pieza;;HAYA;30X180;;;Baja;14173x2363;2000x333;41.49;0.04;99.9;FIKA/PIEZAS/PZ_FIKA HAYA 30x180.jpg;ECOCERAMIC\FIKA\ECOCERAMIC_PZ_FIKA_HAYA_30X180.webp;;;WooCommerce;
ECOCERAMIC;FIKA;;PZ_FIKA MAPLE 20X120.jpg;ECOCERAMIC_PZ_FIKA_MAPLE_20X120.webp;Pieza;;MAPLE;20X120;;;Baja;14174x2363;2000x333;30.57;0.06;99.8;FIKA/PIEZAS/PZ_FIKA MAPLE 20X120.jpg;ECOCERAMIC\FIKA\ECOCERAMIC_PZ_FIKA_MAPLE_20X120.webp;;;WooCommerce;
ECOCERAMIC;FIKA;;PZ_FIKA MAPLE 30X180.jpg;ECOCERAMIC_PZ_FIKA_MAPLE_30X180.webp;Pieza;;MAPLE;30X180;;;Baja;14173x2363;2000x333;54.26;0.15;99.7;FIKA/PIEZAS/PZ_FIKA MAPLE 30X180.jpg;ECOCERAMIC\FIKA\ECOCERAMIC_PZ_FIKA_MAPLE_30X180.webp;;;WooCommerce;
ECOCERAMIC;FIKA;;PZ_FIKA NATURAL 20X120.jpg;ECOCERAMIC_PZ_FIKA_NATURAL_20X120.webp;Pieza;;NATURAL;20X120;;;Baja;14174x2362;2000x333;36.24;0.06;99.8;FIKA/PIEZAS/PZ_FIKA NATURAL 20X120.jpg;ECOCERAMIC\FIKA\ECOCERAMIC_PZ_FIKA_NATURAL_20X120.webp;;;WooCommerce;
ECOCERAMIC;FIKA;;PZ_FIKA NATURAL 30X180.jpg;ECOCERAMIC_PZ_FIKA_NATURAL_30X180.webp;Pieza;;NATURAL;30X180;;;Baja;14173x2362;2000x333;63.26;0.18;99.7;FIKA/PIEZAS/PZ_FIKA NATURAL 30X180.jpg;ECOCERAMIC\FIKA\ECOCERAMIC_PZ_FIKA_NATURAL_30X180.webp;;;WooCommerce;
ECOCERAMIC;FIKA;;PZ_FIKA TAUPE 20X120.jpg;ECOCERAMIC_PZ_FIKA_TAUPE_20X120.webp;Pieza;;TAUPE;20X120;;;Baja;14174x2362;2000x333;34.41;0.05;99.9;FIKA/PIEZAS/PZ_FIKA TAUPE 20X120.jpg;ECOCERAMIC\FIKA\ECOCERAMIC_PZ_FIKA_TAUPE_20X120.webp;;;WooCommerce;
ECOCERAMIC;FIKA;;PZ_FIKA TAUPE 30X180.jpg;ECOCERAMIC_PZ_FIKA_TAUPE_30X180.webp;Pieza;;TAUPE;30X180;;;Baja;14173x2362;2000x333;44.43;0.12;99.7;FIKA/PIEZAS/PZ_FIKA TAUPE 30X180.jpg;ECOCERAMIC\FIKA\ECOCERAMIC_PZ_FIKA_TAUPE_30X180.webp;;;WooCommerce;
ECOCERAMIC;FIKA;;FIKA HAYA ZOCALO.tif;ECOCERAMIC_PZ_FIKA_ZOCALO_HAYA.webp;Pieza;ZOCALO;HAYA;;;;Alta;7144x1577;2000x441;207.26;0.06;100.0;FIKA/PIEZAS/FIKA HAYA ZOCALO.tif;ECOCERAMIC\FIKA\ECOCERAMIC_PZ_FIKA_ZOCALO_HAYA.webp;;;WooCommerce;
ECOCERAMIC;FIKA;;FIKA NATURAL ZOCALO.tif;ECOCERAMIC_PZ_FIKA_ZOCALO_NATURAL.webp;Pieza;ZOCALO;NATURAL;;;;Alta;7144x1577;2000x441;191.57;0.05;100.0;FIKA/PIEZAS/FIKA NATURAL ZOCALO.tif;ECOCERAMIC\FIKA\ECOCERAMIC_PZ_FIKA_ZOCALO_NATURAL.webp;;;WooCommerce;
ECOCERAMIC;FIKA;;FIKA TAUPE ZOCALO.tif;ECOCERAMIC_PZ_FIKA_ZOCALO_TAUPE.webp;Pieza;ZOCALO;TAUPE;;;;Alta;7144x1577;2000x441;212.35;0.11;99.9;FIKA/PIEZAS/FIKA TAUPE ZOCALO.tif;ECOCERAMIC\FIKA\ECOCERAMIC_PZ_FIKA_ZOCALO_TAUPE.webp;;;WooCommerce;
ECOCERAMIC;HARPER;;AMB_HARPER HAYA 20X120.jpg;ECOCERAMIC_AMB_HARPER_HAYA_20X120.webp;Ambiente;;HAYA;20X120;;;Baja;5000x4000;2000x1600;12.31;0.36;97.1;HARPER/AMBIENTES/BAJA/AMB_HARPER HAYA 20X120.jpg;ECOCERAMIC\HARPER\ECOCERAMIC_AMB_HARPER_HAYA_20X120.webp;;HARPER/AMBIENTES/ALTA/AMB_HARPER HAYA 20X120.tif;WooCommerce;
ECOCERAMIC;HARPER;;AMB_HARPER HAYA 20X120 - ICELAND TOPAZ 120X280.jpg;ECOCERAMIC_AMB_HARPER_HAYA_20X120_120X280.webp;Ambiente;;HAYA;20X120 / 120X280;;ICELAND;Baja;5000x4000;2000x1600;10.2;0.27;97.4;HARPER/AMBIENTES/BAJA/AMB_HARPER HAYA 20X120 - ICELAND TOPAZ 120X280.jpg;ECOCERAMIC\HARPER\ECOCERAMIC_AMB_HARPER_HAYA_20X120_120X280.webp;;HARPER/AMBIENTES/ALTA/AMB_HARPER HAYA 20X120 - ICELAND TOPAZ 120X280.tif;WooCommerce;
ECOCERAMIC;HARPER;;AMB_HARPER HAYA 20X120 DETALLE.jpg;ECOCERAMIC_AMB_HARPER_HAYA_20X120_DETALLE.webp;Ambiente;;HAYA;20X120;DETALLE;;Baja;5000x4000;2000x1600;14.49;0.32;97.8;HARPER/AMBIENTES/BAJA/AMB_HARPER HAYA 20X120 DETALLE.jpg;ECOCERAMIC\HARPER\ECOCERAMIC_AMB_HARPER_HAYA_20X120_DETALLE.webp;;HARPER/AMBIENTES/ALTA/AMB_HARPER HAYA 20X120 DETALLE.tif;WooCommerce;
ECOCERAMIC;HARPER;;AMB_HARPER HAYA 20X120-BESANA SAND 120X120.jpg;ECOCERAMIC_AMB_HARPER_HAYA_SAND_20X120_120X120.webp;Ambiente;;HAYA / SAND;20X120 / 120X120;;;Baja;5000x4000;2000x1600;11.06;0.26;97.7;HARPER/AMBIENTES/BAJA/AMB_HARPER HAYA 20X120-BESANA SAND 120X120.jpg;ECOCERAMIC\HARPER\ECOCERAMIC_AMB_HARPER_HAYA_SAND_20X120_120X120.webp;ECOCERAMIC\BESANA\ECOCERAMIC_AMB_HARPER_HAYA_SAND_20X120_120X120.webp;HARPER/AMBIENTES/ALTA/AMB_HARPER HAYA 20X120-BESANA SAND 120X120.tif;WooCommerce;
ECOCERAMIC;HARPER;;AMB_HARPER NATURAL 20X120.jpg;ECOCERAMIC_AMB_HARPER_NATURAL_20X120.webp;Ambiente;;NATURAL;20X120;;;Baja;5000x4000;2000x1600;11.64;0.34;97.1;HARPER/AMBIENTES/BAJA/AMB_HARPER NATURAL 20X120.jpg;ECOCERAMIC\HARPER\ECOCERAMIC_AMB_HARPER_NATURAL_20X120.webp;;HARPER/AMBIENTES/ALTA/AMB_HARPER NATURAL 20X120.tif;WooCommerce;
ECOCERAMIC;HARPER;;AMB_HARPER NATURAL 20X120 DETALLE.jpg;ECOCERAMIC_AMB_HARPER_NATURAL_20X120_DETALLE.webp;Ambiente;;NATURAL;20X120;DETALLE;;Baja;5000x4000;2000x1600;14.7;0.35;97.6;HARPER/AMBIENTES/BAJA/AMB_HARPER NATURAL 20X120 DETALLE.jpg;ECOCERAMIC\HARPER\ECOCERAMIC_AMB_HARPER_NATURAL_20X120_DETALLE.webp;;HARPER/AMBIENTES/ALTA/AMB_HARPER NATURAL 20X120 DETALLE.tif;WooCommerce;
ECOCERAMIC;HARPER;;AMB_HARPER NATURAL 20X120-BESANA SAND 120X120.jpg;ECOCERAMIC_AMB_HARPER_NATURAL_SAND_20X120_120X120.webp;Ambiente;;NATURAL / SAND;20X120 / 120X120;;;Baja;5000x4000;2000x1600;11.24;0.27;97.6;HARPER/AMBIENTES/BAJA/AMB_HARPER NATURAL 20X120-BESANA SAND 120X120.jpg;ECOCERAMIC\HARPER\ECOCERAMIC_AMB_HARPER_NATURAL_SAND_20X120_120X120.webp;ECOCERAMIC\BESANA\ECOCERAMIC_AMB_HARPER_NATURAL_SAND_20X120_120X120.webp;HARPER/AMBIENTES/ALTA/AMB_HARPER NATURAL 20X120-BESANA SAND 120X120.tif;WooCommerce;
ECOCERAMIC;HARPER;;AMB_HARPER TAUPE 20X120.jpg;ECOCERAMIC_AMB_HARPER_TAUPE_20X120.webp;Ambiente;;TAUPE;20X120;;;Baja;5000x4000;2000x1600;12.41;0.38;97.0;HARPER/AMBIENTES/BAJA/AMB_HARPER TAUPE 20X120.jpg;ECOCERAMIC\HARPER\ECOCERAMIC_AMB_HARPER_TAUPE_20X120.webp;;HARPER/AMBIENTES/ALTA/AMB_HARPER TAUPE 20X120.tif;WooCommerce;
ECOCERAMIC;HARPER;;AMB_HARPER TAUPE 20X120 DETALLE.jpg;ECOCERAMIC_AMB_HARPER_TAUPE_20X120_DETALLE.webp;Ambiente;;TAUPE;20X120;DETALLE;;Baja;5000x4000;2000x1600;15.09;0.36;97.6;HARPER/AMBIENTES/BAJA/AMB_HARPER TAUPE 20X120 DETALLE.jpg;ECOCERAMIC\HARPER\ECOCERAMIC_AMB_HARPER_TAUPE_20X120_DETALLE.webp;;HARPER/AMBIENTES/ALTA/AMB_HARPER TAUPE 20X120 DETALLE.tif;WooCommerce;
ECOCERAMIC;HARPER;;AMB_HARPER TAUPE 20X120-BESANA SAND 120X120.jpg;ECOCERAMIC_AMB_HARPER_TAUPE_SAND_20X120_120X120.webp;Ambiente;;TAUPE / SAND;20X120 / 120X120;;;Baja;5000x4000;2000x1600;11.03;0.27;97.6;HARPER/AMBIENTES/BAJA/AMB_HARPER TAUPE 20X120-BESANA SAND 120X120.jpg;ECOCERAMIC\HARPER\ECOCERAMIC_AMB_HARPER_TAUPE_SAND_20X120_120X120.webp;ECOCERAMIC\BESANA\ECOCERAMIC_AMB_HARPER_TAUPE_SAND_20X120_120X120.webp;HARPER/AMBIENTES/ALTA/AMB_HARPER TAUPE 20X120-BESANA SAND 120X120.tif;WooCommerce;
ECOCERAMIC;HARPER;;PZ_HARPER HAYA 20X120.jpg;ECOCERAMIC_PZ_HARPER_HAYA_20X120.webp;Pieza;;HAYA;20X120;;;Baja;7795x1299;2000x333;9.54;0.08;99.2;HARPER/PIEZAS/PZ_HARPER HAYA 20X120.jpg;ECOCERAMIC\HARPER\ECOCERAMIC_PZ_HARPER_HAYA_20X120.webp;;;WooCommerce;
ECOCERAMIC;HARPER;;PZ_HARPER NATURAL 20X120.jpg;ECOCERAMIC_PZ_HARPER_NATURAL_20X120.webp;Pieza;;NATURAL;20X120;;;Baja;7795x1299;2000x333;8.95;0.07;99.2;HARPER/PIEZAS/PZ_HARPER NATURAL 20X120.jpg;ECOCERAMIC\HARPER\ECOCERAMIC_PZ_HARPER_NATURAL_20X120.webp;;;WooCommerce;
ECOCERAMIC;HARPER;;PZ_HARPER TAUPE 20X120.jpg;ECOCERAMIC_PZ_HARPER_TAUPE_20X120.webp;Pieza;;TAUPE;20X120;;;Baja;7795x1299;2000x333;10.46;0.09;99.1;HARPER/PIEZAS/PZ_HARPER TAUPE 20X120.jpg;ECOCERAMIC\HARPER\ECOCERAMIC_PZ_HARPER_TAUPE_20X120.webp;;;WooCommerce;
ECOCERAMIC;HELSINKI;;AMB_OTTAWA TRECCIA IVORY+HELSINKI TAUPE.jpg;ECOCERAMIC_AMB_HELSINKI.webp;Ambiente;;;;;;Baja;5000x4500;1600x1440;21.22;0.42;98.0;HELSINKI/AMBIENTES/AMB_OTTAWA TRECCIA IVORY+HELSINKI TAUPE.jpg;ECOCERAMIC\HELSINKI\ECOCERAMIC_AMB_HELSINKI.webp;;HELSINKI/AMBIENTES/AMB_OTTAWA TRECCIA IVORY+HELSINKI TAUPE.tif;WooCommerce;origen < 2000px (se conserva 1600x1440) | sin color detectado en el nombre
ECOCERAMIC;HELSINKI;;ECOCERAMIC_KRAKEN_120X120_60X120_HELSINKI_60X120_LIVING ROOM.jpg;ECOCERAMIC_AMB_HELSINKI_120X120_60X120_LIVING.webp;Ambiente;;;120X120 / 60X120;LIVING;;Baja;5000x3750;2000x1500;11.23;0.22;98.1;HELSINKI/AMBIENTES/ECOCERAMIC_KRAKEN_120X120_60X120_HELSINKI_60X120_LIVING ROOM.jpg;ECOCERAMIC\HELSINKI\ECOCERAMIC_AMB_HELSINKI_120X120_60X120_LIVING.webp;;HELSINKI/AMBIENTES/ECOCERAMIC_KRAKEN_120X120_60X120_HELSINKI_60X120_LIVING ROOM.tif;WooCommerce;sin color detectado en el nombre
ECOCERAMIC;HELSINKI;;AMB_INEDIT PERLA 60X120-HELSINKI GRIS 20X120.jpg;ECOCERAMIC_AMB_HELSINKI_60X120_20X120.webp;Ambiente;;;60X120 / 20X120;;;Baja;5000x4200;2000x1680;13.09;0.2;98.5;HELSINKI/AMBIENTES/AMB_INEDIT PERLA 60X120-HELSINKI GRIS 20X120.jpg;ECOCERAMIC\HELSINKI\ECOCERAMIC_AMB_HELSINKI_60X120_20X120.webp;;HELSINKI/AMBIENTES/AMB_INEDIT PERLA 60X120-HELSINKI GRIS 20X120.tif;WooCommerce;sin color detectado en el nombre
ECOCERAMIC;HELSINKI;;AMB_HELSINKI BLANCO.jpg;ECOCERAMIC_AMB_HELSINKI_BLANCO.webp;Ambiente;;BLANCO;;;;Baja;5000x3750;2000x1500;3.81;0.16;95.9;HELSINKI/AMBIENTES/AMB_HELSINKI BLANCO.jpg;ECOCERAMIC\HELSINKI\ECOCERAMIC_AMB_HELSINKI_BLANCO.webp;;HELSINKI/AMBIENTES/AMB_HELSINKI BLANCO.tif;WooCommerce;
ECOCERAMIC;HELSINKI;;AMB_MANLEY BLANCO FACHADA-HELSINKI TAUPE-DONOSTI NOCE.jpg;ECOCERAMIC_AMB_HELSINKI_BLANCO_TAUPE_FACHADA.webp;Ambiente;;BLANCO / TAUPE;;FACHADA;DONOSTI;Baja;5000x4500;1800x1620;11.73;0.38;96.7;HELSINKI/AMBIENTES/AMB_MANLEY BLANCO FACHADA-HELSINKI TAUPE-DONOSTI NOCE.jpg;ECOCERAMIC\HELSINKI\ECOCERAMIC_AMB_HELSINKI_BLANCO_TAUPE_FACHADA.webp;ECOCERAMIC\MANLEY\ECOCERAMIC_AMB_HELSINKI_BLANCO_TAUPE_FACHADA.webp;HELSINKI/AMBIENTES/AMB_MANLEY BLANCO FACHADA-HELSINKI TAUPE-DONOSTI NOCE.tif;WooCommerce;origen < 2000px (se conserva 1800x1620)
ECOCERAMIC;HELSINKI;;AMB_HELSINKI ENCINA DORMITORIO.jpg;ECOCERAMIC_AMB_HELSINKI_ENCINA_BEDROOM.webp;Ambiente;;ENCINA;;BEDROOM;;Baja;5000x3750;2000x1500;12.12;0.24;98.0;HELSINKI/AMBIENTES/AMB_HELSINKI ENCINA DORMITORIO.jpg;ECOCERAMIC\HELSINKI\ECOCERAMIC_AMB_HELSINKI_ENCINA_BEDROOM.webp;;HELSINKI/AMBIENTES/AMB_HELSINKI ENCINA DORMITORIO.tif;WooCommerce;
ECOCERAMIC;HELSINKI;;AMB_HELSINKI GRIS DORMITORIO.jpg;ECOCERAMIC_AMB_HELSINKI_GRIS_BEDROOM.webp;Ambiente;;GRIS;;BEDROOM;;Baja;5000x3750;2000x1500;12.32;0.34;97.2;HELSINKI/AMBIENTES/AMB_HELSINKI GRIS DORMITORIO.jpg;ECOCERAMIC\HELSINKI\ECOCERAMIC_AMB_HELSINKI_GRIS_BEDROOM.webp;;HELSINKI/AMBIENTES/AMB_HELSINKI GRIS DORMITORIO.tif;WooCommerce;
ECOCERAMIC;HELSINKI;;AMB_HELSINKI HAYA.jpg;ECOCERAMIC_AMB_HELSINKI_HAYA.webp;Ambiente;;HAYA;;;;Baja;5000x3750;2000x1500;4.1;0.17;95.8;HELSINKI/AMBIENTES/AMB_HELSINKI HAYA.jpg;ECOCERAMIC\HELSINKI\ECOCERAMIC_AMB_HELSINKI_HAYA.webp;;HELSINKI/AMBIENTES/AMB_HELSINKI HAYA.tif;WooCommerce;
ECOCERAMIC;HELSINKI;;AMB_HELSINKI HAYA BAÑO.jpg;ECOCERAMIC_AMB_HELSINKI_HAYA_BATHROOM.webp;Ambiente;;HAYA;;BATHROOM;;Baja;5000x3750;2000x1500;13.51;0.21;98.4;HELSINKI/AMBIENTES/AMB_HELSINKI HAYA BAÑO.jpg;ECOCERAMIC\HELSINKI\ECOCERAMIC_AMB_HELSINKI_HAYA_BATHROOM.webp;;HELSINKI/AMBIENTES/AMB_HELSINKI HAYA BAÑO.tif;WooCommerce;
ECOCERAMIC;HELSINKI;;AMB_HELSINKI SALON.jpg;ECOCERAMIC_AMB_HELSINKI_LIVING.webp;Ambiente;;;;LIVING;;Baja;5000x3500;2000x1400;4.66;0.25;94.5;HELSINKI/AMBIENTES/AMB_HELSINKI SALON.jpg;ECOCERAMIC\HELSINKI\ECOCERAMIC_AMB_HELSINKI_LIVING.webp;;HELSINKI/AMBIENTES/AMB_HELSINKI SALON.tif;WooCommerce;sin color detectado en el nombre
ECOCERAMIC;HELSINKI;;AMB_MALLA R+Q HELSINKI TAUPE-HELSINKI TAUPE 20X120.jpg;ECOCERAMIC_AMB_HELSINKI_MALLA-RQ_TAUPE_20X120.webp;Ambiente;MALLA-RQ;TAUPE;20X120;;;Baja;5000x3750;2000x1500;11.55;0.21;98.1;HELSINKI/AMBIENTES/AMB_MALLA R+Q HELSINKI TAUPE-HELSINKI TAUPE 20X120.jpg;ECOCERAMIC\HELSINKI\ECOCERAMIC_AMB_HELSINKI_MALLA-RQ_TAUPE_20X120.webp;;HELSINKI/AMBIENTES/AMB_MALLA R+Q HELSINKI TAUPE-HELSINKI TAUPE 20X120.tif;WooCommerce;
ECOCERAMIC;HELSINKI;;AMB_MALLA R+Q HELSINKI TAUPE DETALLE.jpg;ECOCERAMIC_AMB_HELSINKI_MALLA-RQ_TAUPE_DETALLE.webp;Ambiente;MALLA-RQ;TAUPE;;DETALLE;;Baja;5000x3750;1800x1350;14.6;0.39;97.4;HELSINKI/AMBIENTES/AMB_MALLA R+Q HELSINKI TAUPE DETALLE.jpg;ECOCERAMIC\HELSINKI\ECOCERAMIC_AMB_HELSINKI_MALLA-RQ_TAUPE_DETALLE.webp;;HELSINKI/AMBIENTES/AMB_MALLA R+Q HELSINKI TAUPE DETALLE.tif;WooCommerce;origen < 2000px (se conserva 1800x1350)
ECOCERAMIC;HELSINKI;;AMB_ARENISCA PERLA-KURIOS-HELSINKI BLANCO-CHIRA BEIGE.jpg;ECOCERAMIC_AMB_HELSINKI_PERLA.webp;Ambiente;;PERLA;;;CHIRA / KURIOS;Baja;5000x3750;2000x1500;10.87;0.26;97.6;HELSINKI/AMBIENTES/AMB_ARENISCA PERLA-KURIOS-HELSINKI BLANCO-CHIRA BEIGE.jpg;ECOCERAMIC\HELSINKI\ECOCERAMIC_AMB_HELSINKI_PERLA.webp;ECOCERAMIC\ARENISCA\ECOCERAMIC_AMB_HELSINKI_PERLA.webp;HELSINKI/AMBIENTES/AMB_ARENISCA PERLA-KURIOS-HELSINKI BLANCO-CHIRA BEIGE.tif;WooCommerce;
ECOCERAMIC;HELSINKI;;AMB_HELSINKI PERLA DORMITORIO.jpg;ECOCERAMIC_AMB_HELSINKI_PERLA_BEDROOM.webp;Ambiente;;PERLA;;BEDROOM;;Baja;5000x3750;2000x1500;12.94;0.31;97.6;HELSINKI/AMBIENTES/AMB_HELSINKI PERLA DORMITORIO.jpg;ECOCERAMIC\HELSINKI\ECOCERAMIC_AMB_HELSINKI_PERLA_BEDROOM.webp;;HELSINKI/AMBIENTES/AMB_HELSINKI PERLA DORMITORIO.tif;WooCommerce;
ECOCERAMIC;HELSINKI;;ECOCERAMIC_AMAZONITE_WHITE_POLISHED_120X280_KORA_WHITE_120X120_HELSINKI_TAUPE_20X120_KITCHEN.tif;ECOCERAMIC_AMB_HELSINKI_POLISHED_120X280_120X120_KITCHEN.webp;Ambiente;POLISHED;;120X280 / 120X120 / 20X120;KITCHEN;;Alta;5000x3500;2000x1400;50.09;0.27;99.5;HELSINKI/AMBIENTES/ECOCERAMIC_AMAZONITE_WHITE_POLISHED_120X280_KORA_WHITE_120X120_HELSINKI_TAUPE_20X120_KITCHEN.tif;ECOCERAMIC\HELSINKI\ECOCERAMIC_AMB_HELSINKI_POLISHED_120X280_120X120_KITCHEN.webp;;;WooCommerce;sin color detectado en el nombre
ECOCERAMIC;HELSINKI;;AMB_RLV.HELSINKI HAYA 60X120-REBEL SILVER120X120-3.jpg;ECOCERAMIC_AMB_HELSINKI_RLV_HAYA_60X120_120X120_03.webp;Ambiente;RLV;HAYA;60X120 / 120X120;;REBEL;Baja;5000x4000;2000x1600;13.4;0.29;97.8;HELSINKI/AMBIENTES/AMBIENTES RLV.HELSINKI/AMB_RLV.HELSINKI HAYA 60X120-REBEL SILVER120X120-3.jpg;ECOCERAMIC\HELSINKI\ECOCERAMIC_AMB_HELSINKI_RLV_HAYA_60X120_120X120_03.webp;;HELSINKI/AMBIENTES/AMBIENTES RLV.HELSINKI/AMB_RLV.HELSINKI HAYA 60X120-REBEL SILVER120X120-3.tif;WooCommerce;
ECOCERAMIC;HELSINKI;;AMB_RLV.HELSINKI HAYA 60X120-HELSINKI HAYA 20X120-1.jpg;ECOCERAMIC_AMB_HELSINKI_RLV_HAYA_60X120_20X120_01.webp;Ambiente;RLV;HAYA;60X120 / 20X120;;;Baja;5000x5000;1800x1800;18.75;0.35;98.1;HELSINKI/AMBIENTES/AMBIENTES RLV.HELSINKI/AMB_RLV.HELSINKI HAYA 60X120-HELSINKI HAYA 20X120-1.jpg;ECOCERAMIC\HELSINKI\ECOCERAMIC_AMB_HELSINKI_RLV_HAYA_60X120_20X120_01.webp;;HELSINKI/AMBIENTES/AMBIENTES RLV.HELSINKI/AMB_RLV.HELSINKI HAYA 60X120-HELSINKI HAYA 20X120-1.tif;WooCommerce;origen < 2000px (se conserva 1800x1800)
ECOCERAMIC;HELSINKI;;AMB_RLV.HELSINKI HAYA 60X120-HELSINKI HAYA 20X120-2.jpg;ECOCERAMIC_AMB_HELSINKI_RLV_HAYA_60X120_20X120_02.webp;Ambiente;RLV;HAYA;60X120 / 20X120;;;Baja;5000x5000;2000x2000;16.72;0.16;99.1;HELSINKI/AMBIENTES/AMBIENTES RLV.HELSINKI/AMB_RLV.HELSINKI HAYA 60X120-HELSINKI HAYA 20X120-2.jpg;ECOCERAMIC\HELSINKI\ECOCERAMIC_AMB_HELSINKI_RLV_HAYA_60X120_20X120_02.webp;;HELSINKI/AMBIENTES/AMBIENTES RLV.HELSINKI/AMB_RLV.HELSINKI HAYA 60X120-HELSINKI HAYA 20X120-2.tif;WooCommerce;
ECOCERAMIC;HELSINKI;;AMB_RLV.HELSINKI NATURAL 60X120-REBEL SILVER120X120-3.jpg;ECOCERAMIC_AMB_HELSINKI_RLV_NATURAL_60X120_120X120_03.webp;Ambiente;RLV;NATURAL;60X120 / 120X120;;REBEL;Baja;5000x4000;2000x1600;13.29;0.28;97.9;HELSINKI/AMBIENTES/AMBIENTES RLV.HELSINKI/AMB_RLV.HELSINKI NATURAL 60X120-REBEL SILVER120X120-3.jpg;ECOCERAMIC\HELSINKI\ECOCERAMIC_AMB_HELSINKI_RLV_NATURAL_60X120_120X120_03.webp;;HELSINKI/AMBIENTES/AMBIENTES RLV.HELSINKI/AMB_RLV.HELSINKI NATURAL 60X120-REBEL SILVER120X120-3.tif;WooCommerce;
ECOCERAMIC;HELSINKI;;AMB_RLV.HELSINKI NATURAL 60X120-HELSINKI NATURAL 20X120-1.jpg;ECOCERAMIC_AMB_HELSINKI_RLV_NATURAL_60X120_20X120_01.webp;Ambiente;RLV;NATURAL;60X120 / 20X120;;;Baja;5000x5000;1800x1800;19.05;0.36;98.1;HELSINKI/AMBIENTES/AMBIENTES RLV.HELSINKI/AMB_RLV.HELSINKI NATURAL 60X120-HELSINKI NATURAL 20X120-1.jpg;ECOCERAMIC\HELSINKI\ECOCERAMIC_AMB_HELSINKI_RLV_NATURAL_60X120_20X120_01.webp;;HELSINKI/AMBIENTES/AMBIENTES RLV.HELSINKI/AMB_RLV.HELSINKI NATURAL 60X120-HELSINKI NATURAL 20X120-1.tif;WooCommerce;origen < 2000px (se conserva 1800x1800)
ECOCERAMIC;HELSINKI;;AMB_RLV.HELSINKI NATURAL 60X120-HELSINKI NATURAL 20X120-2.jpg;ECOCERAMIC_AMB_HELSINKI_RLV_NATURAL_60X120_20X120_02.webp;Ambiente;RLV;NATURAL;60X120 / 20X120;;;Baja;5000x5000;2000x2000;16.9;0.16;99.0;HELSINKI/AMBIENTES/AMBIENTES RLV.HELSINKI/AMB_RLV.HELSINKI NATURAL 60X120-HELSINKI NATURAL 20X120-2.jpg;ECOCERAMIC\HELSINKI\ECOCERAMIC_AMB_HELSINKI_RLV_NATURAL_60X120_20X120_02.webp;;HELSINKI/AMBIENTES/AMBIENTES RLV.HELSINKI/AMB_RLV.HELSINKI NATURAL 60X120-HELSINKI NATURAL 20X120-2.tif;WooCommerce;
ECOCERAMIC;HELSINKI;;AMB_RLV.HELSINKI PERLA 60X120-REBEL SILVER120X120-3.jpg;ECOCERAMIC_AMB_HELSINKI_RLV_PERLA_60X120_120X120_03.webp;Ambiente;RLV;PERLA;60X120 / 120X120;;REBEL;Baja;5000x4000;2000x1600;12.39;0.29;97.7;HELSINKI/AMBIENTES/AMBIENTES RLV.HELSINKI/AMB_RLV.HELSINKI PERLA 60X120-REBEL SILVER120X120-3.jpg;ECOCERAMIC\HELSINKI\ECOCERAMIC_AMB_HELSINKI_RLV_PERLA_60X120_120X120_03.webp;;HELSINKI/AMBIENTES/AMBIENTES RLV.HELSINKI/AMB_RLV.HELSINKI PERLA 60X120-REBEL SILVER120X120-3.tif;WooCommerce;
ECOCERAMIC;HELSINKI;;AMB_RLV.HELSINKI PERLA 60X120-HELSINKI GRIS 20X120-1.jpg;ECOCERAMIC_AMB_HELSINKI_RLV_PERLA_GRIS_60X120_20X120_01.webp;Ambiente;RLV;PERLA / GRIS;60X120 / 20X120;;;Baja;5000x5000;1800x1800;16.72;0.36;97.8;HELSINKI/AMBIENTES/AMBIENTES RLV.HELSINKI/AMB_RLV.HELSINKI PERLA 60X120-HELSINKI GRIS 20X120-1.jpg;ECOCERAMIC\HELSINKI\ECOCERAMIC_AMB_HELSINKI_RLV_PERLA_GRIS_60X120_20X120_01.webp;;HELSINKI/AMBIENTES/AMBIENTES RLV.HELSINKI/AMB_RLV.HELSINKI PERLA 60X120-HELSINKI GRIS 20X120-1.tif;WooCommerce;origen < 2000px (se conserva 1800x1800)
ECOCERAMIC;HELSINKI;;AMB_RLV.HELSINKI PERLA 60X120-HELSINKI GRIS 20X120-CROMATICA CIELO 30X90-2.jpg;ECOCERAMIC_AMB_HELSINKI_RLV_PERLA_GRIS_60X120_20X120_02.webp;Ambiente;RLV;PERLA / GRIS;60X120 / 20X120 / 30X90;;CROMATICA;Baja;5000x5000;2000x2000;15.21;0.16;98.9;HELSINKI/AMBIENTES/AMBIENTES RLV.HELSINKI/AMB_RLV.HELSINKI PERLA 60X120-HELSINKI GRIS 20X120-CROMATICA CIELO 30X90-2.jpg;ECOCERAMIC\HELSINKI\ECOCERAMIC_AMB_HELSINKI_RLV_PERLA_GRIS_60X120_20X120_02.webp;;HELSINKI/AMBIENTES/AMBIENTES RLV.HELSINKI/AMB_RLV.HELSINKI PERLA 60X120-HELSINKI GRIS 20X120-CROMATICA CIELO 30X90-2.tif;WooCommerce;
ECOCERAMIC;HELSINKI;;AMB_RLV.HELSINKI TAUPE 60X120-REBEL SILVER120X120-3.jpg;ECOCERAMIC_AMB_HELSINKI_RLV_TAUPE_60X120_120X120_03.webp;Ambiente;RLV;TAUPE;60X120 / 120X120;;REBEL;Baja;5000x4000;2000x1600;13.53;0.3;97.8;HELSINKI/AMBIENTES/AMBIENTES RLV.HELSINKI/AMB_RLV.HELSINKI TAUPE 60X120-REBEL SILVER120X120-3.jpg;ECOCERAMIC\HELSINKI\ECOCERAMIC_AMB_HELSINKI_RLV_TAUPE_60X120_120X120_03.webp;;HELSINKI/AMBIENTES/AMBIENTES RLV.HELSINKI/AMB_RLV.HELSINKI TAUPE 60X120-REBEL SILVER120X120-3.tif;WooCommerce;
ECOCERAMIC;HELSINKI;;AMB_RLV.HELSINKI TAUPE 60X120-HELSINKI TAUPE 20X120-1.jpg;ECOCERAMIC_AMB_HELSINKI_RLV_TAUPE_60X120_20X120_01.webp;Ambiente;RLV;TAUPE;60X120 / 20X120;;;Baja;5000x5000;1800x1800;18.35;0.38;97.9;HELSINKI/AMBIENTES/AMBIENTES RLV.HELSINKI/AMB_RLV.HELSINKI TAUPE 60X120-HELSINKI TAUPE 20X120-1.jpg;ECOCERAMIC\HELSINKI\ECOCERAMIC_AMB_HELSINKI_RLV_TAUPE_60X120_20X120_01.webp;;HELSINKI/AMBIENTES/AMBIENTES RLV.HELSINKI/AMB_RLV.HELSINKI TAUPE 60X120-HELSINKI TAUPE 20X120-1.tif;WooCommerce;origen < 2000px (se conserva 1800x1800)
ECOCERAMIC;HELSINKI;;AMB_RLV.HELSINKI TAUPE 60X120-HELSINKI TAUPE 20X120-2.jpg;ECOCERAMIC_AMB_HELSINKI_RLV_TAUPE_60X120_20X120_02.webp;Ambiente;RLV;TAUPE;60X120 / 20X120;;;Baja;5000x5000;2000x2000;16.7;0.17;99.0;HELSINKI/AMBIENTES/AMBIENTES RLV.HELSINKI/AMB_RLV.HELSINKI TAUPE 60X120-HELSINKI TAUPE 20X120-2.jpg;ECOCERAMIC\HELSINKI\ECOCERAMIC_AMB_HELSINKI_RLV_TAUPE_60X120_20X120_02.webp;;HELSINKI/AMBIENTES/AMBIENTES RLV.HELSINKI/AMB_RLV.HELSINKI TAUPE 60X120-HELSINKI TAUPE 20X120-2.tif;WooCommerce;
ECOCERAMIC;HELSINKI;;AMB_HELSINKI TAUPE.jpg;ECOCERAMIC_AMB_HELSINKI_TAUPE.webp;Ambiente;;TAUPE;;;;Baja;5000x3750;2000x1500;4.58;0.24;94.8;HELSINKI/AMBIENTES/AMB_HELSINKI TAUPE.jpg;ECOCERAMIC\HELSINKI\ECOCERAMIC_AMB_HELSINKI_TAUPE.webp;;HELSINKI/AMBIENTES/AMB_HELSINKI TAUPE.tif;WooCommerce;
ECOCERAMIC;HELSINKI;;AMB_RODAS-G.HER-HELSINKI HAYA.jpg;ECOCERAMIC_AMB_HELSINKI_V2.webp;Ambiente;;;;;G.HER;Baja;5000x4000;2000x1600;6.62;0.34;94.9;HELSINKI/AMBIENTES/AMB_RODAS-G.HER-HELSINKI HAYA.jpg;ECOCERAMIC\HELSINKI\ECOCERAMIC_AMB_HELSINKI_V2.webp;;HELSINKI/AMBIENTES/AMB_RODAS-G.HER-HELSINKI HAYA.tif;WooCommerce;nombre desambiguado (_V) | sin color detectado en el nombre
ECOCERAMIC;HELSINKI;;AMB_RLV.HELSINKI-3-mascara.tif;ECOCERAMIC_MASK_HELSINKI_RLV_MASCARA.webp;Mascara;RLV / MASCARA;;;;;Alta;5000x4000;2000x1600;114.48;0.05;100.0;HELSINKI/AMBIENTES/AMBIENTES RLV.HELSINKI/mascaras/AMB_RLV.HELSINKI-3-mascara.tif;_AUXILIARES\HELSINKI\ECOCERAMIC_MASK_HELSINKI_RLV_MASCARA.webp;;;AUXILIAR;sin color detectado en el nombre
ECOCERAMIC;HELSINKI;;AMB_RLV.HELSINKI 60X120-1-mascara.tif;ECOCERAMIC_MASK_HELSINKI_RLV_MASCARA_60X120.webp;Mascara;RLV / MASCARA;;60X120;;;Alta;5000x5000;2000x2000;143.09;0.04;100.0;HELSINKI/AMBIENTES/AMBIENTES RLV.HELSINKI/mascaras/AMB_RLV.HELSINKI 60X120-1-mascara.tif;_AUXILIARES\HELSINKI\ECOCERAMIC_MASK_HELSINKI_RLV_MASCARA_60X120.webp;;;AUXILIAR;sin color detectado en el nombre
ECOCERAMIC;HELSINKI;;AMB_RLV.HELSINKI 60X120-2-mascara.tif;ECOCERAMIC_MASK_HELSINKI_RLV_MASCARA_60X120_V2.webp;Mascara;RLV / MASCARA;;60X120;;;Alta;5000x5000;2000x2000;143.09;0.03;100.0;HELSINKI/AMBIENTES/AMBIENTES RLV.HELSINKI/mascaras/AMB_RLV.HELSINKI 60X120-2-mascara.tif;_AUXILIARES\HELSINKI\ECOCERAMIC_MASK_HELSINKI_RLV_MASCARA_60X120_V2.webp;;;AUXILIAR;nombre desambiguado (_V) | sin color detectado en el nombre
ECOCERAMIC;HELSINKI;;Helsinki Blanco 20x120.jpg;ECOCERAMIC_PZ_HELSINKI_BLANCO_20X120.webp;Pieza;;BLANCO;20X120;;;Baja;8031x1338;2000x333;6.5;0.03;99.6;HELSINKI/PIEZAS/Helsinki Blanco 20x120.jpg;ECOCERAMIC\HELSINKI\ECOCERAMIC_PZ_HELSINKI_BLANCO_20X120.webp;;HELSINKI/PIEZAS/Helsinki Blanco 20x120.tif;WooCommerce;
ECOCERAMIC;HELSINKI;;Helsinki Encina 20x120.jpg;ECOCERAMIC_PZ_HELSINKI_ENCINA_20X120.webp;Pieza;;ENCINA;20X120;;;Baja;8031x1338;2000x333;8.32;0.08;99.0;HELSINKI/PIEZAS/Helsinki Encina 20x120.jpg;ECOCERAMIC\HELSINKI\ECOCERAMIC_PZ_HELSINKI_ENCINA_20X120.webp;;HELSINKI/PIEZAS/Helsinki Encina 20x120.tif;WooCommerce;
ECOCERAMIC;HELSINKI;;Helsinki Gris 20x120.jpg;ECOCERAMIC_PZ_HELSINKI_GRIS_20X120.webp;Pieza;;GRIS;20X120;;;Baja;8031x1338;2000x333;7.93;0.09;98.9;HELSINKI/PIEZAS/Helsinki Gris 20x120.jpg;ECOCERAMIC\HELSINKI\ECOCERAMIC_PZ_HELSINKI_GRIS_20X120.webp;;HELSINKI/PIEZAS/Helsinki Gris 20x120.tif;WooCommerce;
ECOCERAMIC;HELSINKI;;Helsinki Haya 20x120.jpg;ECOCERAMIC_PZ_HELSINKI_HAYA_20X120.webp;Pieza;;HAYA;20X120;;;Baja;8031x1338;2000x333;6.87;0.04;99.5;HELSINKI/PIEZAS/Helsinki Haya 20x120.jpg;ECOCERAMIC\HELSINKI\ECOCERAMIC_PZ_HELSINKI_HAYA_20X120.webp;;HELSINKI/PIEZAS/Helsinki Haya 20x120.tif;WooCommerce;
ECOCERAMIC;HELSINKI;;Helsinki Natural 20x120.jpg;ECOCERAMIC_PZ_HELSINKI_NATURAL_20X120.webp;Pieza;;NATURAL;20X120;;;Baja;8031x1338;2000x333;7.22;0.05;99.4;HELSINKI/PIEZAS/Helsinki Natural 20x120.jpg;ECOCERAMIC\HELSINKI\ECOCERAMIC_PZ_HELSINKI_NATURAL_20X120.webp;;HELSINKI/PIEZAS/Helsinki Natural 20x120.tif;WooCommerce;
ECOCERAMIC;HELSINKI;;Helsinki Perla 20x120.jpg;ECOCERAMIC_PZ_HELSINKI_PERLA_20X120.webp;Pieza;;PERLA;20X120;;;Baja;4620x775;2000x335;2.86;0.08;97.3;HELSINKI/PIEZAS/Helsinki Perla 20x120.jpg;ECOCERAMIC\HELSINKI\ECOCERAMIC_PZ_HELSINKI_PERLA_20X120.webp;;HELSINKI/PIEZAS/Helsinki Perla 20x120.tif;WooCommerce;
ECOCERAMIC;HELSINKI;;Rlv. Helsinki Haya 60x120.jpg;ECOCERAMIC_PZ_HELSINKI_RLV_HAYA_60X120.webp;Pieza;RLV;HAYA;60X120;;;Baja;7689x3886;2000x1011;32.6;0.15;99.5;HELSINKI/PIEZAS/Rlv. Helsinki Haya 60x120.jpg;ECOCERAMIC\HELSINKI\ECOCERAMIC_PZ_HELSINKI_RLV_HAYA_60X120.webp;;HELSINKI/PIEZAS/Rlv. Helsinki Haya 60x120.tif;WooCommerce;
ECOCERAMIC;HELSINKI;;Rlv. Helsinki Natural 60x120.tif;ECOCERAMIC_PZ_HELSINKI_RLV_NATURAL_60X120.webp;Pieza;RLV;NATURAL;60X120;;;Alta;7689x3886;2000x1011;85.53;0.15;99.8;HELSINKI/PIEZAS/Rlv. Helsinki Natural 60x120.tif;ECOCERAMIC\HELSINKI\ECOCERAMIC_PZ_HELSINKI_RLV_NATURAL_60X120.webp;;HELSINKI/PIEZAS/Rlv. Helsinki Natural 60x120.jpg;WooCommerce;
ECOCERAMIC;HELSINKI;;Rlv. Helsinki Perla 60x120.jpg;ECOCERAMIC_PZ_HELSINKI_RLV_PERLA_60X120.webp;Pieza;RLV;PERLA;60X120;;;Baja;7689x3886;2000x1011;22.96;0.19;99.2;HELSINKI/PIEZAS/Rlv. Helsinki Perla 60x120.jpg;ECOCERAMIC\HELSINKI\ECOCERAMIC_PZ_HELSINKI_RLV_PERLA_60X120.webp;;HELSINKI/PIEZAS/Rlv. Helsinki Perla 60x120.tif;WooCommerce;
ECOCERAMIC;HELSINKI;;Rlv. Helsinki Taupe 60x120.jpg;ECOCERAMIC_PZ_HELSINKI_RLV_TAUPE_60X120.webp;Pieza;RLV;TAUPE;60X120;;;Baja;7689x3886;2000x1011;28.65;0.26;99.1;HELSINKI/PIEZAS/Rlv. Helsinki Taupe 60x120.jpg;ECOCERAMIC\HELSINKI\ECOCERAMIC_PZ_HELSINKI_RLV_TAUPE_60X120.webp;;HELSINKI/PIEZAS/Rlv. Helsinki Taupe 60x120.tif;WooCommerce;
ECOCERAMIC;HELSINKI;;Helsinki Taupe 20x120.jpg;ECOCERAMIC_PZ_HELSINKI_TAUPE_20X120.webp;Pieza;;TAUPE;20X120;;;Baja;8031x1338;2000x333;8.3;0.08;99.1;HELSINKI/PIEZAS/Helsinki Taupe 20x120.jpg;ECOCERAMIC\HELSINKI\ECOCERAMIC_PZ_HELSINKI_TAUPE_20X120.webp;;HELSINKI/PIEZAS/Helsinki Taupe 20x120.tif;WooCommerce;
ECOCERAMIC;HELSINKI;PELDANO;32X120 PELDAÑO EXTRUSIONADO HELSINKY GRIS.png;ECOCERAMIC_PZ_HELSINKI_PELDANO-EXTRUSIONADO_GRIS_32X120.webp;Pieza;PELDANO-EXTRUSIONADO;GRIS;32X120;;;Baja;4344x1226;2000x564;2.48;0.07;97.3;HELSINKI/PIEZAS/PELDAÑOS/32X120 PELDAÑO EXTRUSIONADO HELSINKY GRIS.png;ECOCERAMIC\HELSINKI\PELDANO\ECOCERAMIC_PZ_HELSINKI_PELDANO-EXTRUSIONADO_GRIS_32X120.webp;;HELSINKI/PIEZAS/PELDAÑOS/32X120 PELDAÑO EXTRUSIONADO HELSINKY GRIS.jpg;WooCommerce;
ECOCERAMIC;HELSINKI;PELDANO;32X120 PELDAÑO EXTRUSIONADO HELSINKY NATURAL.png;ECOCERAMIC_PZ_HELSINKI_PELDANO-EXTRUSIONADO_NATURAL_32X120.webp;Pieza;PELDANO-EXTRUSIONADO;NATURAL;32X120;;;Baja;4344x1226;2000x564;2.72;0.06;97.6;HELSINKI/PIEZAS/PELDAÑOS/32X120 PELDAÑO EXTRUSIONADO HELSINKY NATURAL.png;ECOCERAMIC\HELSINKI\PELDANO\ECOCERAMIC_PZ_HELSINKI_PELDANO-EXTRUSIONADO_NATURAL_32X120.webp;;HELSINKI/PIEZAS/PELDAÑOS/32X120 PELDAÑO EXTRUSIONADO HELSINKY NATURAL.jpg;WooCommerce;
ECOCERAMIC;IKON;15X90;AMB_IKON ALMOND 15X90 copia.jpg;ECOCERAMIC_AMB_IKON_ALMOND_15X90.webp;Ambiente;;ALMOND;15X90;;;Baja;5000x3500;2000x1400;19.56;0.36;98.2;IKON/AMBIENTES/15x90/AMB_IKON ALMOND 15X90 copia.jpg;ECOCERAMIC\IKON\15X90\ECOCERAMIC_AMB_IKON_ALMOND_15X90.webp;;IKON/AMBIENTES/15x90/AMB_IKON ALMOND 15X90.tif;WooCommerce;
ECOCERAMIC;IKON;15X90;AMB_IKON HUESO 15X90.tif;ECOCERAMIC_AMB_IKON_HUESO_15X90.webp;Ambiente;;HUESO;15X90;;;Alta;5000x3500;2000x1400;104.71;0.21;99.8;IKON/AMBIENTES/15x90/AMB_IKON HUESO 15X90.tif;ECOCERAMIC\IKON\15X90\ECOCERAMIC_AMB_IKON_HUESO_15X90.webp;;;WooCommerce;
ECOCERAMIC;IKON;15X90;AMB_IKON NOGAL 15X90.tif;ECOCERAMIC_AMB_IKON_NOGAL_15X90.webp;Ambiente;;NOGAL;15X90;;;Alta;5000x3500;2000x1400;104.76;0.29;99.7;IKON/AMBIENTES/15x90/AMB_IKON NOGAL 15X90.tif;ECOCERAMIC\IKON\15X90\ECOCERAMIC_AMB_IKON_NOGAL_15X90.webp;;;WooCommerce;
ECOCERAMIC;IKON;15X90;Ikon Almond 15x90-1.jpg;ECOCERAMIC_PZ_IKON_ALMOND_15X90_01.webp;Pieza;;ALMOND;15X90;;;Baja;2551x425;2000x333;1.16;0.17;85.0;IKON/PIEZAS/15x90/Ikon Almond 15x90-1.jpg;ECOCERAMIC\IKON\15X90\ECOCERAMIC_PZ_IKON_ALMOND_15X90_01.webp;;;WooCommerce;
ECOCERAMIC;IKON;15X90;Ikon Hueso 15x90-1.jpg;ECOCERAMIC_PZ_IKON_HUESO_15X90_01.webp;Pieza;;HUESO;15X90;;;Baja;2551x425;2000x333;1.16;0.16;86.6;IKON/PIEZAS/15x90/Ikon Hueso 15x90-1.jpg;ECOCERAMIC\IKON\15X90\ECOCERAMIC_PZ_IKON_HUESO_15X90_01.webp;;;WooCommerce;
ECOCERAMIC;IKON;15X90;IKON_NOGAL_15x90_1.jpg;ECOCERAMIC_PZ_IKON_NOGAL_15X90_01.webp;Pieza;;NOGAL;15X90;;;Baja;2551x425;2000x333;1.36;0.19;86.4;IKON/PIEZAS/15x90/IKON_NOGAL_15x90_1.jpg;ECOCERAMIC\IKON\15X90\ECOCERAMIC_PZ_IKON_NOGAL_15X90_01.webp;;;WooCommerce;
ECOCERAMIC;IKON;20X120;AMB_KALAHARI BLACK MATE 120X280-IKON STRAW-SARON BONE.jpg;ECOCERAMIC_AMB_IKON-20X120_MATE_120X280.webp;Ambiente;MATE;;120X280;;SARON;Baja;5714x4500;2000x1575;17.32;0.3;98.3;IKON/AMBIENTES/20x120/AMB_KALAHARI BLACK MATE 120X280-IKON STRAW-SARON BONE.jpg;ECOCERAMIC\IKON\20X120\ECOCERAMIC_AMB_IKON-20X120_MATE_120X280.webp;;IKON/AMBIENTES/20x120/AMB_KALAHARI BLACK MATE 120X280-IKON STRAW-SARON BONE.tif;WooCommerce;sin color detectado en el nombre
ECOCERAMIC;IKON;20X120;AMB_IKON ALMOND 20X120-BALTIMORE GRIS 120X280.jpg;ECOCERAMIC_AMB_IKON_ALMOND_20X120_120X280.webp;Ambiente;;ALMOND;20X120 / 120X280;;BALTIMORE;Baja;5000x4500;1600x1440;17.61;0.35;98.0;IKON/AMBIENTES/20x120/AMB_IKON ALMOND 20X120-BALTIMORE GRIS 120X280.jpg;ECOCERAMIC\IKON\20X120\ECOCERAMIC_AMB_IKON_ALMOND_20X120_120X280.webp;;IKON/AMBIENTES/20x120/AMB_IKON ALMOND 20X120-BALTIMORE GRIS 120X280.tif;WooCommerce;origen < 2000px (se conserva 1600x1440)
ECOCERAMIC;IKON;20X120;AMB_IKON ALMOND 20X120-DETALLE.jpg;ECOCERAMIC_AMB_IKON_ALMOND_20X120_DETALLE.webp;Ambiente;;ALMOND;20X120;DETALLE;;Baja;5000x4500;1600x1440;20.13;0.39;98.1;IKON/AMBIENTES/20x120/AMB_IKON ALMOND 20X120-DETALLE.jpg;ECOCERAMIC\IKON\20X120\ECOCERAMIC_AMB_IKON_ALMOND_20X120_DETALLE.webp;;IKON/AMBIENTES/20x120/AMB_IKON ALMOND 20X120-DETALLE.tif;WooCommerce;origen < 2000px (se conserva 1600x1440)
ECOCERAMIC;IKON;20X120;AMB_IKON HUESO 20X120-BALTIMORE GRIS 120X280.jpg;ECOCERAMIC_AMB_IKON_HUESO_20X120_120X280.webp;Ambiente;;HUESO;20X120 / 120X280;;BALTIMORE;Baja;5000x4500;1800x1620;16.03;0.35;97.8;IKON/AMBIENTES/20x120/AMB_IKON HUESO 20X120-BALTIMORE GRIS 120X280.jpg;ECOCERAMIC\IKON\20X120\ECOCERAMIC_AMB_IKON_HUESO_20X120_120X280.webp;;IKON/AMBIENTES/20x120/AMB_IKON HUESO 20X120-BALTIMORE GRIS 120X280.tif;WooCommerce;origen < 2000px (se conserva 1800x1620)
ECOCERAMIC;IKON;20X120;AMB_IKON HUESO 20X120-DETALLE.jpg;ECOCERAMIC_AMB_IKON_HUESO_20X120_DETALLE.webp;Ambiente;;HUESO;20X120;DETALLE;;Baja;5000x4500;1600x1440;16.86;0.35;97.9;IKON/AMBIENTES/20x120/AMB_IKON HUESO 20X120-DETALLE.jpg;ECOCERAMIC\IKON\20X120\ECOCERAMIC_AMB_IKON_HUESO_20X120_DETALLE.webp;;IKON/AMBIENTES/20x120/AMB_IKON HUESO 20X120-DETALLE.tif;WooCommerce;origen < 2000px (se conserva 1600x1440)
ECOCERAMIC;IKON;20X120;AMB_IKON MOKA 20X120-BALTIMORE GRIS 120X280.jpg;ECOCERAMIC_AMB_IKON_MOKA_20X120_120X280.webp;Ambiente;;MOKA;20X120 / 120X280;;BALTIMORE;Baja;5000x4500;1600x1440;17.95;0.35;98.0;IKON/AMBIENTES/20x120/AMB_IKON MOKA 20X120-BALTIMORE GRIS 120X280.jpg;ECOCERAMIC\IKON\20X120\ECOCERAMIC_AMB_IKON_MOKA_20X120_120X280.webp;;IKON/AMBIENTES/20x120/AMB_IKON MOKA 20X120-BALTIMORE GRIS 120X280.tif;WooCommerce;origen < 2000px (se conserva 1600x1440)
ECOCERAMIC;IKON;20X120;AMB_IKON MOKA 20X120-DETALLE.jpg;ECOCERAMIC_AMB_IKON_MOKA_20X120_DETALLE.webp;Ambiente;;MOKA;20X120;DETALLE;;Baja;5000x4500;1600x1440;20.28;0.39;98.1;IKON/AMBIENTES/20x120/AMB_IKON MOKA 20X120-DETALLE.jpg;ECOCERAMIC\IKON\20X120\ECOCERAMIC_AMB_IKON_MOKA_20X120_DETALLE.webp;;IKON/AMBIENTES/20x120/AMB_IKON MOKA 20X120-DETALLE.tif;WooCommerce;origen < 2000px (se conserva 1600x1440)
ECOCERAMIC;IKON;20X120;AMB_IKON NOGAL 20X120-BALTIMORE GRIS 120X280.jpg;ECOCERAMIC_AMB_IKON_NOGAL_20X120_120X280.webp;Ambiente;;NOGAL;20X120 / 120X280;;BALTIMORE;Baja;5000x4500;1600x1440;17.5;0.36;98.0;IKON/AMBIENTES/20x120/AMB_IKON NOGAL 20X120-BALTIMORE GRIS 120X280.jpg;ECOCERAMIC\IKON\20X120\ECOCERAMIC_AMB_IKON_NOGAL_20X120_120X280.webp;;IKON/AMBIENTES/20x120/AMB_IKON NOGAL 20X120-BALTIMORE GRIS 120X280.tif;WooCommerce;origen < 2000px (se conserva 1600x1440)
ECOCERAMIC;IKON;20X120;AMB_IKON NOGAL 20X120-DETALLE.jpg;ECOCERAMIC_AMB_IKON_NOGAL_20X120_DETALLE.webp;Ambiente;;NOGAL;20X120;DETALLE;;Baja;5000x4500;1600x1440;20.81;0.35;98.3;IKON/AMBIENTES/20x120/AMB_IKON NOGAL 20X120-DETALLE.jpg;ECOCERAMIC\IKON\20X120\ECOCERAMIC_AMB_IKON_NOGAL_20X120_DETALLE.webp;;IKON/AMBIENTES/20x120/AMB_IKON NOGAL 20X120-DETALLE.tif;WooCommerce;origen < 2000px (se conserva 1600x1440)
ECOCERAMIC;IKON;20X120;AMB_IKON STRAW 20X120-BALTIMORE GRIS 120X280.jpg;ECOCERAMIC_AMB_IKON_STRAW_20X120_120X280.webp;Ambiente;;STRAW;20X120 / 120X280;;BALTIMORE;Baja;5000x4500;1800x1620;18.68;0.36;98.1;IKON/AMBIENTES/20x120/AMB_IKON STRAW 20X120-BALTIMORE GRIS 120X280.jpg;ECOCERAMIC\IKON\20X120\ECOCERAMIC_AMB_IKON_STRAW_20X120_120X280.webp;;IKON/AMBIENTES/20x120/AMB_IKON STRAW 20X120-BALTIMORE GRIS 120X280.tif;WooCommerce;origen < 2000px (se conserva 1800x1620)
ECOCERAMIC;IKON;20X120;AMB_IKON STRAW 20X120-DETALLE.jpg;ECOCERAMIC_AMB_IKON_STRAW_20X120_DETALLE.webp;Ambiente;;STRAW;20X120;DETALLE;;Baja;5000x4500;1600x1440;21.8;0.33;98.5;IKON/AMBIENTES/20x120/AMB_IKON STRAW 20X120-DETALLE.jpg;ECOCERAMIC\IKON\20X120\ECOCERAMIC_AMB_IKON_STRAW_20X120_DETALLE.webp;;IKON/AMBIENTES/20x120/AMB_IKON STRAW 20X120-DETALLE.tif;WooCommerce;origen < 2000px (se conserva 1600x1440)
ECOCERAMIC;IKON;20X120;Ikon Almond 20x120.jpg;ECOCERAMIC_PZ_IKON_ALMOND_20X120.webp;Pieza;;ALMOND;20X120;;;Baja;7797x1299;2000x333;11.06;0.14;98.7;IKON/PIEZAS/20x120/Ikon Almond 20x120.jpg;ECOCERAMIC\IKON\20X120\ECOCERAMIC_PZ_IKON_ALMOND_20X120.webp;;IKON/PIEZAS/20x120/Ikon Almond 20x120.tif;WooCommerce;
ECOCERAMIC;IKON;20X120;Ikon Hueso 20x210.jpg;ECOCERAMIC_PZ_IKON_HUESO_20X120.webp;Pieza;;HUESO;20X120;;;Baja;7796x1299;2000x333;11.32;0.13;98.9;IKON/PIEZAS/20x120/Ikon Hueso 20x210.jpg;ECOCERAMIC\IKON\20X120\ECOCERAMIC_PZ_IKON_HUESO_20X120.webp;;IKON/PIEZAS/20x120/Ikon Hueso 20x210.tif;WooCommerce;
ECOCERAMIC;IKON;20X120;Ikon Moka 20x120.jpg;ECOCERAMIC_PZ_IKON_MOKA_20X120.webp;Pieza;;MOKA;20X120;;;Baja;7796x1299;2000x333;11.35;0.13;98.9;IKON/PIEZAS/20x120/Ikon Moka 20x120.jpg;ECOCERAMIC\IKON\20X120\ECOCERAMIC_PZ_IKON_MOKA_20X120.webp;;IKON/PIEZAS/20x120/Ikon Moka 20x120.tif;WooCommerce;
ECOCERAMIC;IKON;20X120;Ikon Nogal 20x120.jpg;ECOCERAMIC_PZ_IKON_NOGAL_20X120.webp;Pieza;;NOGAL;20X120;;;Baja;7797x1299;2000x333;13.24;0.16;98.8;IKON/PIEZAS/20x120/Ikon Nogal 20x120.jpg;ECOCERAMIC\IKON\20X120\ECOCERAMIC_PZ_IKON_NOGAL_20X120.webp;;IKON/PIEZAS/20x120/Ikon Nogal 20x120.tif;WooCommerce;
ECOCERAMIC;IKON;20X120;Ikon Straw 20x120.jpg;ECOCERAMIC_PZ_IKON_STRAW_20X120.webp;Pieza;;STRAW;20X120;;;Baja;7797x1299;2000x333;12.38;0.12;99.1;IKON/PIEZAS/20x120/Ikon Straw 20x120.jpg;ECOCERAMIC\IKON\20X120\ECOCERAMIC_PZ_IKON_STRAW_20X120.webp;;IKON/PIEZAS/20x120/Ikon Straw 20x120.tif;WooCommerce;
ECOCERAMIC;IMPERIAL CALACATTA;;ECOCERAMIC_IMEPRIAL_CALACATTA_100X100_KITCHEN.tif;ECOCERAMIC_AMB_IMPERIAL-CALACATTA_100X100_KITCHEN.webp;Ambiente;;;100X100;KITCHEN;;Alta;5500x4125;2000x1500;157.75;0.1;99.9;IMPERIAL CALACATTA/AMBIENTES/ECOCERAMIC_IMEPRIAL_CALACATTA_100X100_KITCHEN.tif;ECOCERAMIC\IMPERIAL CALACATTA\ECOCERAMIC_AMB_IMPERIAL-CALACATTA_100X100_KITCHEN.webp;;;WooCommerce;sin color detectado en el nombre
ECOCERAMIC;IMPERIAL CALACATTA;;ECOCERAMIC_IMPERIAL_CALACATTA_100X100_LIVINGROOM.tif;ECOCERAMIC_AMB_IMPERIAL-CALACATTA_100X100_LIVING.webp;Ambiente;;;100X100;LIVING;;Alta;4000x5000;1600x2000;81.03;0.15;99.8;IMPERIAL CALACATTA/AMBIENTES/ECOCERAMIC_IMPERIAL_CALACATTA_100X100_LIVINGROOM.tif;ECOCERAMIC\IMPERIAL CALACATTA\ECOCERAMIC_AMB_IMPERIAL-CALACATTA_100X100_LIVING.webp;;;WooCommerce;sin color detectado en el nombre
ECOCERAMIC;IMPERIAL CALACATTA;;IMPERIAL_CALACATTA_100X100.jpg;ECOCERAMIC_PZ_IMPERIAL-CALACATTA_100X100.webp;Pieza;;;100X100;;;Baja;3101x3101;2000x2000;3.67;0.02;99.3;IMPERIAL CALACATTA/PIEZAS/IMPERIAL_CALACATTA_100X100.jpg;ECOCERAMIC\IMPERIAL CALACATTA\ECOCERAMIC_PZ_IMPERIAL-CALACATTA_100X100.webp;;;WooCommerce;sin color detectado en el nombre
ECOCERAMIC;KOOTENAI;20X120;AMB_KOOTENAI.jpg;ECOCERAMIC_AMB_KOOTENAI-20X120.webp;Ambiente;;;;;;Baja;6000x4200;1800x1260;19.66;0.38;98.1;KOOTENAI/AMBIENTES/20X120/AMB_KOOTENAI.jpg;ECOCERAMIC\KOOTENAI\20X120\ECOCERAMIC_AMB_KOOTENAI-20X120.webp;;KOOTENAI/AMBIENTES/20X120/AMB_KOOTENAI.tif;WooCommerce;origen < 2000px (se conserva 1800x1260) | sin color detectado en el nombre
ECOCERAMIC;KOOTENAI;20X120;AMB_KOOTENAI HAYA.jpg;ECOCERAMIC_AMB_KOOTENAI-20X120_HAYA.webp;Ambiente;;HAYA;;;;Baja;5000x3500;2000x1400;11.19;0.32;97.1;KOOTENAI/AMBIENTES/20X120/AMB_KOOTENAI HAYA.jpg;ECOCERAMIC\KOOTENAI\20X120\ECOCERAMIC_AMB_KOOTENAI-20X120_HAYA.webp;;KOOTENAI/AMBIENTES/20X120/AMB_KOOTENAI HAYA.tif;WooCommerce;
ECOCERAMIC;KOOTENAI;20X120;AMB_KOOTENAI_HAYA_WEB.jpg;ECOCERAMIC_AMB_KOOTENAI-20X120_HAYA_V2.webp;Ambiente;;HAYA;;;;Baja;1200x600;1200x600;0.17;0.09;45.4;KOOTENAI/AMBIENTES/20X120/AMB_KOOTENAI_HAYA_WEB.jpg;ECOCERAMIC\KOOTENAI\20X120\ECOCERAMIC_AMB_KOOTENAI-20X120_HAYA_V2.webp;;;WooCommerce;nombre desambiguado (_V) | origen < 2000px (se conserva 1200x600)
ECOCERAMIC;KOOTENAI;20X120;AMB_COOPER BLANCO-RLV.BLANCO+KOOTENAI NATURAL.jpg;ECOCERAMIC_AMB_KOOTENAI-20X120_RLV.webp;Ambiente;RLV;;;;;Baja;5000x4250;2000x1700;12.96;0.19;98.5;KOOTENAI/AMBIENTES/20X120/AMB_COOPER BLANCO-RLV.BLANCO+KOOTENAI NATURAL.jpg;ECOCERAMIC\KOOTENAI\20X120\ECOCERAMIC_AMB_KOOTENAI-20X120_RLV.webp;;KOOTENAI/AMBIENTES/20X120/AMB_COOPER BLANCO-RLV.BLANCO+KOOTENAI NATURAL.tif;WooCommerce;sin color detectado en el nombre
ECOCERAMIC;KOOTENAI;20X120;AMB_KOOTENAI_STRAW.jpg;ECOCERAMIC_AMB_KOOTENAI-20X120_STRAW.webp;Ambiente;;STRAW;;;;Baja;5000x3500;1800x1260;18.97;0.39;98.0;KOOTENAI/AMBIENTES/20X120/AMB_KOOTENAI_STRAW.jpg;ECOCERAMIC\KOOTENAI\20X120\ECOCERAMIC_AMB_KOOTENAI-20X120_STRAW.webp;;KOOTENAI/AMBIENTES/20X120/AMB_KOOTENAI_STRAW.tif;WooCommerce;origen < 2000px (se conserva 1800x1260)
ECOCERAMIC;KOOTENAI;20X120;AMB_GREAT-KOOTENAI NATURAL-CELLER BLANCO-GRIS.jpg;ECOCERAMIC_AMB_KOOTENAI-20X120_V2.webp;Ambiente;;;;;CELLER;Baja;5000x4500;1800x1620;17.41;0.37;97.9;KOOTENAI/AMBIENTES/20X120/AMB_GREAT-KOOTENAI NATURAL-CELLER BLANCO-GRIS.jpg;ECOCERAMIC\KOOTENAI\20X120\ECOCERAMIC_AMB_KOOTENAI-20X120_V2.webp;;"KOOTENAI/AMBIENTES/20X120/AMB_GREAT-KOOTENAI NATURAL-CELLER BLANCO-GRIS.tif ; KOOTENAI/AMBIENTES/20X120/AMB_GREAT-KOOTENAI NATURAL-CELLER BLANCO-GRIS-media.jpg";WooCommerce;nombre desambiguado (_V) | origen < 2000px (se conserva 1800x1620) | sin color detectado en el nombre
ECOCERAMIC;KOOTENAI;20X120;AMB_KOOTENAI_WHITE.jpg;ECOCERAMIC_AMB_KOOTENAI-20X120_WHITE.webp;Ambiente;;WHITE;;;;Baja;6000x4200;1800x1260;7.83;0.34;95.7;KOOTENAI/AMBIENTES/20X120/AMB_KOOTENAI_WHITE.jpg;ECOCERAMIC\KOOTENAI\20X120\ECOCERAMIC_AMB_KOOTENAI-20X120_WHITE.webp;;KOOTENAI/AMBIENTES/20X120/AMB_KOOTENAI_WHITE.tif;WooCommerce;origen < 2000px (se conserva 1800x1260)
ECOCERAMIC;KOOTENAI;20X120;Kootenai Cerezo.jpg;ECOCERAMIC_PZ_KOOTENAI-20X120_CEREZO.webp;Pieza;;CEREZO;;;;Baja;8355x1329;2000x318;2.13;0.1;95.5;KOOTENAI/PIEZAS/20X120/Kootenai Cerezo.jpg;ECOCERAMIC\KOOTENAI\20X120\ECOCERAMIC_PZ_KOOTENAI-20X120_CEREZO.webp;;"KOOTENAI/PIEZAS/20X120/Kootenai Cerezo.tif ; KOOTENAI/PIEZAS/20X120/Kootenai Cerezo_WEB.jpg";WooCommerce;
ECOCERAMIC;KOOTENAI;20X120;Kootenai Haya.jpg;ECOCERAMIC_PZ_KOOTENAI-20X120_HAYA.webp;Pieza;;HAYA;;;;Baja;8355x1329;2000x318;2.05;0.08;96.1;KOOTENAI/PIEZAS/20X120/Kootenai Haya.jpg;ECOCERAMIC\KOOTENAI\20X120\ECOCERAMIC_PZ_KOOTENAI-20X120_HAYA.webp;;"KOOTENAI/PIEZAS/20X120/Kootenai Haya.tif ; KOOTENAI/PIEZAS/20X120/Kootenai Haya_WEB.jpg";WooCommerce;
ECOCERAMIC;KOOTENAI;20X120;Kootenai Natural.jpg;ECOCERAMIC_PZ_KOOTENAI-20X120_NATURAL.webp;Pieza;;NATURAL;;;;Baja;8355x1329;2000x318;1.84;0.08;95.4;KOOTENAI/PIEZAS/20X120/Kootenai Natural.jpg;ECOCERAMIC\KOOTENAI\20X120\ECOCERAMIC_PZ_KOOTENAI-20X120_NATURAL.webp;;"KOOTENAI/PIEZAS/20X120/Kootenai Natural.tif ; KOOTENAI/PIEZAS/20X120/Kootenai Natural_WEB.jpg";WooCommerce;
ECOCERAMIC;KOOTENAI;20X120;Kootenai Pearl.jpg;ECOCERAMIC_PZ_KOOTENAI-20X120_PEARL.webp;Pieza;;PEARL;;;;Baja;8355x1329;2000x318;2.11;0.09;95.7;KOOTENAI/PIEZAS/20X120/Kootenai Pearl.jpg;ECOCERAMIC\KOOTENAI\20X120\ECOCERAMIC_PZ_KOOTENAI-20X120_PEARL.webp;;"KOOTENAI/PIEZAS/20X120/Kootenai Pearl.tif ; KOOTENAI/PIEZAS/20X120/Kootenai Pearl_WEB.jpg";WooCommerce;
ECOCERAMIC;KOOTENAI;20X120;Kootenai Straw.jpg;ECOCERAMIC_PZ_KOOTENAI-20X120_STRAW.webp;Pieza;;STRAW;;;;Baja;8355x1329;2000x318;2.12;0.1;95.5;KOOTENAI/PIEZAS/20X120/Kootenai Straw.jpg;ECOCERAMIC\KOOTENAI\20X120\ECOCERAMIC_PZ_KOOTENAI-20X120_STRAW.webp;;"KOOTENAI/PIEZAS/20X120/Kootenai Straw.tif ; KOOTENAI/PIEZAS/20X120/Kootenai Straw_WEB.jpg";WooCommerce;
ECOCERAMIC;KOOTENAI;20X120;Kootenai Taupe.jpg;ECOCERAMIC_PZ_KOOTENAI-20X120_TAUPE.webp;Pieza;;TAUPE;;;;Baja;8355x1329;2000x318;2.07;0.09;95.5;KOOTENAI/PIEZAS/20X120/Kootenai Taupe.jpg;ECOCERAMIC\KOOTENAI\20X120\ECOCERAMIC_PZ_KOOTENAI-20X120_TAUPE.webp;;"KOOTENAI/PIEZAS/20X120/Kootenai Taupe.tif ; KOOTENAI/PIEZAS/20X120/Kootenai Taupe_WEB.jpg";WooCommerce;
ECOCERAMIC;KOOTENAI;20X120;Kootenai White.jpg;ECOCERAMIC_PZ_KOOTENAI-20X120_WHITE.webp;Pieza;;WHITE;;;;Baja;8355x1329;2000x318;1.73;0.06;96.8;KOOTENAI/PIEZAS/20X120/Kootenai White.jpg;ECOCERAMIC\KOOTENAI\20X120\ECOCERAMIC_PZ_KOOTENAI-20X120_WHITE.webp;;"KOOTENAI/PIEZAS/20X120/Kootenai White.tif ; KOOTENAI/PIEZAS/20X120/Kootenai White_WEB.jpg";WooCommerce;
ECOCERAMIC;KOOTENAI;20X120;Kootenai Haya 20x120 Detalle.jpg;ECOCERAMIC_PZ_KOOTENAI_HAYA_20X120_DETALLE.webp;Pieza;;HAYA;20X120;DETALLE;;Baja;3000x3000;2000x2000;4.63;0.28;94.0;KOOTENAI/PIEZAS/20X120/Kootenai Haya 20x120 Detalle.jpg;ECOCERAMIC\KOOTENAI\20X120\ECOCERAMIC_PZ_KOOTENAI_HAYA_20X120_DETALLE.webp;;;WooCommerce;
ECOCERAMIC;KOOTENAI;20X120;Kootenai Natural 20x120 Detalle.jpg;ECOCERAMIC_PZ_KOOTENAI_NATURAL_20X120_DETALLE.webp;Pieza;;NATURAL;20X120;DETALLE;;Baja;3000x3000;2000x2000;1.06;0.21;79.8;KOOTENAI/PIEZAS/20X120/Kootenai Natural 20x120 Detalle.jpg;ECOCERAMIC\KOOTENAI\20X120\ECOCERAMIC_PZ_KOOTENAI_NATURAL_20X120_DETALLE.webp;;;WooCommerce;
ECOCERAMIC;KOOTENAI;20X120;Kootenai White 20x120 Detalle.jpg;ECOCERAMIC_PZ_KOOTENAI_WHITE_20X120_DETALLE.webp;Pieza;;WHITE;20X120;DETALLE;;Baja;3000x3000;2000x2000;2.85;0.12;95.7;KOOTENAI/PIEZAS/20X120/Kootenai White 20x120 Detalle.jpg;ECOCERAMIC\KOOTENAI\20X120\ECOCERAMIC_PZ_KOOTENAI_WHITE_20X120_DETALLE.webp;;;WooCommerce;
ECOCERAMIC;KOOTENAI;8X442;AMB_KOOTENAI.tif;ECOCERAMIC_AMB_KOOTENAI-8X442.webp;Ambiente;;;;;;Alta;6000x4200;1800x1260;173.48;0.38;99.8;KOOTENAI/AMBIENTES/8X44.2/AMB_KOOTENAI.tif;ECOCERAMIC\KOOTENAI\8X442\ECOCERAMIC_AMB_KOOTENAI-8X442.webp;;;WooCommerce;origen < 2000px (se conserva 1800x1260) | sin color detectado en el nombre
ECOCERAMIC;KOOTENAI;8X442;AMB_KOOTENAI_HAYA.jpg;ECOCERAMIC_AMB_KOOTENAI-8X442_HAYA.webp;Ambiente;;HAYA;;;;Baja;6000x4200;1600x1120;43.43;0.39;99.1;KOOTENAI/AMBIENTES/8X44.2/AMB_KOOTENAI_HAYA.jpg;ECOCERAMIC\KOOTENAI\8X442\ECOCERAMIC_AMB_KOOTENAI-8X442_HAYA.webp;;"KOOTENAI/AMBIENTES/8X44.2/AMB_KOOTENAI_HAYA.tif ; KOOTENAI/AMBIENTES/8X44.2/AMB_KOOTENAI HAYA.tif";WooCommerce;origen < 2000px (se conserva 1600x1120)
ECOCERAMIC;KOOTENAI;8X442;AMB_KOOTENAI_HAYA_WEB.jpg;ECOCERAMIC_AMB_KOOTENAI-8X442_HAYA_V2.webp;Ambiente;;HAYA;;;;Baja;1200x600;1200x600;0.17;0.09;45.4;KOOTENAI/AMBIENTES/8X44.2/AMB_KOOTENAI_HAYA_WEB.jpg;ECOCERAMIC\KOOTENAI\8X442\ECOCERAMIC_AMB_KOOTENAI-8X442_HAYA_V2.webp;;;WooCommerce;nombre desambiguado (_V) | origen < 2000px (se conserva 1200x600)
ECOCERAMIC;KOOTENAI;8X442;AMB_KOOTENAI NATURAL.jpg;ECOCERAMIC_AMB_KOOTENAI-8X442_NATURAL.webp;Ambiente;;NATURAL;;;;Baja;5000x3500;1800x1260;16.65;0.34;98.0;KOOTENAI/AMBIENTES/8X44.2/AMB_KOOTENAI NATURAL.jpg;ECOCERAMIC\KOOTENAI\8X442\ECOCERAMIC_AMB_KOOTENAI-8X442_NATURAL.webp;;;WooCommerce;origen < 2000px (se conserva 1800x1260)
ECOCERAMIC;KOOTENAI;8X442;AMB_PELDAÑO EXTRUSIONADO 30X120 KOOTENAI NATURAL-CELLER BLANCO 30X90.jpg;ECOCERAMIC_AMB_KOOTENAI-8X442_PELDANO-EXTRUSIONADO_NATURAL_30X120_30X90.webp;Ambiente;PELDANO-EXTRUSIONADO;NATURAL;30X120 / 30X90;;CELLER;Baja;5000x4500;1800x1620;17.33;0.36;97.9;KOOTENAI/AMBIENTES/8X44.2/AMB_PELDAÑO EXTRUSIONADO 30X120 KOOTENAI NATURAL-CELLER BLANCO 30X90.jpg;ECOCERAMIC\KOOTENAI\8X442\ECOCERAMIC_AMB_KOOTENAI-8X442_PELDANO-EXTRUSIONADO_NATURAL_30X120_30X90.webp;;KOOTENAI/AMBIENTES/8X44.2/AMB_PELDAÑO EXTRUSIONADO 30X120 KOOTENAI NATURAL-CELLER BLANCO 30X90.tif;WooCommerce;origen < 2000px (se conserva 1800x1620)
ECOCERAMIC;KOOTENAI;8X442;AMB_PELDAÑO EXTRUSIONADO 30X120 KOOTENAI NATURAL-CELLER BLANCO 30X90-DETALLE.jpg;ECOCERAMIC_AMB_KOOTENAI-8X442_PELDANO-EXTRUSIONADO_NATURAL_30X120_30X90_DETALLE.webp;Ambiente;PELDANO-EXTRUSIONADO;NATURAL;30X120 / 30X90;DETALLE;CELLER;Baja;5000x4500;1600x1440;20.21;0.36;98.2;KOOTENAI/AMBIENTES/8X44.2/AMB_PELDAÑO EXTRUSIONADO 30X120 KOOTENAI NATURAL-CELLER BLANCO 30X90-DETALLE.jpg;ECOCERAMIC\KOOTENAI\8X442\ECOCERAMIC_AMB_KOOTENAI-8X442_PELDANO-EXTRUSIONADO_NATURAL_30X120_30X90_DETALLE.webp;;KOOTENAI/AMBIENTES/8X44.2/AMB_PELDAÑO EXTRUSIONADO 30X120 KOOTENAI NATURAL-CELLER BLANCO 30X90-DETALLE.tif;WooCommerce;origen < 2000px (se conserva 1600x1440)
ECOCERAMIC;KOOTENAI;8X442;AMB_KOOTENAI_STRAW.tif;ECOCERAMIC_AMB_KOOTENAI-8X442_STRAW.webp;Ambiente;;STRAW;;;;Alta;5000x3500;1800x1260;135.68;0.39;99.7;KOOTENAI/AMBIENTES/8X44.2/AMB_KOOTENAI_STRAW.tif;ECOCERAMIC\KOOTENAI\8X442\ECOCERAMIC_AMB_KOOTENAI-8X442_STRAW.webp;;;WooCommerce;origen < 2000px (se conserva 1800x1260)
ECOCERAMIC;KOOTENAI;8X442;AMB_KOOTENAI_TAUPE.jpg;ECOCERAMIC_AMB_KOOTENAI-8X442_TAUPE.webp;Ambiente;;TAUPE;;;;Baja;5000x3500;1600x1120;11.17;0.35;96.9;KOOTENAI/AMBIENTES/8X44.2/AMB_KOOTENAI_TAUPE.jpg;ECOCERAMIC\KOOTENAI\8X442\ECOCERAMIC_AMB_KOOTENAI-8X442_TAUPE.webp;;KOOTENAI/AMBIENTES/8X44.2/AMB_KOOTENAI_TAUPE.tif;WooCommerce;origen < 2000px (se conserva 1600x1120)
ECOCERAMIC;KOOTENAI;8X442;AMB_KOOTENAI_WHITE.tif;ECOCERAMIC_AMB_KOOTENAI-8X442_WHITE.webp;Ambiente;;WHITE;;;;Alta;6000x4200;1800x1260;50.47;0.34;99.3;KOOTENAI/AMBIENTES/8X44.2/AMB_KOOTENAI_WHITE.tif;ECOCERAMIC\KOOTENAI\8X442\ECOCERAMIC_AMB_KOOTENAI-8X442_WHITE.webp;;;WooCommerce;origen < 2000px (se conserva 1800x1260)
ECOCERAMIC;KOOTENAI;8X442;AMB_KOOTENAI CEREZO 8X44.2.jpg;ECOCERAMIC_AMB_KOOTENAI_CEREZO_8X44.2.webp;Ambiente;;CEREZO;8X44.2;;;Baja;5000x4250;1600x1360;22.56;0.37;98.4;KOOTENAI/AMBIENTES/8X44.2/AMB_KOOTENAI CEREZO 8X44.2.jpg;ECOCERAMIC\KOOTENAI\8X442\ECOCERAMIC_AMB_KOOTENAI_CEREZO_8X44.2.webp;;KOOTENAI/AMBIENTES/8X44.2/AMB_KOOTENAI CEREZO 8X44.2_HD.tif;WooCommerce;origen < 2000px (se conserva 1600x1360)
ECOCERAMIC;KOOTENAI;8X442;AMB_KOOTENAI_CEREZO_8X44.2.tif;ECOCERAMIC_AMB_KOOTENAI_CEREZO_8X44.2_V2.webp;Ambiente;;CEREZO;8X44.2;;;Alta;1772x1417;1772x1417;19.26;0.32;98.4;KOOTENAI/AMBIENTES/8X44.2/AMB_KOOTENAI_CEREZO_8X44.2.tif;ECOCERAMIC\KOOTENAI\8X442\ECOCERAMIC_AMB_KOOTENAI_CEREZO_8X44.2_V2.webp;;;WooCommerce;nombre desambiguado (_V) | origen < 2000px (se conserva 1772x1417)
ECOCERAMIC;KOOTENAI;8X442;AMB_KOOTENAI HAYA 8X44.2.jpg;ECOCERAMIC_AMB_KOOTENAI_HAYA_8X44.2.webp;Ambiente;;HAYA;8X44.2;;;Baja;5000x3750;2000x1500;2.28;0.16;92.8;KOOTENAI/AMBIENTES/8X44.2/AMB_KOOTENAI HAYA 8X44.2.jpg;ECOCERAMIC\KOOTENAI\8X442\ECOCERAMIC_AMB_KOOTENAI_HAYA_8X44.2.webp;;KOOTENAI/AMBIENTES/8X44.2/AMB_KOOTENAI HAYA 8X44.2_HD.tif;WooCommerce;
ECOCERAMIC;KOOTENAI;8X442;AMB_KOOTENAI NATURAL 8X44.2.jpg;ECOCERAMIC_AMB_KOOTENAI_NATURAL_8X44.2.webp;Ambiente;;NATURAL;8X44.2;;;Baja;5000x4000;2000x1600;11.08;0.23;97.9;KOOTENAI/AMBIENTES/8X44.2/AMB_KOOTENAI NATURAL 8X44.2.jpg;ECOCERAMIC\KOOTENAI\8X442\ECOCERAMIC_AMB_KOOTENAI_NATURAL_8X44.2.webp;;KOOTENAI/AMBIENTES/8X44.2/AMB_KOOTENAI NATURAL 8X44.2.tif;WooCommerce;
ECOCERAMIC;KOOTENAI;8X442;AMB_KOOTENAI NATURAL 8X44.2 DETALLE.jpg;ECOCERAMIC_AMB_KOOTENAI_NATURAL_8X44.2_DETALLE.webp;Ambiente;;NATURAL;8X44.2;DETALLE;;Baja;5000x4000;2000x1600;14.59;0.34;97.7;KOOTENAI/AMBIENTES/8X44.2/AMB_KOOTENAI NATURAL 8X44.2 DETALLE.jpg;ECOCERAMIC\KOOTENAI\8X442\ECOCERAMIC_AMB_KOOTENAI_NATURAL_8X44.2_DETALLE.webp;;KOOTENAI/AMBIENTES/8X44.2/AMB_KOOTENAI NATURAL 8X44.2 DETALLE.tif;WooCommerce;
ECOCERAMIC;KOOTENAI;8X442;AMB_KOOTENAI NATURAL 8X44.2_HD.tif;ECOCERAMIC_AMB_KOOTENAI_NATURAL_8X44.2_V2.webp;Ambiente;;NATURAL;8X44.2;;;Alta;5000x3500;1800x1260;36.08;0.34;99.1;KOOTENAI/AMBIENTES/8X44.2/AMB_KOOTENAI NATURAL 8X44.2_HD.tif;ECOCERAMIC\KOOTENAI\8X442\ECOCERAMIC_AMB_KOOTENAI_NATURAL_8X44.2_V2.webp;;;WooCommerce;nombre desambiguado (_V) | origen < 2000px (se conserva 1800x1260)
ECOCERAMIC;KOOTENAI;8X442;AMB_ KOOTENAI STRAW 8X44.2.jpg;ECOCERAMIC_AMB_KOOTENAI_STRAW_8X44.2.webp;Ambiente;;STRAW;8X44.2;;;Baja;5000x4500;2000x1800;19.95;0.34;98.3;KOOTENAI/AMBIENTES/8X44.2/AMB_ KOOTENAI STRAW 8X44.2.jpg;ECOCERAMIC\KOOTENAI\8X442\ECOCERAMIC_AMB_KOOTENAI_STRAW_8X44.2.webp;;KOOTENAI/AMBIENTES/8X44.2/AMB_ KOOTENAI STRAW 8X44.2_HD.tif;WooCommerce;
ECOCERAMIC;KOOTENAI;8X442;Kootenai Cerezo 8x44.jpg;ECOCERAMIC_PZ_KOOTENAI-8X442_CEREZO_8X44.webp;Pieza;;CEREZO;8X44;;;Baja;3389x638;2000x377;2.95;0.15;94.9;KOOTENAI/PIEZAS/8X44.2/Kootenai Cerezo 8x44.jpg;ECOCERAMIC\KOOTENAI\8X442\ECOCERAMIC_PZ_KOOTENAI-8X442_CEREZO_8X44.webp;;KOOTENAI/PIEZAS/8X44.2/Kootenai Cerezo 8x44.tif;WooCommerce;
ECOCERAMIC;KOOTENAI;8X442;Kootenai Haya 8x44.jpg;ECOCERAMIC_PZ_KOOTENAI-8X442_HAYA_8X44.webp;Pieza;;HAYA;8X44;;;Baja;3389x638;2000x377;2.98;0.18;94.1;KOOTENAI/PIEZAS/8X44.2/Kootenai Haya 8x44.jpg;ECOCERAMIC\KOOTENAI\8X442\ECOCERAMIC_PZ_KOOTENAI-8X442_HAYA_8X44.webp;;KOOTENAI/PIEZAS/8X44.2/Kootenai Haya 8x44.tif;WooCommerce;
ECOCERAMIC;KOOTENAI;8X442;Kootenai Natural 8x44.jpg;ECOCERAMIC_PZ_KOOTENAI-8X442_NATURAL_8X44.webp;Pieza;;NATURAL;8X44;;;Baja;3389x638;2000x377;2.61;0.17;93.4;KOOTENAI/PIEZAS/8X44.2/Kootenai Natural 8x44.jpg;ECOCERAMIC\KOOTENAI\8X442\ECOCERAMIC_PZ_KOOTENAI-8X442_NATURAL_8X44.webp;;KOOTENAI/PIEZAS/8X44.2/Kootenai Natural 8x44.tif;WooCommerce;
ECOCERAMIC;KOOTENAI;8X442;Kootenai Straw 8x44.jpg;ECOCERAMIC_PZ_KOOTENAI-8X442_STRAW_8X44.webp;Pieza;;STRAW;8X44;;;Baja;3389x638;2000x377;3.08;0.18;94.1;KOOTENAI/PIEZAS/8X44.2/Kootenai Straw 8x44.jpg;ECOCERAMIC\KOOTENAI\8X442\ECOCERAMIC_PZ_KOOTENAI-8X442_STRAW_8X44.webp;;KOOTENAI/PIEZAS/8X44.2/Kootenai Straw 8x44.tif;WooCommerce;
ECOCERAMIC;KOOTENAI;PELDANO;AMB_PELDAÑO EXTRUSIONADO 30X120 KOOTENAI NATURAL-CELLER BLANCO 30X90.jpg;ECOCERAMIC_AMB_KOOTENAI_PELDANO-EXTRUSIONADO_NATURAL_30X120_30X90.webp;Ambiente;PELDANO-EXTRUSIONADO;NATURAL;30X120 / 30X90;;CELLER;Baja;5000x4500;1800x1620;17.33;0.36;97.9;KOOTENAI/PIEZAS/PELDAÑO/AMB_PELDAÑO EXTRUSIONADO 30X120 KOOTENAI NATURAL-CELLER BLANCO 30X90.jpg;ECOCERAMIC\KOOTENAI\PELDANO\ECOCERAMIC_AMB_KOOTENAI_PELDANO-EXTRUSIONADO_NATURAL_30X120_30X90.webp;;KOOTENAI/PIEZAS/PELDAÑO/AMB_PELDAÑO EXTRUSIONADO 30X120 KOOTENAI NATURAL-CELLER BLANCO 30X90.tif;WooCommerce;origen < 2000px (se conserva 1800x1620)
ECOCERAMIC;KOOTENAI;PELDANO;AMB_PELDAÑO EXTRUSIONADO 30X120 KOOTENAI NATURAL-CELLER BLANCO 30X90-DETALLE.jpg;ECOCERAMIC_AMB_KOOTENAI_PELDANO-EXTRUSIONADO_NATURAL_30X120_30X90_DETALLE.webp;Ambiente;PELDANO-EXTRUSIONADO;NATURAL;30X120 / 30X90;DETALLE;CELLER;Baja;5000x4500;1600x1440;20.21;0.36;98.2;KOOTENAI/PIEZAS/PELDAÑO/AMB_PELDAÑO EXTRUSIONADO 30X120 KOOTENAI NATURAL-CELLER BLANCO 30X90-DETALLE.jpg;ECOCERAMIC\KOOTENAI\PELDANO\ECOCERAMIC_AMB_KOOTENAI_PELDANO-EXTRUSIONADO_NATURAL_30X120_30X90_DETALLE.webp;;KOOTENAI/PIEZAS/PELDAÑO/AMB_PELDAÑO EXTRUSIONADO 30X120 KOOTENAI NATURAL-CELLER BLANCO 30X90-DETALLE.tif;WooCommerce;origen < 2000px (se conserva 1600x1440)
ECOCERAMIC;KOOTENAI;PELDANO;32X120 PELDAÑO EXTRUSIONADO KOOTENAI CEREZO.jpg;ECOCERAMIC_PZ_KOOTENAI_PELDANO-EXTRUSIONADO_CEREZO_32X120.webp;Pieza;PELDANO-EXTRUSIONADO;CEREZO;32X120;;;Baja;4344x1226;2000x564;2.12;0.05;97.5;KOOTENAI/PIEZAS/PELDAÑO/32X120 PELDAÑO EXTRUSIONADO KOOTENAI CEREZO.jpg;ECOCERAMIC\KOOTENAI\PELDANO\ECOCERAMIC_PZ_KOOTENAI_PELDANO-EXTRUSIONADO_CEREZO_32X120.webp;;KOOTENAI/PIEZAS/PELDAÑO/32X120 PELDAÑO EXTRUSIONADO KOOTENAI CEREZO.tif;WooCommerce;
ECOCERAMIC;KOOTENAI;PELDANO;32X120 PELDAÑO EXTRUSIONADO KOOTENAI HAYA.jpg;ECOCERAMIC_PZ_KOOTENAI_PELDANO-EXTRUSIONADO_HAYA_32X120.webp;Pieza;PELDANO-EXTRUSIONADO;HAYA;32X120;;;Baja;4344x1226;2000x564;1.87;0.03;98.5;KOOTENAI/PIEZAS/PELDAÑO/32X120 PELDAÑO EXTRUSIONADO KOOTENAI HAYA.jpg;ECOCERAMIC\KOOTENAI\PELDANO\ECOCERAMIC_PZ_KOOTENAI_PELDANO-EXTRUSIONADO_HAYA_32X120.webp;;KOOTENAI/PIEZAS/PELDAÑO/32X120 PELDAÑO EXTRUSIONADO KOOTENAI HAYA.tif;WooCommerce;
ECOCERAMIC;KOOTENAI;PELDANO;32X120 PELDAÑO EXTRUSIONADO KOOTENAI HAYA_1.png;ECOCERAMIC_PZ_KOOTENAI_PELDANO-EXTRUSIONADO_HAYA_32X120_01.webp;Pieza;PELDANO-EXTRUSIONADO;HAYA;32X120;;;Baja;4344x1226;2000x564;2.15;0.05;97.5;KOOTENAI/PIEZAS/PELDAÑO/32X120 PELDAÑO EXTRUSIONADO KOOTENAI HAYA_1.png;ECOCERAMIC\KOOTENAI\PELDANO\ECOCERAMIC_PZ_KOOTENAI_PELDANO-EXTRUSIONADO_HAYA_32X120_01.webp;;;WooCommerce;
ECOCERAMIC;KOOTENAI;PELDANO;32X120 PELDAÑO EXTRUSIONADO KOOTENAI HAYA_2.png;ECOCERAMIC_PZ_KOOTENAI_PELDANO-EXTRUSIONADO_HAYA_32X120_02.webp;Pieza;PELDANO-EXTRUSIONADO;HAYA;32X120;;;Baja;4344x1226;2000x564;3.29;0.05;98.5;KOOTENAI/PIEZAS/PELDAÑO/32X120 PELDAÑO EXTRUSIONADO KOOTENAI HAYA_2.png;ECOCERAMIC\KOOTENAI\PELDANO\ECOCERAMIC_PZ_KOOTENAI_PELDANO-EXTRUSIONADO_HAYA_32X120_02.webp;;;WooCommerce;
ECOCERAMIC;KOOTENAI;PELDANO;32X120 PELDAÑO EXTRUSIONADO KOOTENAI NATURAL.jpg;ECOCERAMIC_PZ_KOOTENAI_PELDANO-EXTRUSIONADO_NATURAL_32X120.webp;Pieza;PELDANO-EXTRUSIONADO;NATURAL;32X120;;;Baja;8688x2452;2000x564;5.69;0.04;99.3;KOOTENAI/PIEZAS/PELDAÑO/32X120 PELDAÑO EXTRUSIONADO KOOTENAI NATURAL.jpg;ECOCERAMIC\KOOTENAI\PELDANO\ECOCERAMIC_PZ_KOOTENAI_PELDANO-EXTRUSIONADO_NATURAL_32X120.webp;;KOOTENAI/PIEZAS/PELDAÑO/32X120 PELDAÑO EXTRUSIONADO KOOTENAI NATURAL.tif;WooCommerce;
ECOCERAMIC;KOOTENAI;PELDANO;32X120 PELDAÑO EXTRUSIONADO KOOTENAI NATURAL_1.png;ECOCERAMIC_PZ_KOOTENAI_PELDANO-EXTRUSIONADO_NATURAL_32X120_01.webp;Pieza;PELDANO-EXTRUSIONADO;NATURAL;32X120;;;Baja;8688x2452;2000x564;13.17;0.06;99.5;KOOTENAI/PIEZAS/PELDAÑO/32X120 PELDAÑO EXTRUSIONADO KOOTENAI NATURAL_1.png;ECOCERAMIC\KOOTENAI\PELDANO\ECOCERAMIC_PZ_KOOTENAI_PELDANO-EXTRUSIONADO_NATURAL_32X120_01.webp;;;WooCommerce;
ECOCERAMIC;KOOTENAI;PELDANO;32X120 PELDAÑO EXTRUSIONADO KOOTENAI NATURAL_2.png;ECOCERAMIC_PZ_KOOTENAI_PELDANO-EXTRUSIONADO_NATURAL_32X120_02.webp;Pieza;PELDANO-EXTRUSIONADO;NATURAL;32X120;;;Baja;4344x1226;2000x564;2.17;0.06;97.4;KOOTENAI/PIEZAS/PELDAÑO/32X120 PELDAÑO EXTRUSIONADO KOOTENAI NATURAL_2.png;ECOCERAMIC\KOOTENAI\PELDANO\ECOCERAMIC_PZ_KOOTENAI_PELDANO-EXTRUSIONADO_NATURAL_32X120_02.webp;;;WooCommerce;
ECOCERAMIC;KOOTENAI;PELDANO;32X120 PELDAÑO EXTRUSIONADO KOOTENAI STRAW.jpg;ECOCERAMIC_PZ_KOOTENAI_PELDANO-EXTRUSIONADO_STRAW_32X120.webp;Pieza;PELDANO-EXTRUSIONADO;STRAW;32X120;;;Baja;4344x1226;2000x564;2.12;0.05;97.8;KOOTENAI/PIEZAS/PELDAÑO/32X120 PELDAÑO EXTRUSIONADO KOOTENAI STRAW.jpg;ECOCERAMIC\KOOTENAI\PELDANO\ECOCERAMIC_PZ_KOOTENAI_PELDANO-EXTRUSIONADO_STRAW_32X120.webp;;KOOTENAI/PIEZAS/PELDAÑO/32X120 PELDAÑO EXTRUSIONADO KOOTENAI STRAW.tif;WooCommerce;
ECOCERAMIC;KOOTENAI;PELDANO;32X120 PELDAÑO EXTRUSIONADO KOOTENAI TAUPE.jpg;ECOCERAMIC_PZ_KOOTENAI_PELDANO-EXTRUSIONADO_TAUPE_32X120.webp;Pieza;PELDANO-EXTRUSIONADO;TAUPE;32X120;;;Baja;4344x1226;2000x564;2.01;0.04;98.0;KOOTENAI/PIEZAS/PELDAÑO/32X120 PELDAÑO EXTRUSIONADO KOOTENAI TAUPE.jpg;ECOCERAMIC\KOOTENAI\PELDANO\ECOCERAMIC_PZ_KOOTENAI_PELDANO-EXTRUSIONADO_TAUPE_32X120.webp;;KOOTENAI/PIEZAS/PELDAÑO/32X120 PELDAÑO EXTRUSIONADO KOOTENAI TAUPE.tif;WooCommerce;
ECOCERAMIC;LOIRE;;AMB_REBEL WHITE-CHIARA GRIS-LOIRE OAK.jpg;ECOCERAMIC_AMB_LOIRE.webp;Ambiente;;;;;CHIARA;Baja;5000x3752;2000x1501;10.07;0.17;98.3;LOIRE/AMBIENTES/AMB_REBEL WHITE-CHIARA GRIS-LOIRE OAK.jpg;ECOCERAMIC\LOIRE\ECOCERAMIC_AMB_LOIRE.webp;;LOIRE/AMBIENTES/AMB_REBEL WHITE-CHIARA GRIS-LOIRE OAK.tif;WooCommerce;sin color detectado en el nombre
ECOCERAMIC;LOIRE;;AMB_MARSHALL 60X120 - LOIRE OAK 60X120.jpg;ECOCERAMIC_AMB_LOIRE_60X120.webp;Ambiente;;;60X120;;;Baja;5000x4000;2000x1600;13.14;0.18;98.7;LOIRE/AMBIENTES/AMB_MARSHALL 60X120 - LOIRE OAK 60X120.jpg;ECOCERAMIC\LOIRE\ECOCERAMIC_AMB_LOIRE_60X120.webp;;LOIRE/AMBIENTES/AMB_MARSHALL 60X120 - LOIRE OAK 60X120.tif;WooCommerce;sin color detectado en el nombre
ECOCERAMIC;LOIRE;;AMB_LOIRE MAPLE-PEDREGAL SMOKE.jpg;ECOCERAMIC_AMB_LOIRE_MAPLE.webp;Ambiente;;MAPLE;;;PEDREGAL;Baja;5000x4800;1600x1536;22.73;0.35;98.5;LOIRE/AMBIENTES/AMB_LOIRE MAPLE-PEDREGAL SMOKE.jpg;ECOCERAMIC\LOIRE\ECOCERAMIC_AMB_LOIRE_MAPLE.webp;;LOIRE/AMBIENTES/AMB_LOIRE MAPLE-PEDREGAL SMOKE.tif;WooCommerce;origen < 2000px (se conserva 1600x1536)
ECOCERAMIC;LOIRE;;AMB_LOIRE MAPLE-CASABLANCA GOLD 60X120.tif;ECOCERAMIC_AMB_LOIRE_MAPLE_60X120.webp;Ambiente;;MAPLE;60X120;;CASABLANCA;Alta;5000x3750;2000x1500;132.15;0.14;99.9;LOIRE/AMBIENTES/AMB_LOIRE MAPLE-CASABLANCA GOLD 60X120.tif;ECOCERAMIC\LOIRE\ECOCERAMIC_AMB_LOIRE_MAPLE_60X120.webp;;;WooCommerce;
ECOCERAMIC;LOIRE;;AMB_LOIRE MAPLE BAÑO.tif;ECOCERAMIC_AMB_LOIRE_MAPLE_BATHROOM.webp;Ambiente;;MAPLE;;BATHROOM;;Alta;5000x3750;2000x1500;134.93;0.14;99.9;LOIRE/AMBIENTES/AMB_LOIRE MAPLE BAÑO.tif;ECOCERAMIC\LOIRE\ECOCERAMIC_AMB_LOIRE_MAPLE_BATHROOM.webp;;;WooCommerce;
ECOCERAMIC;LOIRE;;AMB_LOIRE MAPLE COCINA.tif;ECOCERAMIC_AMB_LOIRE_MAPLE_KITCHEN.webp;Ambiente;;MAPLE;;KITCHEN;;Alta;5000x3750;2000x1500;107.87;0.15;99.9;LOIRE/AMBIENTES/AMB_LOIRE MAPLE COCINA.tif;ECOCERAMIC\LOIRE\ECOCERAMIC_AMB_LOIRE_MAPLE_KITCHEN.webp;;;WooCommerce;
ECOCERAMIC;LOIRE;;AMB_LOIRE MAPLE SALON.jpg;ECOCERAMIC_AMB_LOIRE_MAPLE_LIVING.webp;Ambiente;;MAPLE;;LIVING;;Baja;5000x3750;1800x1350;14.64;0.37;97.5;LOIRE/AMBIENTES/AMB_LOIRE MAPLE SALON.jpg;ECOCERAMIC\LOIRE\ECOCERAMIC_AMB_LOIRE_MAPLE_LIVING.webp;;LOIRE/AMBIENTES/AMB_LOIRE MAPLE SALON.tif;WooCommerce;origen < 2000px (se conserva 1800x1350)
ECOCERAMIC;LOIRE;;AMB_LOIRE OAK DORMITORIO.jpg;ECOCERAMIC_AMB_LOIRE_OAK_BEDROOM.webp;Ambiente;;OAK;;BEDROOM;;Baja;5000x3750;2000x1500;17.58;0.37;97.9;LOIRE/AMBIENTES/AMB_LOIRE OAK DORMITORIO.jpg;ECOCERAMIC\LOIRE\ECOCERAMIC_AMB_LOIRE_OAK_BEDROOM.webp;;;WooCommerce;
ECOCERAMIC;LOIRE;;AMB_LOIRE OAK SALON.jpg;ECOCERAMIC_AMB_LOIRE_OAK_LIVING.webp;Ambiente;;OAK;;LIVING;;Baja;5000x3750;1800x1350;17.24;0.38;97.8;LOIRE/AMBIENTES/AMB_LOIRE OAK SALON.jpg;ECOCERAMIC\LOIRE\ECOCERAMIC_AMB_LOIRE_OAK_LIVING.webp;;LOIRE/AMBIENTES/AMB_LOIRE OAK SALON.tif;WooCommerce;origen < 2000px (se conserva 1800x1350)
ECOCERAMIC;LOIRE;;AMB_LOIRE PEARL SALON.jpg;ECOCERAMIC_AMB_LOIRE_PEARL_LIVING.webp;Ambiente;;PEARL;;LIVING;;Baja;5000x3750;1800x1350;13.58;0.37;97.3;LOIRE/AMBIENTES/AMB_LOIRE PEARL SALON.jpg;ECOCERAMIC\LOIRE\ECOCERAMIC_AMB_LOIRE_PEARL_LIVING.webp;;LOIRE/AMBIENTES/AMB_LOIRE PEARL SALON.tif;WooCommerce;origen < 2000px (se conserva 1800x1350)
ECOCERAMIC;LOIRE;;Loire Maple 60x120.jpg;ECOCERAMIC_PZ_LOIRE_MAPLE_60X120.webp;Pieza;;MAPLE;60X120;;;Baja;3685x1862;1800x910;7.58;0.37;95.1;LOIRE/PIEZAS/Loire Maple 60x120.jpg;ECOCERAMIC\LOIRE\ECOCERAMIC_PZ_LOIRE_MAPLE_60X120.webp;;LOIRE/PIEZAS/Loire Maple 60x120.tif;WooCommerce;origen < 2000px (se conserva 1800x910)
ECOCERAMIC;LOIRE;;Loire Oak 60x120.jpg;ECOCERAMIC_PZ_LOIRE_OAK_60X120.webp;Pieza;;OAK;60X120;;;Baja;3685x1862;1800x910;8.14;0.37;95.4;LOIRE/PIEZAS/Loire Oak 60x120.jpg;ECOCERAMIC\LOIRE\ECOCERAMIC_PZ_LOIRE_OAK_60X120.webp;;LOIRE/PIEZAS/Loire Oak 60x120.tif;WooCommerce;origen < 2000px (se conserva 1800x910)
ECOCERAMIC;LOIRE;;Loire Pearl 60x120.jpg;ECOCERAMIC_PZ_LOIRE_PEARL_60X120.webp;Pieza;;PEARL;60X120;;;Baja;3685x1862;1800x910;8.45;0.36;95.7;LOIRE/PIEZAS/Loire Pearl 60x120.jpg;ECOCERAMIC\LOIRE\ECOCERAMIC_PZ_LOIRE_PEARL_60X120.webp;;LOIRE/PIEZAS/Loire Pearl 60x120.tif;WooCommerce;origen < 2000px (se conserva 1800x910)
ECOCERAMIC;LOIRE;CARAS;LOIRE MAPLE 60X120.pdf;ECOCERAMIC_PZ_LOIRE-CARAS_MAPLE_60X120.webp;Pieza;;MAPLE;60X120;;;PDF;1653x2338;1414x2000;0.1;0.06;37.6;LOIRE/CARAS/LOIRE MAPLE 60X120.pdf;ECOCERAMIC\LOIRE\CARAS\ECOCERAMIC_PZ_LOIRE-CARAS_MAPLE_60X120.webp;;;WooCommerce;rasterizado desde PDF a 200 dpi
ECOCERAMIC;LOIRE;CARAS;LOIRE OAK 60X120.pdf;ECOCERAMIC_PZ_LOIRE-CARAS_OAK_60X120.webp;Pieza;;OAK;60X120;;;PDF;1653x2338;1414x2000;0.1;0.08;20.6;LOIRE/CARAS/LOIRE OAK 60X120.pdf;ECOCERAMIC\LOIRE\CARAS\ECOCERAMIC_PZ_LOIRE-CARAS_OAK_60X120.webp;;;WooCommerce;rasterizado desde PDF a 200 dpi
ECOCERAMIC;LOIRE;CARAS;LOIRE PEARL 60X120.pdf;ECOCERAMIC_PZ_LOIRE-CARAS_PEARL_60X120.webp;Pieza;;PEARL;60X120;;;PDF;1653x2338;1414x2000;0.09;0.06;33.5;LOIRE/CARAS/LOIRE PEARL 60X120.pdf;ECOCERAMIC\LOIRE\CARAS\ECOCERAMIC_PZ_LOIRE-CARAS_PEARL_60X120.webp;;;WooCommerce;rasterizado desde PDF a 200 dpi
ECOCERAMIC;MANLEY;;AMB_MANLEY MIX.jpg;ECOCERAMIC_AMB_MANLEY_MIX.webp;Ambiente;;MIX;;;;Baja;5000x4000;2000x1600;13.24;0.34;97.4;MANLEY/AMBIENTES/AMB_MANLEY MIX.jpg;ECOCERAMIC\MANLEY\ECOCERAMIC_AMB_MANLEY_MIX.webp;;MANLEY/AMBIENTES/AMB_MANLEY MIX.tif;WooCommerce;
ECOCERAMIC;MANLEY;;AMB_MANLEY NEGRO-BLANCO.jpg;ECOCERAMIC_AMB_MANLEY_NEGRO_BLANCO.webp;Ambiente;;NEGRO / BLANCO;;;;Baja;5000x4700;2000x1880;9.32;0.04;99.5;MANLEY/AMBIENTES/AMB_MANLEY NEGRO-BLANCO.jpg;ECOCERAMIC\MANLEY\ECOCERAMIC_AMB_MANLEY_NEGRO_BLANCO.webp;;MANLEY/AMBIENTES/AMB_MANLEY NEGRO-BLANCO.tif;WooCommerce;
ECOCERAMIC;MANLEY;;AMB_MANLEY NEGRO-MARFIL.jpg;ECOCERAMIC_AMB_MANLEY_NEGRO_MARFIL.webp;Ambiente;;NEGRO / MARFIL;;;;Baja;5000x4700;2000x1880;9.62;0.04;99.5;MANLEY/AMBIENTES/AMB_MANLEY NEGRO-MARFIL.jpg;ECOCERAMIC\MANLEY\ECOCERAMIC_AMB_MANLEY_NEGRO_MARFIL.webp;;MANLEY/AMBIENTES/AMB_MANLEY NEGRO-MARFIL.tif;WooCommerce;
ECOCERAMIC;MANLEY;;AMB_MANLEY PERLA-GRIS 60X120.jpg;ECOCERAMIC_AMB_MANLEY_PERLA_GRIS_60X120.webp;Ambiente;;PERLA / GRIS;60X120;;;Baja;5000x4250;1800x1530;14.4;0.38;97.3;MANLEY/AMBIENTES/AMB_MANLEY PERLA-GRIS 60X120.jpg;ECOCERAMIC\MANLEY\ECOCERAMIC_AMB_MANLEY_PERLA_GRIS_60X120.webp;;MANLEY/AMBIENTES/AMB_MANLEY PERLA-GRIS 60X120.tif;WooCommerce;origen < 2000px (se conserva 1800x1530)
ECOCERAMIC;MANLEY;;Manley Blanco 30x60.jpg;ECOCERAMIC_PZ_MANLEY_BLANCO_30X60.webp;Pieza;;BLANCO;30X60;;;Baja;5906x2953;2000x1000;0.11;0.0;96.9;MANLEY/PIEZAS/Manley Blanco 30x60.jpg;ECOCERAMIC\MANLEY\ECOCERAMIC_PZ_MANLEY_BLANCO_30X60.webp;;MANLEY/PIEZAS/Manley Blanco 30x60.tif;WooCommerce;imagen plana (swatch liso)
ECOCERAMIC;MANLEY;;Manley Blanco 45x90.jpg;ECOCERAMIC_PZ_MANLEY_BLANCO_45X90.webp;Pieza;;BLANCO;45X90;;;Baja;5906x2953;2000x1000;0.11;0.0;96.9;MANLEY/PIEZAS/Manley Blanco 45x90.jpg;ECOCERAMIC\MANLEY\ECOCERAMIC_PZ_MANLEY_BLANCO_45X90.webp;;;WooCommerce;imagen plana (swatch liso)
ECOCERAMIC;MANLEY;;Manley Blanco 60x120.jpg;ECOCERAMIC_PZ_MANLEY_BLANCO_60X120.webp;Pieza;;BLANCO;60X120;;;Baja;5906x2953;2000x1000;0.11;0.0;96.9;MANLEY/PIEZAS/Manley Blanco 60x120.jpg;ECOCERAMIC\MANLEY\ECOCERAMIC_PZ_MANLEY_BLANCO_60X120.webp;;;WooCommerce;imagen plana (swatch liso)
ECOCERAMIC;MANLEY;;Manley Blanco 60x60.jpg;ECOCERAMIC_PZ_MANLEY_BLANCO_60X60.webp;Pieza;;BLANCO;60X60;;;Baja;2953x2953;2000x2000;0.06;0.01;89.4;MANLEY/PIEZAS/Manley Blanco 60x60.jpg;ECOCERAMIC\MANLEY\ECOCERAMIC_PZ_MANLEY_BLANCO_60X60.webp;;MANLEY/PIEZAS/Manley Blanco 60x60.tif;WooCommerce;imagen plana (swatch liso)
ECOCERAMIC;MANLEY;;Manley Gris 30x60.jpg;ECOCERAMIC_PZ_MANLEY_GRIS_30X60.webp;Pieza;;GRIS;30X60;;;Baja;5906x2953;2000x1000;0.11;0.0;96.9;MANLEY/PIEZAS/Manley Gris 30x60.jpg;ECOCERAMIC\MANLEY\ECOCERAMIC_PZ_MANLEY_GRIS_30X60.webp;;MANLEY/PIEZAS/Manley Gris 30x60.tif;WooCommerce;imagen plana (swatch liso)
ECOCERAMIC;MANLEY;;Manley Gris 45x90.jpg;ECOCERAMIC_PZ_MANLEY_GRIS_45X90.webp;Pieza;;GRIS;45X90;;;Baja;5906x2953;2000x1000;0.11;0.0;96.9;MANLEY/PIEZAS/Manley Gris 45x90.jpg;ECOCERAMIC\MANLEY\ECOCERAMIC_PZ_MANLEY_GRIS_45X90.webp;;;WooCommerce;imagen plana (swatch liso)
ECOCERAMIC;MANLEY;;Manley Gris 60x120.jpg;ECOCERAMIC_PZ_MANLEY_GRIS_60X120.webp;Pieza;;GRIS;60X120;;;Baja;5906x2953;2000x1000;0.11;0.0;96.9;MANLEY/PIEZAS/Manley Gris 60x120.jpg;ECOCERAMIC\MANLEY\ECOCERAMIC_PZ_MANLEY_GRIS_60X120.webp;;;WooCommerce;imagen plana (swatch liso)
ECOCERAMIC;MANLEY;;Manley Gris 60x60.jpg;ECOCERAMIC_PZ_MANLEY_GRIS_60X60.webp;Pieza;;GRIS;60X60;;;Baja;2953x2953;2000x2000;0.06;0.01;89.4;MANLEY/PIEZAS/Manley Gris 60x60.jpg;ECOCERAMIC\MANLEY\ECOCERAMIC_PZ_MANLEY_GRIS_60X60.webp;;MANLEY/PIEZAS/Manley Gris 60x60.tif;WooCommerce;imagen plana (swatch liso)
ECOCERAMIC;MANLEY;;Manley Marfil 30x60.jpg;ECOCERAMIC_PZ_MANLEY_MARFIL_30X60.webp;Pieza;;MARFIL;30X60;;;Baja;5906x2953;2000x1000;0.11;0.0;96.9;MANLEY/PIEZAS/Manley Marfil 30x60.jpg;ECOCERAMIC\MANLEY\ECOCERAMIC_PZ_MANLEY_MARFIL_30X60.webp;;MANLEY/PIEZAS/Manley Marfil 30x60.tif;WooCommerce;imagen plana (swatch liso)
ECOCERAMIC;MANLEY;;Manley Marfil 45x90.jpg;ECOCERAMIC_PZ_MANLEY_MARFIL_45X90.webp;Pieza;;MARFIL;45X90;;;Baja;5906x2953;2000x1000;0.11;0.0;96.9;MANLEY/PIEZAS/Manley Marfil 45x90.jpg;ECOCERAMIC\MANLEY\ECOCERAMIC_PZ_MANLEY_MARFIL_45X90.webp;;;WooCommerce;imagen plana (swatch liso)
ECOCERAMIC;MANLEY;;Manley Marfil 60x120.jpg;ECOCERAMIC_PZ_MANLEY_MARFIL_60X120.webp;Pieza;;MARFIL;60X120;;;Baja;5906x2953;2000x1000;0.11;0.0;96.9;MANLEY/PIEZAS/Manley Marfil 60x120.jpg;ECOCERAMIC\MANLEY\ECOCERAMIC_PZ_MANLEY_MARFIL_60X120.webp;;;WooCommerce;imagen plana (swatch liso)
ECOCERAMIC;MANLEY;;Manley Marfil 60x60.jpg;ECOCERAMIC_PZ_MANLEY_MARFIL_60X60.webp;Pieza;;MARFIL;60X60;;;Baja;2953x2953;2000x2000;0.06;0.01;89.4;MANLEY/PIEZAS/Manley Marfil 60x60.jpg;ECOCERAMIC\MANLEY\ECOCERAMIC_PZ_MANLEY_MARFIL_60X60.webp;;MANLEY/PIEZAS/Manley Marfil 60x60.tif;WooCommerce;imagen plana (swatch liso)
ECOCERAMIC;MANLEY;;Manley Negro 30x60.jpg;ECOCERAMIC_PZ_MANLEY_NEGRO_30X60.webp;Pieza;;NEGRO;30X60;;;Baja;5906x2953;2000x1000;0.11;0.0;96.9;MANLEY/PIEZAS/Manley Negro 30x60.jpg;ECOCERAMIC\MANLEY\ECOCERAMIC_PZ_MANLEY_NEGRO_30X60.webp;;MANLEY/PIEZAS/Manley Negro 30x60.tif;WooCommerce;imagen plana (swatch liso)
ECOCERAMIC;MANLEY;;Manley Negro 45x90.jpg;ECOCERAMIC_PZ_MANLEY_NEGRO_45X90.webp;Pieza;;NEGRO;45X90;;;Baja;5906x2953;2000x1000;0.11;0.0;96.9;MANLEY/PIEZAS/Manley Negro 45x90.jpg;ECOCERAMIC\MANLEY\ECOCERAMIC_PZ_MANLEY_NEGRO_45X90.webp;;;WooCommerce;imagen plana (swatch liso)
ECOCERAMIC;MANLEY;;Manley Negro 60x120.jpg;ECOCERAMIC_PZ_MANLEY_NEGRO_60X120.webp;Pieza;;NEGRO;60X120;;;Baja;5906x2953;2000x1000;0.11;0.0;96.9;MANLEY/PIEZAS/Manley Negro 60x120.jpg;ECOCERAMIC\MANLEY\ECOCERAMIC_PZ_MANLEY_NEGRO_60X120.webp;;;WooCommerce;imagen plana (swatch liso)
ECOCERAMIC;MANLEY;;Manley Negro 60x60.jpg;ECOCERAMIC_PZ_MANLEY_NEGRO_60X60.webp;Pieza;;NEGRO;60X60;;;Baja;2953x2953;2000x2000;0.06;0.01;89.3;MANLEY/PIEZAS/Manley Negro 60x60.jpg;ECOCERAMIC\MANLEY\ECOCERAMIC_PZ_MANLEY_NEGRO_60X60.webp;;MANLEY/PIEZAS/Manley Negro 60x60.tif;WooCommerce;imagen plana (swatch liso)
ECOCERAMIC;MANLEY;;Manley Perla 30x60.jpg;ECOCERAMIC_PZ_MANLEY_PERLA_30X60.webp;Pieza;;PERLA;30X60;;;Baja;5906x2953;2000x1000;0.11;0.0;96.9;MANLEY/PIEZAS/Manley Perla 30x60.jpg;ECOCERAMIC\MANLEY\ECOCERAMIC_PZ_MANLEY_PERLA_30X60.webp;;MANLEY/PIEZAS/Manley Perla 30x60.tif;WooCommerce;imagen plana (swatch liso)
ECOCERAMIC;MANLEY;;Manley Perla 45x90.jpg;ECOCERAMIC_PZ_MANLEY_PERLA_45X90.webp;Pieza;;PERLA;45X90;;;Baja;5906x2953;2000x1000;0.11;0.0;96.9;MANLEY/PIEZAS/Manley Perla 45x90.jpg;ECOCERAMIC\MANLEY\ECOCERAMIC_PZ_MANLEY_PERLA_45X90.webp;;;WooCommerce;imagen plana (swatch liso)
ECOCERAMIC;MANLEY;;Manley Perla 60x120.jpg;ECOCERAMIC_PZ_MANLEY_PERLA_60X120.webp;Pieza;;PERLA;60X120;;;Baja;5906x2953;2000x1000;0.11;0.0;96.9;MANLEY/PIEZAS/Manley Perla 60x120.jpg;ECOCERAMIC\MANLEY\ECOCERAMIC_PZ_MANLEY_PERLA_60X120.webp;;;WooCommerce;imagen plana (swatch liso)
ECOCERAMIC;MANLEY;;Manley Perla 60x60.jpg;ECOCERAMIC_PZ_MANLEY_PERLA_60X60.webp;Pieza;;PERLA;60X60;;;Baja;2953x2953;2000x2000;0.06;0.01;89.4;MANLEY/PIEZAS/Manley Perla 60x60.jpg;ECOCERAMIC\MANLEY\ECOCERAMIC_PZ_MANLEY_PERLA_60X60.webp;;MANLEY/PIEZAS/Manley Perla 60x60.tif;WooCommerce;imagen plana (swatch liso)
ECOCERAMIC;NIARA;;AMB_NIARA BLANCO DETALLE.jpg;ECOCERAMIC_AMB_NIARA_BLANCO_DETALLE.webp;Ambiente;;BLANCO;;DETALLE;;Baja;2500x1750;1800x1260;4.61;0.37;91.9;NIARA/AMBIENTES/AMB_NIARA BLANCO DETALLE.jpg;ECOCERAMIC\NIARA\ECOCERAMIC_AMB_NIARA_BLANCO_DETALLE.webp;;NIARA/AMBIENTES/AMB_NIARA BLANCO DETALLE.tif;WooCommerce;origen < 2000px (se conserva 1800x1260)
ECOCERAMIC;NIARA;;AMB_NIARA HAYA.jpg;ECOCERAMIC_AMB_NIARA_HAYA.webp;Ambiente;;HAYA;;;;Baja;2500x1750;2000x1400;3.51;0.32;91.0;NIARA/AMBIENTES/AMB_NIARA HAYA.jpg;ECOCERAMIC\NIARA\ECOCERAMIC_AMB_NIARA_HAYA.webp;;NIARA/AMBIENTES/AMB_NIARA HAYA.tif;WooCommerce;
ECOCERAMIC;NIARA;;AMB_NIARA NATURAL.jpg;ECOCERAMIC_AMB_NIARA_NATURAL.webp;Ambiente;;NATURAL;;;;Baja;2500x1750;2000x1400;3.38;0.34;90.0;NIARA/AMBIENTES/AMB_NIARA NATURAL.jpg;ECOCERAMIC\NIARA\ECOCERAMIC_AMB_NIARA_NATURAL.webp;;NIARA/AMBIENTES/AMB_NIARA NATURAL.tif;WooCommerce;
ECOCERAMIC;NIARA;;AMB_NIARA NUT.jpg;ECOCERAMIC_AMB_NIARA_NUT.webp;Ambiente;;NUT;;;;Baja;2500x1750;2000x1400;3.36;0.35;89.6;NIARA/AMBIENTES/AMB_NIARA NUT.jpg;ECOCERAMIC\NIARA\ECOCERAMIC_AMB_NIARA_NUT.webp;;NIARA/AMBIENTES/AMB_NIARA NUT.tif;WooCommerce;
ECOCERAMIC;NIARA;;NIARA BLANCO 23x120.jpg;ECOCERAMIC_PZ_NIARA_BLANCO_23X120.webp;Pieza;;BLANCO;23X120;;;Baja;3665x709;2000x387;3.19;0.11;96.6;NIARA/PIEZAS/NIARA BLANCO 23x120.jpg;ECOCERAMIC\NIARA\ECOCERAMIC_PZ_NIARA_BLANCO_23X120.webp;;;WooCommerce;
ECOCERAMIC;NIARA;;NIARA HAYA 23x120.jpg;ECOCERAMIC_PZ_NIARA_HAYA_23X120.webp;Pieza;;HAYA;23X120;;;Baja;3665x709;2000x387;3.69;0.16;95.7;NIARA/PIEZAS/NIARA HAYA 23x120.jpg;ECOCERAMIC\NIARA\ECOCERAMIC_PZ_NIARA_HAYA_23X120.webp;;;WooCommerce;
ECOCERAMIC;NIARA;;NIARA NATURAL 23x120.jpg;ECOCERAMIC_PZ_NIARA_NATURAL_23X120.webp;Pieza;;NATURAL;23X120;;;Baja;3665x709;2000x387;3.31;0.16;95.2;NIARA/PIEZAS/NIARA NATURAL 23x120.jpg;ECOCERAMIC\NIARA\ECOCERAMIC_PZ_NIARA_NATURAL_23X120.webp;;;WooCommerce;
ECOCERAMIC;NIARA;;NIARA NUT 23x120.jpg;ECOCERAMIC_PZ_NIARA_NUT_23X120.webp;Pieza;;NUT;23X120;;;Baja;3665x710;2000x387;3.35;0.19;94.5;NIARA/PIEZAS/NIARA NUT 23x120.jpg;ECOCERAMIC\NIARA\ECOCERAMIC_PZ_NIARA_NUT_23X120.webp;;;WooCommerce;
ECOCERAMIC;NIVALA;;AMB_NIVALA_HAYA_20X120.tif;ECOCERAMIC_AMB_NIVALA_HAYA_20X120.webp;Ambiente;;HAYA;20X120;;;Alta;5000x3750;2000x1500;255.19;0.09;100.0;NIVALA/AMBIENTES/AMB_NIVALA_HAYA_20X120.tif;ECOCERAMIC\NIVALA\ECOCERAMIC_AMB_NIVALA_HAYA_20X120.webp;;;WooCommerce;
ECOCERAMIC;NIVALA;;AMB_NIVALA_NATURAL_20X120.jpg;ECOCERAMIC_AMB_NIVALA_NATURAL_20X120.webp;Ambiente;;NATURAL;20X120;;;Baja;5000x3750;2000x1500;11.14;0.11;99.0;NIVALA/AMBIENTES/AMB_NIVALA_NATURAL_20X120.jpg;ECOCERAMIC\NIVALA\ECOCERAMIC_AMB_NIVALA_NATURAL_20X120.webp;;NIVALA/AMBIENTES/AMB_NIVALA_NATURAL_20X120.tif;WooCommerce;
ECOCERAMIC;NIVALA;;AMB_NIVALA_NATURAL_20X120_DETALLE.jpg;ECOCERAMIC_AMB_NIVALA_NATURAL_20X120_DETALLE.webp;Ambiente;;NATURAL;20X120;DETALLE;;Baja;5000x3750;2000x1500;11.25;0.22;98.1;NIVALA/AMBIENTES/AMB_NIVALA_NATURAL_20X120_DETALLE.jpg;ECOCERAMIC\NIVALA\ECOCERAMIC_AMB_NIVALA_NATURAL_20X120_DETALLE.webp;;NIVALA/AMBIENTES/AMB_NIVALA_NATURAL__20X120_DETALLE.tif;WooCommerce;
ECOCERAMIC;NIVALA;;NIVALA-HAYA-20x120.jpg;ECOCERAMIC_PZ_NIVALA_HAYA_20X120.webp;Pieza;;HAYA;20X120;;;Baja;7795x1299;2000x333;8.5;0.02;99.7;NIVALA/PIEZAS/NIVALA-HAYA-20x120.jpg;ECOCERAMIC\NIVALA\ECOCERAMIC_PZ_NIVALA_HAYA_20X120.webp;;;WooCommerce;
ECOCERAMIC;NIVALA;;NIVALA-NATURAL-20x120.jpg;ECOCERAMIC_PZ_NIVALA_NATURAL_20X120.webp;Pieza;;NATURAL;20X120;;;Baja;18709x3118;2000x333;52.73;0.04;99.9;NIVALA/PIEZAS/NIVALA-NATURAL-20x120.jpg;ECOCERAMIC\NIVALA\ECOCERAMIC_PZ_NIVALA_NATURAL_20X120.webp;;;WooCommerce;
ECOCERAMIC;NIVALA;;NIVALA-TAUPE-20x120.jpg;ECOCERAMIC_PZ_NIVALA_TAUPE_20X120.webp;Pieza;;TAUPE;20X120;;;Baja;7795x1299;2000x333;8.45;0.07;99.2;NIVALA/PIEZAS/NIVALA-TAUPE-20x120.jpg;ECOCERAMIC\NIVALA\ECOCERAMIC_PZ_NIVALA_TAUPE_20X120.webp;;;WooCommerce;
ECOCERAMIC;NORWAY;;ECOCERAMIC_HELKA ARTIC 60X120_NORWAY TAUPE 20X120_OUTDOOR.jpg;ECOCERAMIC_AMB_NORWAY_60X120_20X120_OUTDOOR.webp;Ambiente;;;60X120 / 20X120;OUTDOOR;;Baja;5000x3750;2000x1500;11.5;0.33;97.1;NORWAY/AMBIENTES/ECOCERAMIC_HELKA ARTIC 60X120_NORWAY TAUPE 20X120_OUTDOOR.jpg;ECOCERAMIC\NORWAY\ECOCERAMIC_AMB_NORWAY_60X120_20X120_OUTDOOR.webp;;NORWAY/AMBIENTES/ECOCERAMIC_HELKA ARTIC 60X120_NORWAY TAUPE 20X120_OUTDOOR.tif;WooCommerce;sin color detectado en el nombre
ECOCERAMIC;NORWAY;;AMB_NORWAY MAPLE 20X120.jpg;ECOCERAMIC_AMB_NORWAY_MAPLE_20X120.webp;Ambiente;;MAPLE;20X120;;;Baja;5000x3750;2000x1500;9.7;0.17;98.2;NORWAY/AMBIENTES/AMB_NORWAY MAPLE 20X120.jpg;ECOCERAMIC\NORWAY\ECOCERAMIC_AMB_NORWAY_MAPLE_20X120.webp;;NORWAY/AMBIENTES/AMB_NORWAY MAPLE 20X120.tif;WooCommerce;
ECOCERAMIC;NORWAY;;AMB_PELDAÑO ROMO 30X120 CASABLANCA WHITE-NORWAY TAUPE.jpg;ECOCERAMIC_AMB_NORWAY_PELDANO-ROMO_30X120.webp;Ambiente;PELDANO-ROMO;;30X120;;CASABLANCA;Baja;5000x4250;2000x1700;13.4;0.24;98.2;NORWAY/AMBIENTES/AMB_PELDAÑO ROMO 30X120 CASABLANCA WHITE-NORWAY TAUPE.jpg;ECOCERAMIC\NORWAY\ECOCERAMIC_AMB_NORWAY_PELDANO-ROMO_30X120.webp;;NORWAY/AMBIENTES/AMB_PELDAÑO ROMO 30X120 CASABLANCA WHITE-NORWAY TAUPE.tif;WooCommerce;sin color detectado en el nombre
ECOCERAMIC;NORWAY;;AMB_PELDAÑO ROMO 30X120 CASABLANCA GOLD-NORWAY STRAW-DETALLE.jpg;ECOCERAMIC_AMB_NORWAY_PELDANO-ROMO_30X120_DETALLE.webp;Ambiente;PELDANO-ROMO;;30X120;DETALLE;CASABLANCA;Baja;5000x4250;2000x1700;13.95;0.17;98.8;NORWAY/AMBIENTES/AMB_PELDAÑO ROMO 30X120 CASABLANCA GOLD-NORWAY STRAW-DETALLE.jpg;ECOCERAMIC\NORWAY\ECOCERAMIC_AMB_NORWAY_PELDANO-ROMO_30X120_DETALLE.webp;;NORWAY/AMBIENTES/AMB_PELDAÑO ROMO 30X120 CASABLANCA GOLD-NORWAY STRAW-DETALLE.tif;WooCommerce;sin color detectado en el nombre
ECOCERAMIC;NORWAY;;AMB_NORWAY STRAW 20X120+RLV.NORWAY STRAW-CAPRAIA PEARL 60X120.jpg;ECOCERAMIC_AMB_NORWAY_RLV_STRAW_20X120_60X120.webp;Ambiente;RLV;STRAW;20X120 / 60X120;;CAPRAIA;Baja;5000x4500;2000x1800;15.43;0.22;98.6;NORWAY/AMBIENTES/AMB_NORWAY STRAW 20X120+RLV.NORWAY STRAW-CAPRAIA PEARL 60X120.jpg;ECOCERAMIC\NORWAY\ECOCERAMIC_AMB_NORWAY_RLV_STRAW_20X120_60X120.webp;;NORWAY/AMBIENTES/AMB_NORWAY STRAW 20X120+RLV.NORWAY STRAW-CAPRAIA PEARL 60X120.tif;WooCommerce;
ECOCERAMIC;NORWAY;;AMB_NORWAY STRAW 20X120-RLV. NORWAY STRAW 60X120-ZIRAN GREY 60X120.jpg;ECOCERAMIC_AMB_NORWAY_RLV_STRAW_20X120_60X120_V2.webp;Ambiente;RLV;STRAW;20X120 / 60X120;;ZIRAN;Baja;5000x4500;2000x1800;16.02;0.34;97.9;NORWAY/AMBIENTES/AMB_NORWAY STRAW 20X120-RLV. NORWAY STRAW 60X120-ZIRAN GREY 60X120.jpg;ECOCERAMIC\NORWAY\ECOCERAMIC_AMB_NORWAY_RLV_STRAW_20X120_60X120_V2.webp;;NORWAY/AMBIENTES/AMB_NORWAY STRAW 20X120-RLV. NORWAY STRAW 60X120-ZIRAN GREY 60X120.tif;WooCommerce;nombre desambiguado (_V)
ECOCERAMIC;NORWAY;;AMB_NORWAY STRAW 20X120-RLV. STRAW 60X120.jpg;ECOCERAMIC_AMB_NORWAY_RLV_STRAW_20X120_60X120_V3.webp;Ambiente;RLV;STRAW;20X120 / 60X120;;;Baja;5000x3750;2000x1500;14.5;0.35;97.6;NORWAY/AMBIENTES/AMB_NORWAY STRAW 20X120-RLV. STRAW 60X120.jpg;ECOCERAMIC\NORWAY\ECOCERAMIC_AMB_NORWAY_RLV_STRAW_20X120_60X120_V3.webp;;NORWAY/AMBIENTES/AMB_NORWAY STRAW 20X120-RLV. STRAW 60X120.tif;WooCommerce;nombre desambiguado (_V)
ECOCERAMIC;NORWAY;;AMB_RLV. NORWAY STRAW 60X120-20X120 - 2.jpg;ECOCERAMIC_AMB_NORWAY_RLV_STRAW_60X120_20X120_02.webp;Ambiente;RLV;STRAW;60X120 / 20X120;;;Baja;5000x5000;2000x2000;18.28;0.38;97.9;NORWAY/AMBIENTES/AMB_RLV. NORWAY STRAW 60X120-20X120 - 2.jpg;ECOCERAMIC\NORWAY\ECOCERAMIC_AMB_NORWAY_RLV_STRAW_60X120_20X120_02.webp;;NORWAY/AMBIENTES/AMB_RLV. NORWAY STRAW 60X120-20X120 - 2.tif;WooCommerce;
ECOCERAMIC;NORWAY;;AMB_RLV. NORWAY TAUPE 60X120-20X120 - 2.jpg;ECOCERAMIC_AMB_NORWAY_RLV_TAUPE_60X120_20X120_02.webp;Ambiente;RLV;TAUPE;60X120 / 20X120;;;Baja;5000x6250;1600x2000;20.32;0.3;98.5;NORWAY/AMBIENTES/AMB_RLV. NORWAY TAUPE 60X120-20X120 - 2.jpg;ECOCERAMIC\NORWAY\ECOCERAMIC_AMB_NORWAY_RLV_TAUPE_60X120_20X120_02.webp;;NORWAY/AMBIENTES/AMB_RLV. NORWAY TAUPE 60X120-20X120 - 2.tif;WooCommerce;
ECOCERAMIC;NORWAY;;AMB_NORWAY STRAW 20X120-CAPRAIA PEARL 60X120.jpg;ECOCERAMIC_AMB_NORWAY_STRAW_20X120_60X120.webp;Ambiente;;STRAW;20X120 / 60X120;;CAPRAIA;Baja;5000x4500;2000x1800;15.78;0.23;98.5;NORWAY/AMBIENTES/AMB_NORWAY STRAW 20X120-CAPRAIA PEARL 60X120.jpg;ECOCERAMIC\NORWAY\ECOCERAMIC_AMB_NORWAY_STRAW_20X120_60X120.webp;;NORWAY/AMBIENTES/AMB_NORWAY STRAW 20X120-CAPRAIA PEARL 60X120.tif;WooCommerce;
ECOCERAMIC;NORWAY;;Norwway Ceniza 20x120.jpg;ECOCERAMIC_PZ_NORWAY_CENIZA_20X120.webp;Pieza;;CENIZA;20X120;;;Baja;3696x625;2000x338;1.58;0.05;96.9;NORWAY/PIEZAS/Norwway Ceniza 20x120.jpg;ECOCERAMIC\NORWAY\ECOCERAMIC_PZ_NORWAY_CENIZA_20X120.webp;;NORWAY/PIEZAS/Norway Ceniza 20x120.tif;WooCommerce;
ECOCERAMIC;NORWAY;;Norway Gris 20x120.jpg;ECOCERAMIC_PZ_NORWAY_GRIS_20X120.webp;Pieza;;GRIS;20X120;;;Baja;3696x625;2000x338;1.68;0.1;94.1;NORWAY/PIEZAS/Norway Gris 20x120.jpg;ECOCERAMIC\NORWAY\ECOCERAMIC_PZ_NORWAY_GRIS_20X120.webp;;NORWAY/PIEZAS/Norway Gris 20x120.tif;WooCommerce;
ECOCERAMIC;NORWAY;;Norway Maple 20x120.jpg;ECOCERAMIC_PZ_NORWAY_MAPLE_20X120.webp;Pieza;;MAPLE;20X120;;;Baja;3696x625;2000x338;2.5;0.11;95.5;NORWAY/PIEZAS/Norway Maple 20x120.jpg;ECOCERAMIC\NORWAY\ECOCERAMIC_PZ_NORWAY_MAPLE_20X120.webp;;NORWAY/PIEZAS/Norway Maple 20x120.tif;WooCommerce;
ECOCERAMIC;NORWAY;;Rlv. Norway Ceniza 60x120.jpg;ECOCERAMIC_PZ_NORWAY_RLV_CENIZA_60X120.webp;Pieza;RLV;CENIZA;60X120;;;Baja;3696x1874;2000x1014;3.53;0.09;97.3;NORWAY/PIEZAS/Rlv. Norway Ceniza 60x120.jpg;ECOCERAMIC\NORWAY\ECOCERAMIC_PZ_NORWAY_RLV_CENIZA_60X120.webp;;NORWAY/PIEZAS/Rlv. Norway Ceniza 60x120.tif;WooCommerce;
ECOCERAMIC;NORWAY;;Rlv. Norway Gris 60x120.jpg;ECOCERAMIC_PZ_NORWAY_RLV_GRIS_60X120.webp;Pieza;RLV;GRIS;60X120;;;Baja;3696x1874;2000x1014;4.36;0.23;94.8;NORWAY/PIEZAS/Rlv. Norway Gris 60x120.jpg;ECOCERAMIC\NORWAY\ECOCERAMIC_PZ_NORWAY_RLV_GRIS_60X120.webp;;NORWAY/PIEZAS/Rlv. Norway Gris 60x120.tif;WooCommerce;
ECOCERAMIC;NORWAY;;Rlv. Norway Maple 60x120.jpg;ECOCERAMIC_PZ_NORWAY_RLV_MAPLE_60X120.webp;Pieza;RLV;MAPLE;60X120;;;Baja;3696x1874;2000x1014;5.25;0.17;96.8;NORWAY/PIEZAS/Rlv. Norway Maple 60x120.jpg;ECOCERAMIC\NORWAY\ECOCERAMIC_PZ_NORWAY_RLV_MAPLE_60X120.webp;;NORWAY/PIEZAS/Rlv. Norway Maple 60x120.tif;WooCommerce;
ECOCERAMIC;NORWAY;;Rlv. Norway Straw 60x120.jpg;ECOCERAMIC_PZ_NORWAY_RLV_STRAW_60X120.webp;Pieza;RLV;STRAW;60X120;;;Baja;3696x1874;2000x1014;6.82;0.29;95.7;NORWAY/PIEZAS/Rlv. Norway Straw 60x120.jpg;ECOCERAMIC\NORWAY\ECOCERAMIC_PZ_NORWAY_RLV_STRAW_60X120.webp;;NORWAY/PIEZAS/Rlv. Norway Straw 60x120.tif;WooCommerce;
ECOCERAMIC;NORWAY;;Rlv. Norway Taupe 60x120.jpg;ECOCERAMIC_PZ_NORWAY_RLV_TAUPE_60X120.webp;Pieza;RLV;TAUPE;60X120;;;Baja;3696x1874;2000x1014;4.37;0.22;94.9;NORWAY/PIEZAS/Rlv. Norway Taupe 60x120.jpg;ECOCERAMIC\NORWAY\ECOCERAMIC_PZ_NORWAY_RLV_TAUPE_60X120.webp;;NORWAY/PIEZAS/Rlv. Norway Taupe 60x120.tif;WooCommerce;
ECOCERAMIC;NORWAY;;Norway Straw 20x120.jpg;ECOCERAMIC_PZ_NORWAY_STRAW_20X120.webp;Pieza;;STRAW;20X120;;;Baja;3696x625;2000x338;3.22;0.18;94.3;NORWAY/PIEZAS/Norway Straw 20x120.jpg;ECOCERAMIC\NORWAY\ECOCERAMIC_PZ_NORWAY_STRAW_20X120.webp;;NORWAY/PIEZAS/Norway Straw 20x120.tif;WooCommerce;
ECOCERAMIC;NORWAY;;Norway Taupe 20x120.jpg;ECOCERAMIC_PZ_NORWAY_TAUPE_20X120.webp;Pieza;;TAUPE;20X120;;;Baja;3696x625;2000x338;2.33;0.19;91.9;NORWAY/PIEZAS/Norway Taupe 20x120.jpg;ECOCERAMIC\NORWAY\ECOCERAMIC_PZ_NORWAY_TAUPE_20X120.webp;;NORWAY/PIEZAS/Norway Taupe 20x120.tif;WooCommerce;
ECOCERAMIC;PINOSO;;ECOCERAMIC_PINOSO_NATURAL_60X120_SALON.jpg;ECOCERAMIC_AMB_PINOSO_NATURAL_60X120_LIVING.webp;Ambiente;;NATURAL;60X120;LIVING;;Baja;5500x4125;2000x1500;19.62;0.24;98.8;PINOSO/AMBIENTES/ECOCERAMIC_PINOSO_NATURAL_60X120_SALON.jpg;ECOCERAMIC\PINOSO\ECOCERAMIC_AMB_PINOSO_NATURAL_60X120_LIVING.webp;;PINOSO/AMBIENTES/ECOCERAMIC_PINOSO_NATURAL_60X120_SALON.tif;WooCommerce;
ECOCERAMIC;PINOSO;;ECOCERAMIC_RLV_PINOSO_LIGHT_60X120_DETALLE.jpg;ECOCERAMIC_AMB_PINOSO_RLV_LIGHT_60X120_DETALLE.webp;Ambiente;RLV;LIGHT;60X120;DETALLE;;Baja;2953x3425;1724x2000;5.84;0.17;97.1;PINOSO/AMBIENTES/ECOCERAMIC_RLV_PINOSO_LIGHT_60X120_DETALLE.jpg;ECOCERAMIC\PINOSO\ECOCERAMIC_AMB_PINOSO_RLV_LIGHT_60X120_DETALLE.webp;;PINOSO/AMBIENTES/ECOCERAMIC_RLV_PINOSO_LIGHT_60X120_DETALLE.tif;WooCommerce;
ECOCERAMIC;PINOSO;;PINOSO-LIGHT-100X100.jpg;ECOCERAMIC_PZ_PINOSO_LIGHT_100X100.webp;Pieza;;LIGHT;100X100;;;Baja;2757x2793;1974x2000;7.27;0.39;94.7;PINOSO/PIEZAS/PINOSO-LIGHT-100X100.jpg;ECOCERAMIC\PINOSO\ECOCERAMIC_PZ_PINOSO_LIGHT_100X100.webp;;;WooCommerce;
ECOCERAMIC;PINOSO;;PINOSO-LIGHT-60X120.jpg;ECOCERAMIC_PZ_PINOSO_LIGHT_60X120.webp;Pieza;;LIGHT;60X120;;;Baja;3696x1874;2000x1014;6.35;0.18;97.2;PINOSO/PIEZAS/PINOSO-LIGHT-60X120.jpg;ECOCERAMIC\PINOSO\ECOCERAMIC_PZ_PINOSO_LIGHT_60X120.webp;;;WooCommerce;
ECOCERAMIC;PINOSO;;PINOSO-NATURAL-100X100.jpg;ECOCERAMIC_PZ_PINOSO_NATURAL_100X100.webp;Pieza;;NATURAL;100X100;;;Baja;2757x2793;1579x1600;8.27;0.37;95.5;PINOSO/PIEZAS/PINOSO-NATURAL-100X100.jpg;ECOCERAMIC\PINOSO\ECOCERAMIC_PZ_PINOSO_NATURAL_100X100.webp;;;WooCommerce;origen < 2000px (se conserva 1579x1600)
ECOCERAMIC;PINOSO;;PINOSO-NATURAL-60X120.jpg;ECOCERAMIC_PZ_PINOSO_NATURAL_60X120.webp;Pieza;;NATURAL;60X120;;;Baja;3696x1874;2000x1014;7.27;0.29;96.0;PINOSO/PIEZAS/PINOSO-NATURAL-60X120.jpg;ECOCERAMIC\PINOSO\ECOCERAMIC_PZ_PINOSO_NATURAL_60X120.webp;;;WooCommerce;
ECOCERAMIC;PINOSO;;RLV-PINOSO-LIGHT-60X120.jpg;ECOCERAMIC_PZ_PINOSO_RLV_LIGHT_60X120.webp;Pieza;RLV;LIGHT;60X120;;;Baja;1200x603;1200x603;0.59;0.02;96.2;PINOSO/PIEZAS/RLV-PINOSO-LIGHT-60X120.jpg;ECOCERAMIC\PINOSO\ECOCERAMIC_PZ_PINOSO_RLV_LIGHT_60X120.webp;;;WooCommerce;origen < 2000px (se conserva 1200x603)
ECOCERAMIC;PINOSO;;RLV-PINOSO-NATURAL-60X120.jpg;ECOCERAMIC_PZ_PINOSO_RLV_NATURAL_60X120.webp;Pieza;RLV;NATURAL;60X120;;;Baja;1200x603;1200x603;0.73;0.07;91.0;PINOSO/PIEZAS/RLV-PINOSO-NATURAL-60X120.jpg;ECOCERAMIC\PINOSO\ECOCERAMIC_PZ_PINOSO_RLV_NATURAL_60X120.webp;;;WooCommerce;origen < 2000px (se conserva 1200x603)
ECOCERAMIC;SAN FRANCISCO;;ECOCERAMIC_AMB_SAN FRANCISCO_AQUAMARINE_60X120.jpg;ECOCERAMIC_AMB_SAN-FRANCISCO_AQUAMARINE_60X120.webp;Ambiente;;AQUAMARINE;60X120;;;Baja;2952x3425;1379x1600;7.99;0.57;92.8;SAN FRANCISCO/AMBIENTES/ECOCERAMIC_AMB_SAN FRANCISCO_AQUAMARINE_60X120.jpg;ECOCERAMIC\SAN FRANCISCO\ECOCERAMIC_AMB_SAN-FRANCISCO_AQUAMARINE_60X120.webp;;;WooCommerce;origen < 2000px (se conserva 1379x1600)
ECOCERAMIC;SAN FRANCISCO;;ECOCERAMIC_AMB_SAN FRANCISCO_GREY_60X120.jpg;ECOCERAMIC_AMB_SAN-FRANCISCO_GREY_60X120.webp;Ambiente;;GREY;60X120;;;Baja;5500x4125;1600x1200;18.02;0.36;98.0;SAN FRANCISCO/AMBIENTES/ECOCERAMIC_AMB_SAN FRANCISCO_GREY_60X120.jpg;ECOCERAMIC\SAN FRANCISCO\ECOCERAMIC_AMB_SAN-FRANCISCO_GREY_60X120.webp;;;WooCommerce;origen < 2000px (se conserva 1600x1200)
ECOCERAMIC;SAN FRANCISCO;;SAN FRANCISCO GREY 60X120 CAFETERIA ALTA V01.tif;ECOCERAMIC_AMB_SAN-FRANCISCO_GREY_60X120_CAFETERIA.webp;Ambiente;;GREY;60X120;CAFETERIA;;Alta;5500x4125;1600x1200;118.41;0.36;99.7;SAN FRANCISCO/AMBIENTES/SAN FRANCISCO GREY 60X120 CAFETERIA ALTA V01.tif;ECOCERAMIC\SAN FRANCISCO\ECOCERAMIC_AMB_SAN-FRANCISCO_GREY_60X120_CAFETERIA.webp;;;WooCommerce;origen < 2000px (se conserva 1600x1200)
ECOCERAMIC;SAN FRANCISCO;;AMB_SAN FRANCISCO_GREY_30X60_GRAPHITE_60X60.tif;ECOCERAMIC_AMB_SAN-FRANCISCO_GREY_GRAPHITE_30X60_60X60.webp;Ambiente;;GREY / GRAPHITE;30X60 / 60X60;;;Alta;5500x4125;1800x1350;157.58;0.37;99.8;SAN FRANCISCO/AMBIENTES/AMB_SAN FRANCISCO_GREY_30X60_GRAPHITE_60X60.tif;ECOCERAMIC\SAN FRANCISCO\ECOCERAMIC_AMB_SAN-FRANCISCO_GREY_GRAPHITE_30X60_60X60.webp;;;WooCommerce;origen < 2000px (se conserva 1800x1350)
ECOCERAMIC;SAN FRANCISCO;;ECOCERAMIC_AMB_SAN FRANCISCO_GREY_30X60_GRAPHITE_60X60.jpg;ECOCERAMIC_AMB_SAN-FRANCISCO_GREY_GRAPHITE_30X60_60X60_V2.webp;Ambiente;;GREY / GRAPHITE;30X60 / 60X60;;;Baja;5500x4125;1800x1350;17.33;0.38;97.8;SAN FRANCISCO/AMBIENTES/ECOCERAMIC_AMB_SAN FRANCISCO_GREY_30X60_GRAPHITE_60X60.jpg;ECOCERAMIC\SAN FRANCISCO\ECOCERAMIC_AMB_SAN-FRANCISCO_GREY_GRAPHITE_30X60_60X60_V2.webp;;;WooCommerce;nombre desambiguado (_V) | origen < 2000px (se conserva 1800x1350)
ECOCERAMIC;SAN FRANCISCO;;LC-043_26 ECOCERAMIC CASA 1 EXTERIOR SAN FRANCISCO.tif;ECOCERAMIC_AMB_SAN-FRANCISCO_OUTDOOR.webp;Ambiente;;;;OUTDOOR;;Alta;5500x4125;1600x1200;261.45;0.36;99.9;SAN FRANCISCO/AMBIENTES/LC-043_26 ECOCERAMIC CASA 1 EXTERIOR SAN FRANCISCO.tif;ECOCERAMIC\SAN FRANCISCO\ECOCERAMIC_AMB_SAN-FRANCISCO_OUTDOOR.webp;;;WooCommerce;origen < 2000px (se conserva 1600x1200) | sin color detectado en el nombre
ECOCERAMIC;SAN FRANCISCO;;LC-043_26 ECOCERAMIC CASA 1 EXTERIOR SAN FRANCISCO segunda toma.tif;ECOCERAMIC_AMB_SAN-FRANCISCO_OUTDOOR_V2.webp;Ambiente;;;;OUTDOOR;;Alta;2952x3425;1379x1600;262.02;0.57;99.8;SAN FRANCISCO/AMBIENTES/LC-043_26 ECOCERAMIC CASA 1 EXTERIOR SAN FRANCISCO segunda toma.tif;ECOCERAMIC\SAN FRANCISCO\ECOCERAMIC_AMB_SAN-FRANCISCO_OUTDOOR_V2.webp;;;WooCommerce;nombre desambiguado (_V) | origen < 2000px (se conserva 1379x1600) | sin color detectado en el nombre
ECOCERAMIC;SAN FRANCISCO;;ECOCERAMIC_AMB_SAN FRANCISCO_WHITE_AQUAMARINE_60X120_AMBROSSIA_WHITE_120X120.jpg;ECOCERAMIC_AMB_SAN-FRANCISCO_WHITE_AQUAMARINE_60X120_120X120.webp;Ambiente;;WHITE / AQUAMARINE;60X120 / 120X120;;;Baja;3500x2625;1600x1200;7.39;0.38;94.8;SAN FRANCISCO/AMBIENTES/ECOCERAMIC_AMB_SAN FRANCISCO_WHITE_AQUAMARINE_60X120_AMBROSSIA_WHITE_120X120.jpg;ECOCERAMIC\SAN FRANCISCO\ECOCERAMIC_AMB_SAN-FRANCISCO_WHITE_AQUAMARINE_60X120_120X120.webp;ECOCERAMIC\AMBROSSIA\ECOCERAMIC_AMB_SAN-FRANCISCO_WHITE_AQUAMARINE_60X120_120X120.webp;;WooCommerce;origen < 2000px (se conserva 1600x1200)
ECOCERAMIC;SAN FRANCISCO;;SAN FRANCISCO_AQUAMARINE_30X60.jpg;ECOCERAMIC_PZ_SAN-FRANCISCO_AQUAMARINE_30X60.webp;Pieza;;AQUAMARINE;30X60;;;Baja;1857x935;1600x806;1.68;0.54;67.6;SAN FRANCISCO/PIEZAS/SAN FRANCISCO_AQUAMARINE_30X60.jpg;ECOCERAMIC\SAN FRANCISCO\ECOCERAMIC_PZ_SAN-FRANCISCO_AQUAMARINE_30X60.webp;;;WooCommerce;origen < 2000px (se conserva 1600x806)
ECOCERAMIC;SAN FRANCISCO;;SAN FRANCISCO_AQUAMARINE_60X120.jpg;ECOCERAMIC_PZ_SAN-FRANCISCO_AQUAMARINE_60X120.webp;Pieza;;AQUAMARINE;60X120;;;Baja;1871x3713;806x1600;4.81;0.44;90.8;SAN FRANCISCO/PIEZAS/SAN FRANCISCO_AQUAMARINE_60X120.jpg;ECOCERAMIC\SAN FRANCISCO\ECOCERAMIC_PZ_SAN-FRANCISCO_AQUAMARINE_60X120.webp;;;WooCommerce;origen < 2000px (se conserva 806x1600)
ECOCERAMIC;SAN FRANCISCO;;SAN FRANCISCO_AQUAMARINE_60X60.jpg;ECOCERAMIC_PZ_SAN-FRANCISCO_AQUAMARINE_60X60.webp;Pieza;;AQUAMARINE;60X60;;;Baja;1857x1871;1588x1600;3.48;1.09;68.8;SAN FRANCISCO/PIEZAS/SAN FRANCISCO_AQUAMARINE_60X60.jpg;ECOCERAMIC\SAN FRANCISCO\ECOCERAMIC_PZ_SAN-FRANCISCO_AQUAMARINE_60X60.webp;;;WooCommerce;origen < 2000px (se conserva 1588x1600)
ECOCERAMIC;SAN FRANCISCO;;SAN FRANCISCO_BLACK_30X60.jpg;ECOCERAMIC_PZ_SAN-FRANCISCO_BLACK_30X60.webp;Pieza;;BLACK;30X60;;;Baja;1857x935;1600x806;2.27;0.46;79.7;SAN FRANCISCO/PIEZAS/SAN FRANCISCO_BLACK_30X60.jpg;ECOCERAMIC\SAN FRANCISCO\ECOCERAMIC_PZ_SAN-FRANCISCO_BLACK_30X60.webp;;;WooCommerce;origen < 2000px (se conserva 1600x806)
ECOCERAMIC;SAN FRANCISCO;;SAN FRANCISCO_BLACK_60X120.jpg;ECOCERAMIC_PZ_SAN-FRANCISCO_BLACK_60X120.webp;Pieza;;BLACK;60X120;;;Baja;1871x3713;806x1600;5.09;0.37;92.7;SAN FRANCISCO/PIEZAS/SAN FRANCISCO_BLACK_60X120.jpg;ECOCERAMIC\SAN FRANCISCO\ECOCERAMIC_PZ_SAN-FRANCISCO_BLACK_60X120.webp;;;WooCommerce;origen < 2000px (se conserva 806x1600)
ECOCERAMIC;SAN FRANCISCO;;SAN FRANCISCO_BLACK_60X60.jpg;ECOCERAMIC_PZ_SAN-FRANCISCO_BLACK_60X60.webp;Pieza;;BLACK;60X60;;;Baja;1857x1871;1588x1600;4.7;0.92;80.5;SAN FRANCISCO/PIEZAS/SAN FRANCISCO_BLACK_60X60.jpg;ECOCERAMIC\SAN FRANCISCO\ECOCERAMIC_PZ_SAN-FRANCISCO_BLACK_60X60.webp;;;WooCommerce;origen < 2000px (se conserva 1588x1600)
ECOCERAMIC;SAN FRANCISCO;;SAN FRANCISCO_GRAPHITE_30X60.jpg;ECOCERAMIC_PZ_SAN-FRANCISCO_GRAPHITE_30X60.webp;Pieza;;GRAPHITE;30X60;;;Baja;1857x935;1600x806;2.23;0.53;76.2;SAN FRANCISCO/PIEZAS/SAN FRANCISCO_GRAPHITE_30X60.jpg;ECOCERAMIC\SAN FRANCISCO\ECOCERAMIC_PZ_SAN-FRANCISCO_GRAPHITE_30X60.webp;;;WooCommerce;origen < 2000px (se conserva 1600x806)
ECOCERAMIC;SAN FRANCISCO;;SAN FRANCISCO_GRAPHITE_60X120.jpg;ECOCERAMIC_PZ_SAN-FRANCISCO_GRAPHITE_60X120.webp;Pieza;;GRAPHITE;60X120;;;Baja;1871x3713;806x1600;5.37;0.42;92.2;SAN FRANCISCO/PIEZAS/SAN FRANCISCO_GRAPHITE_60X120.jpg;ECOCERAMIC\SAN FRANCISCO\ECOCERAMIC_PZ_SAN-FRANCISCO_GRAPHITE_60X120.webp;;;WooCommerce;origen < 2000px (se conserva 806x1600)
ECOCERAMIC;SAN FRANCISCO;;SAN FRANCISCO_GRAPHITE_60X60.jpg;ECOCERAMIC_PZ_SAN-FRANCISCO_GRAPHITE_60X60.webp;Pieza;;GRAPHITE;60X60;;;Baja;1857x1871;1588x1600;4.61;1.04;77.4;SAN FRANCISCO/PIEZAS/SAN FRANCISCO_GRAPHITE_60X60.jpg;ECOCERAMIC\SAN FRANCISCO\ECOCERAMIC_PZ_SAN-FRANCISCO_GRAPHITE_60X60.webp;;;WooCommerce;origen < 2000px (se conserva 1588x1600)
ECOCERAMIC;SAN FRANCISCO;;SAN FRANCISCO_GREY_30X60.jpg;ECOCERAMIC_PZ_SAN-FRANCISCO_GREY_30X60.webp;Pieza;;GREY;30X60;;;Baja;1857x935;1600x806;2.08;0.5;76.1;SAN FRANCISCO/PIEZAS/SAN FRANCISCO_GREY_30X60.jpg;ECOCERAMIC\SAN FRANCISCO\ECOCERAMIC_PZ_SAN-FRANCISCO_GREY_30X60.webp;;;WooCommerce;origen < 2000px (se conserva 1600x806)
ECOCERAMIC;SAN FRANCISCO;;SAN FRANCISCO_GREY_60X120.jpg;ECOCERAMIC_PZ_SAN-FRANCISCO_GREY_60X120.webp;Pieza;;GREY;60X120;;;Baja;1871x3713;806x1600;4.87;0.38;92.2;SAN FRANCISCO/PIEZAS/SAN FRANCISCO_GREY_60X120.jpg;ECOCERAMIC\SAN FRANCISCO\ECOCERAMIC_PZ_SAN-FRANCISCO_GREY_60X120.webp;;;WooCommerce;origen < 2000px (se conserva 806x1600)
ECOCERAMIC;SAN FRANCISCO;;SAN FRANCISCO_GREY_60X60.jpg;ECOCERAMIC_PZ_SAN-FRANCISCO_GREY_60X60.webp;Pieza;;GREY;60X60;;;Baja;1857x1871;1588x1600;4.22;0.97;77.1;SAN FRANCISCO/PIEZAS/SAN FRANCISCO_GREY_60X60.jpg;ECOCERAMIC\SAN FRANCISCO\ECOCERAMIC_PZ_SAN-FRANCISCO_GREY_60X60.webp;;;WooCommerce;origen < 2000px (se conserva 1588x1600)
ECOCERAMIC;SAN FRANCISCO;;SAN FRANCISCO_WHITE_30X60.jpg;ECOCERAMIC_PZ_SAN-FRANCISCO_WHITE_30X60.webp;Pieza;;WHITE;30X60;;;Baja;1857x935;1600x806;2.2;0.49;77.6;SAN FRANCISCO/PIEZAS/SAN FRANCISCO_WHITE_30X60.jpg;ECOCERAMIC\SAN FRANCISCO\ECOCERAMIC_PZ_SAN-FRANCISCO_WHITE_30X60.webp;;;WooCommerce;origen < 2000px (se conserva 1600x806)
ECOCERAMIC;SAN FRANCISCO;;SAN FRANCISCO_WHITE_60X120.jpg;ECOCERAMIC_PZ_SAN-FRANCISCO_WHITE_60X120.webp;Pieza;;WHITE;60X120;;;Baja;1871x3713;806x1600;5.04;0.37;92.6;SAN FRANCISCO/PIEZAS/SAN FRANCISCO_WHITE_60X120.jpg;ECOCERAMIC\SAN FRANCISCO\ECOCERAMIC_PZ_SAN-FRANCISCO_WHITE_60X120.webp;;;WooCommerce;origen < 2000px (se conserva 806x1600)
ECOCERAMIC;SAN FRANCISCO;;SAN FRANCISCO_WHITE_60X60.jpg;ECOCERAMIC_PZ_SAN-FRANCISCO_WHITE_60X60.webp;Pieza;;WHITE;60X60;;;Baja;1857x1871;1588x1600;4.37;0.96;77.9;SAN FRANCISCO/PIEZAS/SAN FRANCISCO_WHITE_60X60.jpg;ECOCERAMIC\SAN FRANCISCO\ECOCERAMIC_PZ_SAN-FRANCISCO_WHITE_60X60.webp;;;WooCommerce;origen < 2000px (se conserva 1588x1600)
ECOCERAMIC;SIENA;;AMB SIENA BLANCO 60X120.jpg;ECOCERAMIC_AMB_SIENA_BLANCO_60X120.webp;Ambiente;;BLANCO;60X120;;;Baja;5000x3750;2000x1500;11.8;0.3;97.4;SIENA/AMBIENTES/BAJA/AMB SIENA BLANCO 60X120.jpg;ECOCERAMIC\SIENA\ECOCERAMIC_AMB_SIENA_BLANCO_60X120.webp;;;WooCommerce;
ECOCERAMIC;SIENA;;AMB_SIENA_BLANCO_90X90.jpg;ECOCERAMIC_AMB_SIENA_BLANCO_90X90.webp;Ambiente;;BLANCO;90X90;;;Baja;5000x3750;2000x1500;9.5;0.15;98.5;SIENA/AMBIENTES/BAJA/AMB_SIENA_BLANCO_90X90.jpg;ECOCERAMIC\SIENA\ECOCERAMIC_AMB_SIENA_BLANCO_90X90.webp;;SIENA/AMBIENTES/ALTA/AMB_SIENA_BLANCO_90X90.tif;WooCommerce;
ECOCERAMIC;SIENA;;AMB_SIENA_BLANCO_90X90_DETALLE.jpg;ECOCERAMIC_AMB_SIENA_BLANCO_90X90_DETALLE.webp;Ambiente;;BLANCO;90X90;DETALLE;;Baja;5000x3750;2000x1500;10.24;0.16;98.4;SIENA/AMBIENTES/BAJA/AMB_SIENA_BLANCO_90X90_DETALLE.jpg;ECOCERAMIC\SIENA\ECOCERAMIC_AMB_SIENA_BLANCO_90X90_DETALLE.webp;;SIENA/AMBIENTES/ALTA/AMB_SIENA_BLANCO_90X90_DETALLE.tif;WooCommerce;
ECOCERAMIC;SIENA;;AMB SIENA CREMA 60X120.jpg;ECOCERAMIC_AMB_SIENA_CREMA_60X120.webp;Ambiente;;CREMA;60X120;;;Baja;5000x3750;2000x1500;12.92;0.32;97.5;SIENA/AMBIENTES/BAJA/AMB SIENA CREMA 60X120.jpg;ECOCERAMIC\SIENA\ECOCERAMIC_AMB_SIENA_CREMA_60X120.webp;;SIENA/AMBIENTES/ALTA/AMB SIENA CREMA 60X120.tif;WooCommerce;
ECOCERAMIC;SIENA;;AMB_SIENA_CREMA_90X90.jpg;ECOCERAMIC_AMB_SIENA_CREMA_90X90.webp;Ambiente;;CREMA;90X90;;;Baja;5000x3750;2000x1500;10.14;0.16;98.4;SIENA/AMBIENTES/BAJA/AMB_SIENA_CREMA_90X90.jpg;ECOCERAMIC\SIENA\ECOCERAMIC_AMB_SIENA_CREMA_90X90.webp;;SIENA/AMBIENTES/ALTA/AMB_SIENA_CREMA_90X90.tif;WooCommerce;
ECOCERAMIC;SIENA;;AMB_SIENA_CREMA_90X90_DETALLE.jpg;ECOCERAMIC_AMB_SIENA_CREMA_90X90_DETALLE.webp;Ambiente;;CREMA;90X90;DETALLE;;Baja;5000x3750;2000x1500;12.19;0.2;98.4;SIENA/AMBIENTES/BAJA/AMB_SIENA_CREMA_90X90_DETALLE.jpg;ECOCERAMIC\SIENA\ECOCERAMIC_AMB_SIENA_CREMA_90X90_DETALLE.webp;;SIENA/AMBIENTES/ALTA/AMB_SIENA_CREMA_90X90_DETALLE.tif;WooCommerce;
ECOCERAMIC;SIENA;;SIENA BLANCO 60X120.jpg;ECOCERAMIC_PZ_SIENA_BLANCO_60X120.webp;Pieza;;BLANCO;60X120;;;Baja;3713x1871;2000x1008;5.86;0.13;97.8;SIENA/PIEZAS/SIENA BLANCO 60X120.jpg;ECOCERAMIC\SIENA\ECOCERAMIC_PZ_SIENA_BLANCO_60X120.webp;;;WooCommerce;
ECOCERAMIC;SIENA;;SIENA BLANCO 60X60.jpg;ECOCERAMIC_PZ_SIENA_BLANCO_60X60.webp;Pieza;;BLANCO;60X60;;;Baja;1865x1865;1865x1865;2.94;0.35;88.1;SIENA/PIEZAS/SIENA BLANCO 60X60.jpg;ECOCERAMIC\SIENA\ECOCERAMIC_PZ_SIENA_BLANCO_60X60.webp;;;WooCommerce;origen < 2000px (se conserva 1865x1865)
ECOCERAMIC;SIENA;;SIENA BLANCO 90X90.jpg;ECOCERAMIC_PZ_SIENA_BLANCO_90X90.webp;Pieza;;BLANCO;90X90;;;Baja;2792x2792;2000x2000;4.76;0.23;95.2;SIENA/PIEZAS/SIENA BLANCO 90X90.jpg;ECOCERAMIC\SIENA\ECOCERAMIC_PZ_SIENA_BLANCO_90X90.webp;;;WooCommerce;
ECOCERAMIC;SIENA;;SIENA CREMA 60X120.jpg;ECOCERAMIC_PZ_SIENA_CREMA_60X120.webp;Pieza;;CREMA;60X120;;;Baja;3713x1871;2000x1008;6.37;0.24;96.3;SIENA/PIEZAS/SIENA CREMA 60X120.jpg;ECOCERAMIC\SIENA\ECOCERAMIC_PZ_SIENA_CREMA_60X120.webp;;;WooCommerce;
ECOCERAMIC;SIENA;;SIENA CREMA 60X60.jpg;ECOCERAMIC_PZ_SIENA_CREMA_60X60.webp;Pieza;;CREMA;60X60;;;Baja;1865x1865;1800x1800;3.17;0.36;88.6;SIENA/PIEZAS/SIENA CREMA 60X60.jpg;ECOCERAMIC\SIENA\ECOCERAMIC_PZ_SIENA_CREMA_60X60.webp;;;WooCommerce;origen < 2000px (se conserva 1800x1800)
ECOCERAMIC;SIENA;;SIENA CREMA 90X90.jpg;ECOCERAMIC_PZ_SIENA_CREMA_90X90.webp;Pieza;;CREMA;90X90;;;Baja;2792x2792;1800x1800;6.51;0.38;94.2;SIENA/PIEZAS/SIENA CREMA 90X90.jpg;ECOCERAMIC\SIENA\ECOCERAMIC_PZ_SIENA_CREMA_90X90.webp;;;WooCommerce;origen < 2000px (se conserva 1800x1800)
ECOCERAMIC;SOUTHWELL CROSS;;AMB_SOUTHWELL CROS-VEIN BONE 100X100-2.jpg;ECOCERAMIC_AMB_SOUTHWELL-CROSS_BONE_100X100_02.webp;Ambiente;;BONE;100X100;;;Baja;5000x4000;2000x1600;7.36;0.07;99.1;SOUTHWELL CROSS/AMBIENTES/BAJA/AMB_SOUTHWELL CROS-VEIN BONE 100X100-2.jpg;ECOCERAMIC\SOUTHWELL CROSS\ECOCERAMIC_AMB_SOUTHWELL-CROSS_BONE_100X100_02.webp;;SOUTHWELL CROSS/AMBIENTES/ALTA/AMB_SOUTHWELL CROS-VEIN BONE 100X100-2.tif;WooCommerce;
ECOCERAMIC;SOUTHWELL CROSS;;AMB_SOUTHWELL CROSS-VEIN BONE 120X120-1.jpg;ECOCERAMIC_AMB_SOUTHWELL-CROSS_BONE_120X120_01.webp;Ambiente;;BONE;120X120;;;Baja;5000x4500;2000x1800;12.29;0.24;98.0;SOUTHWELL CROSS/AMBIENTES/BAJA/AMB_SOUTHWELL CROSS-VEIN BONE 120X120-1.jpg;ECOCERAMIC\SOUTHWELL CROSS\ECOCERAMIC_AMB_SOUTHWELL-CROSS_BONE_120X120_01.webp;;SOUTHWELL CROSS/AMBIENTES/ALTA/AMB_SOUTHWELL CROSS-VEIN BONE 120X120-1.tif;WooCommerce;
ECOCERAMIC;SOUTHWELL CROSS;;AMB_SOUTHWELL CROSS BONE 120X120_1.jpg;ECOCERAMIC_AMB_SOUTHWELL-CROSS_BONE_120X120_01_V2.webp;Ambiente;;BONE;120X120;;;Baja;5000x4000;2000x1600;9.89;0.11;98.8;SOUTHWELL CROSS/AMBIENTES/BAJA/AMB_SOUTHWELL CROSS BONE 120X120_1.jpg;ECOCERAMIC\SOUTHWELL CROSS\ECOCERAMIC_AMB_SOUTHWELL-CROSS_BONE_120X120_01_V2.webp;;SOUTHWELL CROSS/AMBIENTES/ALTA/AMB_SOUTHWELL CROSS BONE 120X120_1.tif;WooCommerce;nombre desambiguado (_V)
ECOCERAMIC;SOUTHWELL CROSS;;AMB_SOUTHWELL CROSS BONE 120X120-60x120_1.jpg;ECOCERAMIC_AMB_SOUTHWELL-CROSS_BONE_120X120_60X120_01.webp;Ambiente;;BONE;120X120 / 60X120;;;Baja;5000x4000;2000x1600;9.75;0.14;98.6;SOUTHWELL CROSS/AMBIENTES/BAJA/AMB_SOUTHWELL CROSS BONE 120X120-60x120_1.jpg;ECOCERAMIC\SOUTHWELL CROSS\ECOCERAMIC_AMB_SOUTHWELL-CROSS_BONE_120X120_60X120_01.webp;;SOUTHWELL CROSS/AMBIENTES/ALTA/AMB_SOUTHWELL CROSS BONE 120X120-60x120_1.tif;WooCommerce;
ECOCERAMIC;SOUTHWELL CROSS;;AMB_SOUTHWELL CROSS-VEIN GREY 120X120-1.jpg;ECOCERAMIC_AMB_SOUTHWELL-CROSS_GREY_120X120_01.webp;Ambiente;;GREY;120X120;;;Baja;5000x4500;2000x1800;11.84;0.26;97.8;SOUTHWELL CROSS/AMBIENTES/BAJA/AMB_SOUTHWELL CROSS-VEIN GREY 120X120-1.jpg;ECOCERAMIC\SOUTHWELL CROSS\ECOCERAMIC_AMB_SOUTHWELL-CROSS_GREY_120X120_01.webp;;SOUTHWELL CROSS/AMBIENTES/ALTA/AMB_SOUTHWELL CROSS-VEIN GREY 120X120-1.tif;WooCommerce;
ECOCERAMIC;SOUTHWELL CROSS;;AMB_SOUTHWELL CROS-VEIN PEARL 100X100-2.jpg;ECOCERAMIC_AMB_SOUTHWELL-CROSS_PEARL_100X100_02.webp;Ambiente;;PEARL;100X100;;;Baja;5000x4000;2000x1600;7.07;0.07;99.1;SOUTHWELL CROSS/AMBIENTES/BAJA/AMB_SOUTHWELL CROS-VEIN PEARL 100X100-2.jpg;ECOCERAMIC\SOUTHWELL CROSS\ECOCERAMIC_AMB_SOUTHWELL-CROSS_PEARL_100X100_02.webp;;SOUTHWELL CROSS/AMBIENTES/ALTA/AMB_SOUTHWELL CROS-VEIN PEARL 100X100-2.tif;WooCommerce;
ECOCERAMIC;SOUTHWELL CROSS;;AMB_SOUTHWELL CROSS PEARL 120X120_1.jpg;ECOCERAMIC_AMB_SOUTHWELL-CROSS_PEARL_120X120_01.webp;Ambiente;;PEARL;120X120;;;Baja;5000x4000;2000x1600;10.42;0.14;98.6;SOUTHWELL CROSS/AMBIENTES/BAJA/AMB_SOUTHWELL CROSS PEARL 120X120_1.jpg;ECOCERAMIC\SOUTHWELL CROSS\ECOCERAMIC_AMB_SOUTHWELL-CROSS_PEARL_120X120_01.webp;;SOUTHWELL CROSS/AMBIENTES/ALTA/AMB_SOUTHWELL CROSS PEARL 120X120_1.tif;WooCommerce;
ECOCERAMIC;SOUTHWELL CROSS;;AMB_SOUTHWELL CROSS PEARL 120X120-60x120_1.jpg;ECOCERAMIC_AMB_SOUTHWELL-CROSS_PEARL_120X120_60X120_01.webp;Ambiente;;PEARL;120X120 / 60X120;;;Baja;5000x4000;2000x1600;8.9;0.13;98.6;SOUTHWELL CROSS/AMBIENTES/BAJA/AMB_SOUTHWELL CROSS PEARL 120X120-60x120_1.jpg;ECOCERAMIC\SOUTHWELL CROSS\ECOCERAMIC_AMB_SOUTHWELL-CROSS_PEARL_120X120_60X120_01.webp;;SOUTHWELL CROSS/AMBIENTES/ALTA/AMB_SOUTHWELL CROSS PEARL 120X120-60x120_1.tif;WooCommerce;
ECOCERAMIC;SOUTHWELL CROSS;;AMB_SOUTHWELL CROSS-VEIN WHITE 120X120-1.jpg;ECOCERAMIC_AMB_SOUTHWELL-CROSS_WHITE_120X120_01.webp;Ambiente;;WHITE;120X120;;;Baja;5000x4500;2000x1800;11.9;0.22;98.1;SOUTHWELL CROSS/AMBIENTES/BAJA/AMB_SOUTHWELL CROSS-VEIN WHITE 120X120-1.jpg;ECOCERAMIC\SOUTHWELL CROSS\ECOCERAMIC_AMB_SOUTHWELL-CROSS_WHITE_120X120_01.webp;;SOUTHWELL CROSS/AMBIENTES/ALTA/AMB_SOUTHWELL CROSS-VEIN WHITE 120X120-1.tif;WooCommerce;
ECOCERAMIC;SOUTHWELL CROSS;;AMB_SOUTHWELL CROSS WHITE 120X120_1.jpg;ECOCERAMIC_AMB_SOUTHWELL-CROSS_WHITE_120X120_01_V2.webp;Ambiente;;WHITE;120X120;;;Baja;5000x4000;2000x1600;9.88;0.11;98.9;SOUTHWELL CROSS/AMBIENTES/BAJA/AMB_SOUTHWELL CROSS WHITE 120X120_1.jpg;ECOCERAMIC\SOUTHWELL CROSS\ECOCERAMIC_AMB_SOUTHWELL-CROSS_WHITE_120X120_01_V2.webp;;SOUTHWELL CROSS/AMBIENTES/ALTA/AMB_SOUTHWELL CROSS WHITE 120X120_1.tif;WooCommerce;nombre desambiguado (_V)
ECOCERAMIC;SOUTHWELL CROSS;;AMB_SOUTHWELL CROSS WHITE 120X120-60x120_1.jpg;ECOCERAMIC_AMB_SOUTHWELL-CROSS_WHITE_120X120_60X120_01.webp;Ambiente;;WHITE;120X120 / 60X120;;;Baja;5000x4000;2000x1600;8.37;0.08;99.1;SOUTHWELL CROSS/AMBIENTES/BAJA/AMB_SOUTHWELL CROSS WHITE 120X120-60x120_1.jpg;ECOCERAMIC\SOUTHWELL CROSS\ECOCERAMIC_AMB_SOUTHWELL-CROSS_WHITE_120X120_60X120_01.webp;;SOUTHWELL CROSS/AMBIENTES/ALTA/AMB_SOUTHWELL CROSS WHITE 120X120-60x120_1.tif;WooCommerce;
ECOCERAMIC;SOUTHWELL CROSS;;PZ_SOUTHWELL CROSS BONE 100X100.jpg;ECOCERAMIC_PZ_SOUTHWELL-CROSS_BONE_100X100.webp;Pieza;;BONE;100X100;;;Baja;5905x5905;1600x1600;42.97;0.43;99.0;SOUTHWELL CROSS/PIEZAS/ALTA/PZ_SOUTHWELL CROSS BONE 100X100.jpg;ECOCERAMIC\SOUTHWELL CROSS\ECOCERAMIC_PZ_SOUTHWELL-CROSS_BONE_100X100.webp;;SOUTHWELL CROSS/PIEZAS/BAJA/PZ_SOUTHWELL CROSS BONE 100X100.jpg;WooCommerce;origen < 2000px (se conserva 1600x1600)
ECOCERAMIC;SOUTHWELL CROSS;;PZ_SOUTHWELL CROSS BONE 120X120.jpg;ECOCERAMIC_PZ_SOUTHWELL-CROSS_BONE_120X120.webp;Pieza;;BONE;120X120;;;Baja;4126x4126;1600x1600;19.18;0.47;97.6;SOUTHWELL CROSS/PIEZAS/ALTA/PZ_SOUTHWELL CROSS BONE 120X120.jpg;ECOCERAMIC\SOUTHWELL CROSS\ECOCERAMIC_PZ_SOUTHWELL-CROSS_BONE_120X120.webp;;SOUTHWELL CROSS/PIEZAS/BAJA/PZ_SOUTHWELL CROSS BONE 120X120.jpg;WooCommerce;origen < 2000px (se conserva 1600x1600)
ECOCERAMIC;SOUTHWELL CROSS;;PZ_SOUTHWELL CROSS BONE 60X120.jpg;ECOCERAMIC_PZ_SOUTHWELL-CROSS_BONE_60X120.webp;Pieza;;BONE;60X120;;;Baja;7736x3898;2000x1008;36.37;0.33;99.1;SOUTHWELL CROSS/PIEZAS/ALTA/PZ_SOUTHWELL CROSS BONE 60X120.jpg;ECOCERAMIC\SOUTHWELL CROSS\ECOCERAMIC_PZ_SOUTHWELL-CROSS_BONE_60X120.webp;;SOUTHWELL CROSS/PIEZAS/BAJA/PZ_SOUTHWELL CROSS BONE 60X120.jpg;WooCommerce;
ECOCERAMIC;SOUTHWELL CROSS;;PZ_SOUTHWELL CROSS BONE 60X60.jpg;ECOCERAMIC_PZ_SOUTHWELL-CROSS_BONE_60X60.webp;Pieza;;BONE;60X60;;;Baja;3898x3898;1600x1600;19.23;0.57;97.1;SOUTHWELL CROSS/PIEZAS/ALTA/PZ_SOUTHWELL CROSS BONE 60X60.jpg;ECOCERAMIC\SOUTHWELL CROSS\ECOCERAMIC_PZ_SOUTHWELL-CROSS_BONE_60X60.webp;;SOUTHWELL CROSS/PIEZAS/BAJA/PZ_SOUTHWELL CROSS BONE 60X60.jpg;WooCommerce;origen < 2000px (se conserva 1600x1600)
ECOCERAMIC;SOUTHWELL CROSS;;PZ_SOUTHWELL CROSS PEARL 100X100.jpg;ECOCERAMIC_PZ_SOUTHWELL-CROSS_PEARL_100X100.webp;Pieza;;PEARL;100X100;;;Baja;5905x5905;1600x1600;32.9;0.54;98.4;SOUTHWELL CROSS/PIEZAS/ALTA/PZ_SOUTHWELL CROSS PEARL 100X100.jpg;ECOCERAMIC\SOUTHWELL CROSS\ECOCERAMIC_PZ_SOUTHWELL-CROSS_PEARL_100X100.webp;;SOUTHWELL CROSS/PIEZAS/BAJA/PZ_SOUTHWELL CROSS PEARL 100X100.jpg;WooCommerce;origen < 2000px (se conserva 1600x1600)
ECOCERAMIC;SOUTHWELL CROSS;;PZ_SOUTHWELL CROSS PEARL 120X120.jpg;ECOCERAMIC_PZ_SOUTHWELL-CROSS_PEARL_120X120.webp;Pieza;;PEARL;120X120;;;Baja;4126x4126;1600x1600;16.75;0.57;96.6;SOUTHWELL CROSS/PIEZAS/ALTA/PZ_SOUTHWELL CROSS PEARL 120X120.jpg;ECOCERAMIC\SOUTHWELL CROSS\ECOCERAMIC_PZ_SOUTHWELL-CROSS_PEARL_120X120.webp;;SOUTHWELL CROSS/PIEZAS/BAJA/PZ_SOUTHWELL CROSS PEARL 120X120.jpg;WooCommerce;origen < 2000px (se conserva 1600x1600)
ECOCERAMIC;SOUTHWELL CROSS;;PZ_SOUTHWELL CROSS PEARL 60X120.jpg;ECOCERAMIC_PZ_SOUTHWELL-CROSS_PEARL_60X120.webp;Pieza;;PEARL;60X120;;;Baja;7736x3898;1800x907;29.28;0.37;98.8;SOUTHWELL CROSS/PIEZAS/ALTA/PZ_SOUTHWELL CROSS PEARL 60X120.jpg;ECOCERAMIC\SOUTHWELL CROSS\ECOCERAMIC_PZ_SOUTHWELL-CROSS_PEARL_60X120.webp;;SOUTHWELL CROSS/PIEZAS/BAJA/PZ_SOUTHWELL CROSS PEARL 60X120.jpg;WooCommerce;origen < 2000px (se conserva 1800x907)
ECOCERAMIC;SOUTHWELL CROSS;;PZ_SOUTHWELL CROSS PEARL 60X60.jpg;ECOCERAMIC_PZ_SOUTHWELL-CROSS_PEARL_60X60.webp;Pieza;;PEARL;60X60;;;Baja;3898x3898;1600x1600;14.27;0.59;95.9;SOUTHWELL CROSS/PIEZAS/ALTA/PZ_SOUTHWELL CROSS PEARL 60X60.jpg;ECOCERAMIC\SOUTHWELL CROSS\ECOCERAMIC_PZ_SOUTHWELL-CROSS_PEARL_60X60.webp;;SOUTHWELL CROSS/PIEZAS/BAJA/PZ_SOUTHWELL CROSS PEARL 60X60.jpg;WooCommerce;origen < 2000px (se conserva 1600x1600)
ECOCERAMIC;SOUTHWELL CROSS;;PZ_SOUTHWELL CROSS WHITE 100X100.jpg;ECOCERAMIC_PZ_SOUTHWELL-CROSS_WHITE_100X100.webp;Pieza;;WHITE;100X100;;;Baja;5905x5905;1800x1800;28.76;0.34;98.8;SOUTHWELL CROSS/PIEZAS/ALTA/PZ_SOUTHWELL CROSS WHITE 100X100.jpg;ECOCERAMIC\SOUTHWELL CROSS\ECOCERAMIC_PZ_SOUTHWELL-CROSS_WHITE_100X100.webp;;SOUTHWELL CROSS/PIEZAS/BAJA/PZ_SOUTHWELL CROSS WHITE 100X100.jpg;WooCommerce;origen < 2000px (se conserva 1800x1800)
ECOCERAMIC;SOUTHWELL CROSS;;PZ_SOUTHWELL CROSS WHITE 120X120.jpg;ECOCERAMIC_PZ_SOUTHWELL-CROSS_WHITE_120X120.webp;Pieza;;WHITE;120X120;;;Baja;4126x4126;1800x1800;13.69;0.39;97.2;SOUTHWELL CROSS/PIEZAS/ALTA/PZ_SOUTHWELL CROSS WHITE 120X120.jpg;ECOCERAMIC\SOUTHWELL CROSS\ECOCERAMIC_PZ_SOUTHWELL-CROSS_WHITE_120X120.webp;;SOUTHWELL CROSS/PIEZAS/BAJA/PZ_SOUTHWELL CROSS WHITE 120X120.jpg;WooCommerce;origen < 2000px (se conserva 1800x1800)
ECOCERAMIC;SOUTHWELL CROSS;;PZ_SOUTHWELL CROSS WHITE 60X120.jpg;ECOCERAMIC_PZ_SOUTHWELL-CROSS_WHITE_60X120.webp;Pieza;;WHITE;60X120;;;Baja;7736x3898;2000x1008;24.66;0.14;99.4;SOUTHWELL CROSS/PIEZAS/ALTA/PZ_SOUTHWELL CROSS WHITE 60X120.jpg;ECOCERAMIC\SOUTHWELL CROSS\ECOCERAMIC_PZ_SOUTHWELL-CROSS_WHITE_60X120.webp;;SOUTHWELL CROSS/PIEZAS/BAJA/PZ_SOUTHWELL CROSS WHITE 60X120.jpg;WooCommerce;
ECOCERAMIC;SOUTHWELL CROSS;;PZ_SOUTHWELL CROSS WHITE 60X60.jpg;ECOCERAMIC_PZ_SOUTHWELL-CROSS_WHITE_60X60.webp;Pieza;;WHITE;60X60;;;Baja;3898x3898;1800x1800;12.39;0.39;96.9;SOUTHWELL CROSS/PIEZAS/ALTA/PZ_SOUTHWELL CROSS WHITE 60X60.jpg;ECOCERAMIC\SOUTHWELL CROSS\ECOCERAMIC_PZ_SOUTHWELL-CROSS_WHITE_60X60.webp;;SOUTHWELL CROSS/PIEZAS/BAJA/PZ_SOUTHWELL CROSS WHITE 60X60.jpg;WooCommerce;origen < 2000px (se conserva 1800x1800)
ECOCERAMIC;TIVOLI CROSS;;ECOCERAMIC_TIVOLI VEIN CLASSIC_60X120.jpg;ECOCERAMIC_AMB_TIVOLI-CROSS_CLASSIC_60X120.webp;Ambiente;;CLASSIC;60X120;;;Baja;2953x3425;1724x2000;4.58;0.2;95.5;TIVOLI CROSS/AMBIENTES/ECOCERAMIC_TIVOLI VEIN CLASSIC_60X120.jpg;ECOCERAMIC\TIVOLI CROSS\ECOCERAMIC_AMB_TIVOLI-CROSS_CLASSIC_60X120.webp;ECOCERAMIC\TIVOLI VEIN\ECOCERAMIC_AMB_TIVOLI-CROSS_CLASSIC_60X120.webp;TIVOLI CROSS/AMBIENTES/ECOCERAMIC_TIVOLI VEIN CLASSIC_60X120.tif;WooCommerce;
ECOCERAMIC;TIVOLI CROSS;;ECOCERAMIC_TIVOLI CROSS CLASSIC_60X120_TIVOLI CROSS CLASSIC_120X120.jpg;ECOCERAMIC_AMB_TIVOLI-CROSS_CLASSIC_60X120_120X120.webp;Ambiente;;CLASSIC;60X120 / 120X120;;;Baja;5333x4000;2000x1500;14.8;0.37;97.5;TIVOLI CROSS/AMBIENTES/ECOCERAMIC_TIVOLI CROSS CLASSIC_60X120_TIVOLI CROSS CLASSIC_120X120.jpg;ECOCERAMIC\TIVOLI CROSS\ECOCERAMIC_AMB_TIVOLI-CROSS_CLASSIC_60X120_120X120.webp;;TIVOLI CROSS/AMBIENTES/ECOCERAMIC_TIVOLI CROSS CLASSIC_60X120_TIVOLI CROSS CLASSIC_120X120.tif;WooCommerce;
ECOCERAMIC;TIVOLI CROSS;;ECOCERAMIC_TIVOLI_CROSS_CLASSIC_60X120_ECOSTEP_33,3X120.jpg;ECOCERAMIC_AMB_TIVOLI-CROSS_CLASSIC_60X120_33.3X120.webp;Ambiente;;CLASSIC;60X120 / 33.3X120;;;Baja;5333x4000;2000x1500;12.26;0.24;98.0;TIVOLI CROSS/AMBIENTES/ECOCERAMIC_TIVOLI_CROSS_CLASSIC_60X120_ECOSTEP_33,3X120.jpg;ECOCERAMIC\TIVOLI CROSS\ECOCERAMIC_AMB_TIVOLI-CROSS_CLASSIC_60X120_33.3X120.webp;;TIVOLI CROSS/AMBIENTES/ECOCERAMIC_TIVOLI_CROSS_CLASSIC_60X120_ECOSTEP_33,3X120.tif;WooCommerce;
ECOCERAMIC;TIVOLI CROSS;;ECOCERAMIC_TIVOLI_CROSS_IVORY_60X120_ECOSTEP_33,3X120.jpg;ECOCERAMIC_AMB_TIVOLI-CROSS_IVORY_60X120_33.3X120.webp;Ambiente;;IVORY;60X120 / 33.3X120;;;Baja;5333x4000;2000x1500;5.1;0.27;94.7;TIVOLI CROSS/AMBIENTES/ECOCERAMIC_TIVOLI_CROSS_IVORY_60X120_ECOSTEP_33,3X120.jpg;ECOCERAMIC\TIVOLI CROSS\ECOCERAMIC_AMB_TIVOLI-CROSS_IVORY_60X120_33.3X120.webp;;TIVOLI CROSS/AMBIENTES/ECOCERAMIC_TIVOLI_CROSS_IVORY_60X120_ECOSTEP_33,3X120.tif;WooCommerce;
ECOCERAMIC;TIVOLI CROSS;;ECOCERAMIC_TIVOLI VEIN CLASSIC_RLV.60X120_TIVOLI CROSS CLASSIC_60X120_TIVOLI CROSS CLASSIC_120X120.jpg;ECOCERAMIC_AMB_TIVOLI-CROSS_RLV_CLASSIC_60X120_120X120.webp;Ambiente;RLV;CLASSIC;60X120 / 120X120;;;Baja;3500x2625;2000x1500;5.79;0.35;94.0;TIVOLI CROSS/AMBIENTES/ECOCERAMIC_TIVOLI VEIN CLASSIC_RLV.60X120_TIVOLI CROSS CLASSIC_60X120_TIVOLI CROSS CLASSIC_120X120.jpg;ECOCERAMIC\TIVOLI CROSS\ECOCERAMIC_AMB_TIVOLI-CROSS_RLV_CLASSIC_60X120_120X120.webp;ECOCERAMIC\TIVOLI VEIN\ECOCERAMIC_AMB_TIVOLI-CROSS_RLV_CLASSIC_60X120_120X120.webp;TIVOLI CROSS/AMBIENTES/ECOCERAMIC_TIVOLI VEIN CLASSIC_RLV.60X120_TIVOLI CROSS CLASSIC_60X120_TIVOLI CROSS CLASSIC_120X120.tif;WooCommerce;
ECOCERAMIC;TIVOLI CROSS;;TIVOLI_CROSS_CLASSIC_100X100.jpg;ECOCERAMIC_PZ_TIVOLI-CROSS_CLASSIC_100X100.webp;Pieza;;CLASSIC;100X100;;;Baja;2757x2793;1974x2000;5.12;0.35;93.1;TIVOLI CROSS/PIEZAS/TIVOLI_CROSS_CLASSIC_100X100.jpg;ECOCERAMIC\TIVOLI CROSS\ECOCERAMIC_PZ_TIVOLI-CROSS_CLASSIC_100X100.webp;;;WooCommerce;
ECOCERAMIC;TIVOLI CROSS;;TIVOLI_CROSS_CLASSIC_120X120.jpg;ECOCERAMIC_PZ_TIVOLI-CROSS_CLASSIC_120X120.webp;Pieza;;CLASSIC;120X120;;;Baja;3691x3724;1982x2000;9.12;0.34;96.3;TIVOLI CROSS/PIEZAS/TIVOLI_CROSS_CLASSIC_120X120.jpg;ECOCERAMIC\TIVOLI CROSS\ECOCERAMIC_PZ_TIVOLI-CROSS_CLASSIC_120X120.webp;;;WooCommerce;
ECOCERAMIC;TIVOLI CROSS;;TIVOLI_CROSS_CLASSIC_60X120.jpg;ECOCERAMIC_PZ_TIVOLI-CROSS_CLASSIC_60X120.webp;Pieza;;CLASSIC;60X120;;;Baja;3691x1862;2000x1009;4.61;0.17;96.3;TIVOLI CROSS/PIEZAS/TIVOLI_CROSS_CLASSIC_60X120.jpg;ECOCERAMIC\TIVOLI CROSS\ECOCERAMIC_PZ_TIVOLI-CROSS_CLASSIC_60X120.webp;;;WooCommerce;
ECOCERAMIC;TIVOLI CROSS;;TIVOLI_CROSS_CLASSIC_60X60.jpg;ECOCERAMIC_PZ_TIVOLI-CROSS_CLASSIC_60X60.webp;Pieza;;CLASSIC;60X60;;;Baja;1072x1081;1072x1081;0.86;0.15;82.8;TIVOLI CROSS/PIEZAS/TIVOLI_CROSS_CLASSIC_60X60.jpg;ECOCERAMIC\TIVOLI CROSS\ECOCERAMIC_PZ_TIVOLI-CROSS_CLASSIC_60X60.webp;;;WooCommerce;origen < 2000px (se conserva 1072x1081)
ECOCERAMIC;TIVOLI CROSS;;TIVOLI_CROSS_IVORY_100X100.jpg;ECOCERAMIC_PZ_TIVOLI-CROSS_IVORY_100X100.webp;Pieza;;IVORY;100X100;;;Baja;2757x2793;1579x1600;5.67;0.33;94.1;TIVOLI CROSS/PIEZAS/TIVOLI_CROSS_IVORY_100X100.jpg;ECOCERAMIC\TIVOLI CROSS\ECOCERAMIC_PZ_TIVOLI-CROSS_IVORY_100X100.webp;;;WooCommerce;origen < 2000px (se conserva 1579x1600)
ECOCERAMIC;TIVOLI CROSS;;TIVOLI_CROSS_IVORY_120X120.jpg;ECOCERAMIC_PZ_TIVOLI-CROSS_IVORY_120X120.webp;Pieza;;IVORY;120X120;;;Baja;3691x3724;1586x1600;10.17;0.39;96.2;TIVOLI CROSS/PIEZAS/TIVOLI_CROSS_IVORY_120X120.jpg;ECOCERAMIC\TIVOLI CROSS\ECOCERAMIC_PZ_TIVOLI-CROSS_IVORY_120X120.webp;;;WooCommerce;origen < 2000px (se conserva 1586x1600)
ECOCERAMIC;TIVOLI CROSS;;TIVOLI_CROSS_IVORY_60X120.jpg;ECOCERAMIC_PZ_TIVOLI-CROSS_IVORY_60X120.webp;Pieza;;IVORY;60X120;;;Baja;3691x1862;2000x1009;5.08;0.27;94.7;TIVOLI CROSS/PIEZAS/TIVOLI_CROSS_IVORY_60X120.jpg;ECOCERAMIC\TIVOLI CROSS\ECOCERAMIC_PZ_TIVOLI-CROSS_IVORY_60X120.webp;;;WooCommerce;
ECOCERAMIC;TIVOLI CROSS;;TIVOLI_CROSS_IVORY_60X60.jpg;ECOCERAMIC_PZ_TIVOLI-CROSS_IVORY_60X60.webp;Pieza;;IVORY;60X60;;;Baja;1072x1081;1072x1081;1.02;0.21;79.2;TIVOLI CROSS/PIEZAS/TIVOLI_CROSS_IVORY_60X60.jpg;ECOCERAMIC\TIVOLI CROSS\ECOCERAMIC_PZ_TIVOLI-CROSS_IVORY_60X60.webp;;;WooCommerce;origen < 2000px (se conserva 1072x1081)
ECOCERAMIC;TIVOLI CROSS;;RLV_TIVOLI_CROSS_CLASSIC_60X120.jpg;ECOCERAMIC_PZ_TIVOLI-CROSS_RLV_CLASSIC_60X120.webp;Pieza;RLV;CLASSIC;60X120;;;Baja;3691x1862;2000x1009;4.36;0.11;97.4;TIVOLI CROSS/PIEZAS/RLV_TIVOLI_CROSS_CLASSIC_60X120.jpg;ECOCERAMIC\TIVOLI CROSS\ECOCERAMIC_PZ_TIVOLI-CROSS_RLV_CLASSIC_60X120.webp;;;WooCommerce;
ECOCERAMIC;TIVOLI CROSS;;RLV_TIVOLI_CROSS_IVORY_60X120.jpg;ECOCERAMIC_PZ_TIVOLI-CROSS_RLV_IVORY_60X120.webp;Pieza;RLV;IVORY;60X120;;;Baja;3691x1862;2000x1009;4.81;0.18;96.2;TIVOLI CROSS/PIEZAS/RLV_TIVOLI_CROSS_IVORY_60X120.jpg;ECOCERAMIC\TIVOLI CROSS\ECOCERAMIC_PZ_TIVOLI-CROSS_RLV_IVORY_60X120.webp;;;WooCommerce;
ECOCERAMIC;TIVOLI VEIN;;ECOCERAMIC_AMB_TIVOLI_VEIN_CLASSIC_100X100.jpg;ECOCERAMIC_AMB_TIVOLI-VEIN_CLASSIC_100X100.webp;Ambiente;;CLASSIC;100X100;;;Baja;5333x4000;2000x1500;12.51;0.19;98.5;TIVOLI VEIN/AMBINETES/ECOCERAMIC_AMB_TIVOLI_VEIN_CLASSIC_100X100.jpg;ECOCERAMIC\TIVOLI VEIN\ECOCERAMIC_AMB_TIVOLI-VEIN_CLASSIC_100X100.webp;;TIVOLI VEIN/AMBINETES/ECOCERAMIC_AMB_TIVOLI_VEIN_CLASSIC_100X100.tif;WooCommerce;
ECOCERAMIC;TIVOLI VEIN;;ECOCERAMIC_AMB_TIVOLI_VEIN_CLASSIC_60X120.jpg;ECOCERAMIC_AMB_TIVOLI-VEIN_CLASSIC_60X120.webp;Ambiente;;CLASSIC;60X120;;;Baja;5333x4000;2000x1500;14.55;0.38;97.4;TIVOLI VEIN/AMBINETES/ECOCERAMIC_AMB_TIVOLI_VEIN_CLASSIC_60X120.jpg;ECOCERAMIC\TIVOLI VEIN\ECOCERAMIC_AMB_TIVOLI-VEIN_CLASSIC_60X120.webp;;TIVOLI VEIN/AMBINETES/ECOCERAMIC_AMB_TIVOLI_VEIN_CLASSIC_60X120.tif;WooCommerce;
ECOCERAMIC;TIVOLI VEIN;;ECOCERAMIC_AMB_TIVOLI_VEIN_IVORY_100X100.jpg;ECOCERAMIC_AMB_TIVOLI-VEIN_IVORY_100X100.webp;Ambiente;;IVORY;100X100;;;Baja;5333x4000;2000x1500;12.86;0.19;98.5;TIVOLI VEIN/AMBINETES/ECOCERAMIC_AMB_TIVOLI_VEIN_IVORY_100X100.jpg;ECOCERAMIC\TIVOLI VEIN\ECOCERAMIC_AMB_TIVOLI-VEIN_IVORY_100X100.webp;;TIVOLI VEIN/AMBINETES/ECOCERAMIC_AMB_TIVOLI_VEIN_IVORY_100X100.tif;WooCommerce;
ECOCERAMIC;TIVOLI VEIN;;ECOCERAMIC_AMB_TIVOLI_VEIN_IVOLY_60X120.jpg;ECOCERAMIC_AMB_TIVOLI-VEIN_IVORY_60X120.webp;Ambiente;;IVORY;60X120;;;Baja;5333x4000;2000x1500;14.41;0.37;97.5;TIVOLI VEIN/AMBINETES/ECOCERAMIC_AMB_TIVOLI_VEIN_IVOLY_60X120.jpg;ECOCERAMIC\TIVOLI VEIN\ECOCERAMIC_AMB_TIVOLI-VEIN_IVORY_60X120.webp;;TIVOLI VEIN/AMBINETES/ECOCERAMIC_AMB_TIVOLI_VEIN_IVOLY_60X120.tif;WooCommerce;
ECOCERAMIC;TIVOLI VEIN;;TIVOLI_VEIN_CLASSIC_100X100.jpg;ECOCERAMIC_PZ_TIVOLI-VEIN_CLASSIC_100X100.webp;Pieza;;CLASSIC;100X100;;;Baja;2757x2793;1777x1800;5.42;0.34;93.8;TIVOLI VEIN/PIEZAS/TIVOLI_VEIN_CLASSIC_100X100.jpg;ECOCERAMIC\TIVOLI VEIN\ECOCERAMIC_PZ_TIVOLI-VEIN_CLASSIC_100X100.webp;;;WooCommerce;origen < 2000px (se conserva 1777x1800)
ECOCERAMIC;TIVOLI VEIN;;TIVOLI_VEIN_CLASSIC_120X120.jpg;ECOCERAMIC_PZ_TIVOLI-VEIN_CLASSIC_120X120.webp;Pieza;;CLASSIC;120X120;;;Baja;3691x3724;1784x1800;9.94;0.35;96.4;TIVOLI VEIN/PIEZAS/TIVOLI_VEIN_CLASSIC_120X120.jpg;ECOCERAMIC\TIVOLI VEIN\ECOCERAMIC_PZ_TIVOLI-VEIN_CLASSIC_120X120.webp;;;WooCommerce;origen < 2000px (se conserva 1784x1800)
ECOCERAMIC;TIVOLI VEIN;;TIVOLI_VEIN_CLASSIC_60X120.jpg;ECOCERAMIC_PZ_TIVOLI-VEIN_CLASSIC_60X120.webp;Pieza;;CLASSIC;60X120;;;Baja;3691x1862;2000x1009;4.96;0.2;96.0;TIVOLI VEIN/PIEZAS/TIVOLI_VEIN_CLASSIC_60X120.jpg;ECOCERAMIC\TIVOLI VEIN\ECOCERAMIC_PZ_TIVOLI-VEIN_CLASSIC_60X120.webp;;;WooCommerce;
ECOCERAMIC;TIVOLI VEIN;;TIVOLI_VEIN_IVORY_100X100.jpg;ECOCERAMIC_PZ_TIVOLI-VEIN_IVORY_100X100.webp;Pieza;;IVORY;100X100;;;Baja;2757x2793;1579x1600;5.88;0.38;93.6;TIVOLI VEIN/PIEZAS/TIVOLI_VEIN_IVORY_100X100.jpg;ECOCERAMIC\TIVOLI VEIN\ECOCERAMIC_PZ_TIVOLI-VEIN_IVORY_100X100.webp;;;WooCommerce;origen < 2000px (se conserva 1579x1600)
ECOCERAMIC;TIVOLI VEIN;;TIVOLI_VEIN_IVORY_120X120.jpg;ECOCERAMIC_PZ_TIVOLI-VEIN_IVORY_120X120.webp;Pieza;;IVORY;120X120;;;Baja;3691x3724;1586x1600;10.87;0.33;97.0;TIVOLI VEIN/PIEZAS/TIVOLI_VEIN_IVORY_120X120.jpg;ECOCERAMIC\TIVOLI VEIN\ECOCERAMIC_PZ_TIVOLI-VEIN_IVORY_120X120.webp;;;WooCommerce;origen < 2000px (se conserva 1586x1600)
ECOCERAMIC;TIVOLI VEIN;;TIVOLI_VEIN_IVORY_60X120.jpg;ECOCERAMIC_PZ_TIVOLI-VEIN_IVORY_60X120.webp;Pieza;;IVORY;60X120;;;Baja;3691x1862;2000x1009;5.42;0.3;94.5;TIVOLI VEIN/PIEZAS/TIVOLI_VEIN_IVORY_60X120.jpg;ECOCERAMIC\TIVOLI VEIN\ECOCERAMIC_PZ_TIVOLI-VEIN_IVORY_60X120.webp;;;WooCommerce;
ECOCERAMIC;TIVOLI VEIN;;RLV TIVOLI_VEIN_CLASSIC_60X120.jpg;ECOCERAMIC_PZ_TIVOLI-VEIN_RLV_CLASSIC_60X120.webp;Pieza;RLV;CLASSIC;60X120;;;Baja;3691x1862;2000x1009;4.46;0.1;97.9;TIVOLI VEIN/PIEZAS/RLV TIVOLI_VEIN_CLASSIC_60X120.jpg;ECOCERAMIC\TIVOLI VEIN\ECOCERAMIC_PZ_TIVOLI-VEIN_RLV_CLASSIC_60X120.webp;;;WooCommerce;
ECOCERAMIC;TIVOLI VEIN;;RLV TIVOLI_VEIN_IVORY_60X120.jpg;ECOCERAMIC_PZ_TIVOLI-VEIN_RLV_IVORY_60X120.webp;Pieza;RLV;IVORY;60X120;;;Baja;3691x1862;2000x1009;5.1;0.19;96.2;TIVOLI VEIN/PIEZAS/RLV TIVOLI_VEIN_IVORY_60X120.jpg;ECOCERAMIC\TIVOLI VEIN\ECOCERAMIC_PZ_TIVOLI-VEIN_RLV_IVORY_60X120.webp;;;WooCommerce;
ECOCERAMIC;VALENTINO;;AMB_VALENTINO BEIGE 60X120.jpg;ECOCERAMIC_AMB_VALENTINO_BEIGE_60X120.webp;Ambiente;;BEIGE;60X120;;;Baja;5625x4500;2000x1600;20.38;0.35;98.3;VALENTINO/AMBIENTES/AMB_VALENTINO BEIGE 60X120.jpg;ECOCERAMIC\VALENTINO\ECOCERAMIC_AMB_VALENTINO_BEIGE_60X120.webp;;VALENTINO/AMBIENTES/AMB_VALENTINO BEIGE 60X120.tif;WooCommerce;
ECOCERAMIC;VALENTINO;;AMB_VALENTINO BEIGE 60X120 DETALLE.jpg;ECOCERAMIC_AMB_VALENTINO_BEIGE_60X120_DETALLE.webp;Ambiente;;BEIGE;60X120;DETALLE;;Baja;5625x4500;1800x1440;19.83;0.36;98.2;VALENTINO/AMBIENTES/AMB_VALENTINO BEIGE 60X120 DETALLE.jpg;ECOCERAMIC\VALENTINO\ECOCERAMIC_AMB_VALENTINO_BEIGE_60X120_DETALLE.webp;;VALENTINO/AMBIENTES/AMB_VALENTINO BEIGE 60X120 DETALLE.tif;WooCommerce;origen < 2000px (se conserva 1800x1440)
ECOCERAMIC;VALENTINO;;AMB_VALENTINO NATURAL 60X120.jpg;ECOCERAMIC_AMB_VALENTINO_NATURAL_60X120.webp;Ambiente;;NATURAL;60X120;;;Baja;5625x4500;2000x1600;18.36;0.35;98.1;VALENTINO/AMBIENTES/AMB_VALENTINO NATURAL 60X120.jpg;ECOCERAMIC\VALENTINO\ECOCERAMIC_AMB_VALENTINO_NATURAL_60X120.webp;;VALENTINO/AMBIENTES/AMB_VALENTINO NATURAL 60X120.tif;WooCommerce;
ECOCERAMIC;VALENTINO;;AMB_VALENTINO NATURAL 60X120 DETALLE.jpg;ECOCERAMIC_AMB_VALENTINO_NATURAL_60X120_DETALLE.webp;Ambiente;;NATURAL;60X120;DETALLE;;Baja;5625x4500;1800x1440;19.06;0.39;98.0;VALENTINO/AMBIENTES/AMB_VALENTINO NATURAL 60X120 DETALLE.jpg;ECOCERAMIC\VALENTINO\ECOCERAMIC_AMB_VALENTINO_NATURAL_60X120_DETALLE.webp;;VALENTINO/AMBIENTES/AMB_VALENTINO NATURAL 60X120 DETALLE.tif;WooCommerce;origen < 2000px (se conserva 1800x1440)
ECOCERAMIC;VALENTINO;;Valentino Beige 60x120.jpg;ECOCERAMIC_PZ_VALENTINO_BEIGE_60X120.webp;Pieza;;BEIGE;60X120;;;Baja;3713x1871;1800x907;8.77;0.38;95.7;VALENTINO/PIEZAS/Valentino Beige 60x120.jpg;ECOCERAMIC\VALENTINO\ECOCERAMIC_PZ_VALENTINO_BEIGE_60X120.webp;;VALENTINO/PIEZAS/Valentino Beige 60x120.tif;WooCommerce;origen < 2000px (se conserva 1800x907)
ECOCERAMIC;VALENTINO;;Valentino Natural 60x120-1.jpg;ECOCERAMIC_PZ_VALENTINO_NATURAL_60X120_01.webp;Pieza;;NATURAL;60X120;;;Baja;3713x1871;1800x907;7.48;0.37;95.1;VALENTINO/PIEZAS/Valentino Natural 60x120-1.jpg;ECOCERAMIC\VALENTINO\ECOCERAMIC_PZ_VALENTINO_NATURAL_60X120_01.webp;;VALENTINO/PIEZAS/Valentino Natural 60x120-1.tif;WooCommerce;origen < 2000px (se conserva 1800x907)
ECOCERAMIC;VERMONT;;AMB_VERMONT PEARL 100X100.jpg;ECOCERAMIC_AMB_VERMONT_PEARL_100X100.webp;Ambiente;;PEARL;100X100;;;Baja;5000x4500;2000x1800;11.91;0.26;97.8;VERMONT/AMBIENTES/BAJA/AMB_VERMONT PEARL 100X100.jpg;ECOCERAMIC\VERMONT\ECOCERAMIC_AMB_VERMONT_PEARL_100X100.webp;;VERMONT/AMBIENTES/ALTA/AMB_VERMONT PEARL 100X100.tif;WooCommerce;
ECOCERAMIC;VERMONT;;AMB_VERMONT PEARL 120x120-60x120.jpg;ECOCERAMIC_AMB_VERMONT_PEARL_120X120_60X120.webp;Ambiente;;PEARL;120X120 / 60X120;;;Baja;5000x3500;2000x1400;7.91;0.19;97.5;VERMONT/AMBIENTES/BAJA/AMB_VERMONT PEARL 120x120-60x120.jpg;ECOCERAMIC\VERMONT\ECOCERAMIC_AMB_VERMONT_PEARL_120X120_60X120.webp;;VERMONT/AMBIENTES/ALTA/AMB_VERMONT PEARL 120x120-60x120.tif;WooCommerce;
ECOCERAMIC;VERMONT;;AMB_VERMONT SAND 100X100-60X120.jpg;ECOCERAMIC_AMB_VERMONT_SAND_100X100_60X120.webp;Ambiente;;SAND;100X100 / 60X120;;;Baja;5000x4500;2000x1800;11.24;0.21;98.2;VERMONT/AMBIENTES/BAJA/AMB_VERMONT SAND 100X100-60X120.jpg;ECOCERAMIC\VERMONT\ECOCERAMIC_AMB_VERMONT_SAND_100X100_60X120.webp;;VERMONT/AMBIENTES/ALTA/AMB_VERMONT SAND 100X100-60X120.tif;WooCommerce;
ECOCERAMIC;VERMONT;;AMB_VERMONT SAND 120x120-60x120.jpg;ECOCERAMIC_AMB_VERMONT_SAND_120X120_60X120.webp;Ambiente;;SAND;120X120 / 60X120;;;Baja;5000x3500;2000x1400;8.03;0.19;97.6;VERMONT/AMBIENTES/BAJA/AMB_VERMONT SAND 120x120-60x120.jpg;ECOCERAMIC\VERMONT\ECOCERAMIC_AMB_VERMONT_SAND_120X120_60X120.webp;;VERMONT/AMBIENTES/ALTA/AMB_VERMONT SAND 120x120-60x120.tif;WooCommerce;
ECOCERAMIC;VERMONT;;AMB_VERMONT WHITE 120x120-60x120.jpg;ECOCERAMIC_AMB_VERMONT_WHITE_120X120_60X120.webp;Ambiente;;WHITE;120X120 / 60X120;;;Baja;5000x3500;2000x1400;7.91;0.19;97.5;VERMONT/AMBIENTES/BAJA/AMB_VERMONT WHITE 120x120-60x120.jpg;ECOCERAMIC\VERMONT\ECOCERAMIC_AMB_VERMONT_WHITE_120X120_60X120.webp;;VERMONT/AMBIENTES/ALTA/AMB_VERMONT WHITE 120x120-60x120.tif;WooCommerce;
ECOCERAMIC;VERMONT;;AMB_VERMONT WHITE 60X120.jpg;ECOCERAMIC_AMB_VERMONT_WHITE_60X120.webp;Ambiente;;WHITE;60X120;;;Baja;5000x4500;2000x1800;14.59;0.35;97.6;VERMONT/AMBIENTES/BAJA/AMB_VERMONT WHITE 60X120.jpg;ECOCERAMIC\VERMONT\ECOCERAMIC_AMB_VERMONT_WHITE_60X120.webp;;VERMONT/AMBIENTES/ALTA/AMB_VERMONT WHITE 60X120.tif;WooCommerce;
ECOCERAMIC;VERMONT;;PZ_VERMONT PEARL 120X120.jpg;ECOCERAMIC_PZ_VERMONT_PEARL_120X120.webp;Pieza;;PEARL;120X120;;;Baja;5157x5157;1600x1600;30.12;0.55;98.2;VERMONT/PIEZAS/ALTA/PZ_VERMONT PEARL 120X120.jpg;ECOCERAMIC\VERMONT\ECOCERAMIC_PZ_VERMONT_PEARL_120X120.webp;;VERMONT/PIEZAS/BAJA/PZ_VERMONT PEARL 120X120.jpg;WooCommerce;origen < 2000px (se conserva 1600x1600)
ECOCERAMIC;VERMONT;;PZ_VERMONT PEARL 60X120.jpg;ECOCERAMIC_PZ_VERMONT_PEARL_60X120.webp;Pieza;;PEARL;60X120;;;Baja;5157x2579;1800x900;15.11;0.39;97.4;VERMONT/PIEZAS/ALTA/PZ_VERMONT PEARL 60X120.jpg;ECOCERAMIC\VERMONT\ECOCERAMIC_PZ_VERMONT_PEARL_60X120.webp;;VERMONT/PIEZAS/BAJA/PZ_VERMONT PEARL 60X120.jpg;WooCommerce;origen < 2000px (se conserva 1800x900)
ECOCERAMIC;VERMONT;;PZ_VERMONT PEARL 60X60.jpg;ECOCERAMIC_PZ_VERMONT_PEARL_60X60.webp;Pieza;;PEARL;60X60;;;Baja;2579x2579;1600x1600;8.78;0.71;92.0;VERMONT/PIEZAS/ALTA/PZ_VERMONT PEARL 60X60.jpg;ECOCERAMIC\VERMONT\ECOCERAMIC_PZ_VERMONT_PEARL_60X60.webp;;VERMONT/PIEZAS/BAJA/PZ_VERMONT PEARL 60X60.jpg;WooCommerce;origen < 2000px (se conserva 1600x1600)
ECOCERAMIC;VERMONT;;PZ_VERMONT PEARL 90X90.jpg;ECOCERAMIC_PZ_VERMONT_PEARL_90X90.webp;Pieza;;PEARL;90X90;;;Baja;3819x3819;1600x1600;16.8;0.58;96.5;VERMONT/PIEZAS/ALTA/PZ_VERMONT PEARL 90X90.jpg;ECOCERAMIC\VERMONT\ECOCERAMIC_PZ_VERMONT_PEARL_90X90.webp;;VERMONT/PIEZAS/BAJA/PZ_VERMONT PEARL 90X90.jpg;WooCommerce;origen < 2000px (se conserva 1600x1600)
ECOCERAMIC;VERMONT;;PZ_VERMONT SAND 120X120.jpg;ECOCERAMIC_PZ_VERMONT_SAND_120X120.webp;Pieza;;SAND;120X120;;;Baja;3307x3308;1600x1600;11.97;0.49;95.9;VERMONT/PIEZAS/ALTA/PZ_VERMONT SAND 120X120.jpg;ECOCERAMIC\VERMONT\ECOCERAMIC_PZ_VERMONT_SAND_120X120.webp;;VERMONT/PIEZAS/BAJA/PZ_VERMONT SAND 120X120.jpg;WooCommerce;origen < 2000px (se conserva 1600x1600)
ECOCERAMIC;VERMONT;;PZ_VERMONT SAND 60X120.jpg;ECOCERAMIC_PZ_VERMONT_SAND_60X120.webp;Pieza;;SAND;60X120;;;Baja;5157x2579;1800x900;14.38;0.37;97.4;VERMONT/PIEZAS/ALTA/PZ_VERMONT SAND 60X120.jpg;ECOCERAMIC\VERMONT\ECOCERAMIC_PZ_VERMONT_SAND_60X120.webp;;VERMONT/PIEZAS/BAJA/PZ_VERMONT SAND 60X120.jpg;WooCommerce;origen < 2000px (se conserva 1800x900)
ECOCERAMIC;VERMONT;;PZ_VERMONT SAND 60X60.jpg;ECOCERAMIC_PZ_VERMONT_SAND_60X60.webp;Pieza;;SAND;60X60;;;Baja;2579x2579;1600x1600;8.13;0.62;92.3;VERMONT/PIEZAS/ALTA/PZ_VERMONT SAND 60X60.jpg;ECOCERAMIC\VERMONT\ECOCERAMIC_PZ_VERMONT_SAND_60X60.webp;;VERMONT/PIEZAS/BAJA/PZ_VERMONT SAND 60X60.jpg;WooCommerce;origen < 2000px (se conserva 1600x1600)
ECOCERAMIC;VERMONT;;PZ_VERMONT SAND 90X90.jpg;ECOCERAMIC_PZ_VERMONT_SAND_90X90.webp;Pieza;;SAND;90X90;;;Baja;3819x3819;1600x1600;16.34;0.55;96.7;VERMONT/PIEZAS/ALTA/PZ_VERMONT SAND 90X90.jpg;ECOCERAMIC\VERMONT\ECOCERAMIC_PZ_VERMONT_SAND_90X90.webp;;VERMONT/PIEZAS/BAJA/PZ_VERMONT SAND 90X90.jpg;WooCommerce;origen < 2000px (se conserva 1600x1600)
ECOCERAMIC;VERMONT;;PZ_VERMONT WHITE 120X120.jpg;ECOCERAMIC_PZ_VERMONT_WHITE_120X120.webp;Pieza;;WHITE;120X120;;;Baja;5157x5157;1800x1800;24.34;0.33;98.6;VERMONT/PIEZAS/ALTA/PZ_VERMONT WHITE 120X120.jpg;ECOCERAMIC\VERMONT\ECOCERAMIC_PZ_VERMONT_WHITE_120X120.webp;;VERMONT/PIEZAS/BAJA/PZ_VERMONT WHITE 120X120.jpg;WooCommerce;origen < 2000px (se conserva 1800x1800)
ECOCERAMIC;VERMONT;;PZ_VERMONT WHITE 60X120.jpg;ECOCERAMIC_PZ_VERMONT_WHITE_60X120.webp;Pieza;;WHITE;60X120;;;Baja;5157x2579;2000x1000;12.79;0.21;98.3;VERMONT/PIEZAS/ALTA/PZ_VERMONT WHITE 60X120.jpg;ECOCERAMIC\VERMONT\ECOCERAMIC_PZ_VERMONT_WHITE_60X120.webp;;VERMONT/PIEZAS/BAJA/PZ_VERMONT WHITE 60X120.jpg;WooCommerce;
ECOCERAMIC;VERMONT;;PZ_VERMONT WHITE 60X60.jpg;ECOCERAMIC_PZ_VERMONT_WHITE_60X60.webp;Pieza;;WHITE;60X60;;;Baja;2579x2579;1600x1600;7.07;0.36;95.0;VERMONT/PIEZAS/ALTA/PZ_VERMONT WHITE 60X60.jpg;ECOCERAMIC\VERMONT\ECOCERAMIC_PZ_VERMONT_WHITE_60X60.webp;;VERMONT/PIEZAS/BAJA/PZ_VERMONT WHITE 60X60.jpg;WooCommerce;origen < 2000px (se conserva 1600x1600)
ECOCERAMIC;VERMONT;;PZ_VERMONT WHITE 90X90.jpg;ECOCERAMIC_PZ_VERMONT_WHITE_90X90.webp;Pieza;;WHITE;90X90;;;Baja;3819x3819;1800x1800;13.04;0.37;97.1;VERMONT/PIEZAS/ALTA/PZ_VERMONT WHITE 90X90.jpg;ECOCERAMIC\VERMONT\ECOCERAMIC_PZ_VERMONT_WHITE_90X90.webp;;VERMONT/PIEZAS/BAJA/PZ_VERMONT WHITE 90X90.jpg;WooCommerce;origen < 2000px (se conserva 1800x1800)
ECOCERAMIC;WALKYRIA;;AMB_WALKYRIA.jpg;ECOCERAMIC_AMB_WALKYRIA.webp;Ambiente;;;;;;Baja;6000x4200;1800x1260;1.15;0.38;67.3;WALKYRIA/AMBIENTES/AMB_WALKYRIA.jpg;ECOCERAMIC\WALKYRIA\ECOCERAMIC_AMB_WALKYRIA.webp;;WALKYRIA/AMBIENTES/AMB_WALKYRIA.tif;WooCommerce;origen < 2000px (se conserva 1800x1260) | sin color detectado en el nombre
ECOCERAMIC;WALKYRIA;;ECOCERAMIC_AMB_ICELAND_MINT 120X280 - WALKYRIA MAPLE 20X120.jpg;ECOCERAMIC_AMB_WALKYRIA_120X280_20X120.webp;Ambiente;;;120X280 / 20X120;;;Baja;5000x3500;2000x1400;14.3;0.37;97.4;WALKYRIA/AMBIENTES/ECOCERAMIC_AMB_ICELAND_MINT 120X280 - WALKYRIA MAPLE 20X120.jpg;ECOCERAMIC\WALKYRIA\ECOCERAMIC_AMB_WALKYRIA_120X280_20X120.webp;;WALKYRIA/AMBIENTES/ECOCERAMIC_AMB_ICELAND_MINT 120X280 - WALKYRIA MAPLE 20X120.tif;WooCommerce;sin color detectado en el nombre
ECOCERAMIC;WALKYRIA;;AMB_WALKYRIA MAPLE.jpg;ECOCERAMIC_AMB_WALKYRIA_MAPLE.webp;Ambiente;;MAPLE;;;;Baja;2500x1880;2000x1504;3.23;0.31;90.4;WALKYRIA/AMBIENTES/AMB_WALKYRIA MAPLE.jpg;ECOCERAMIC\WALKYRIA\ECOCERAMIC_AMB_WALKYRIA_MAPLE.webp;;WALKYRIA/AMBIENTES/AMB_WALKYRIA MAPLE.tif;WooCommerce;
ECOCERAMIC;WALKYRIA;;AMB_WALKYRIA MAPLE 15X90 copia.jpg;ECOCERAMIC_AMB_WALKYRIA_MAPLE_15X90.webp;Ambiente;;MAPLE;15X90;;;Baja;5000x3500;2000x1400;14.71;0.3;98.0;WALKYRIA/AMBIENTES/AMB_WALKYRIA MAPLE 15X90 copia.jpg;ECOCERAMIC\WALKYRIA\ECOCERAMIC_AMB_WALKYRIA_MAPLE_15X90.webp;;;WooCommerce;
ECOCERAMIC;WALKYRIA;;AMB_WALKYRIA OAK.jpg;ECOCERAMIC_AMB_WALKYRIA_OAK.webp;Ambiente;;OAK;;;;Baja;2500x1880;2000x1504;1.29;0.33;74.1;WALKYRIA/AMBIENTES/AMB_WALKYRIA OAK.jpg;ECOCERAMIC\WALKYRIA\ECOCERAMIC_AMB_WALKYRIA_OAK.webp;;WALKYRIA/AMBIENTES/AMB_WALKYRIA OAK.tif;WooCommerce;
ECOCERAMIC;WALKYRIA;;AMB_WALKYRIA_PEARL.jpg;ECOCERAMIC_AMB_WALKYRIA_PEARL.webp;Ambiente;;PEARL;;;;Baja;5000x3500;1800x1260;14.01;0.36;97.4;WALKYRIA/AMBIENTES/AMB_WALKYRIA_PEARL.jpg;ECOCERAMIC\WALKYRIA\ECOCERAMIC_AMB_WALKYRIA_PEARL.webp;;WALKYRIA/AMBIENTES/AMB_WALKYRIA_PEARL.tif;WooCommerce;origen < 2000px (se conserva 1800x1260)
ECOCERAMIC;WALKYRIA;;AMB_WALKYRIA_PEARL_WEB.jpg;ECOCERAMIC_AMB_WALKYRIA_PEARL_V2.webp;Ambiente;;PEARL;;;;Baja;1200x600;1200x600;0.25;0.14;45.3;WALKYRIA/AMBIENTES/AMB_WALKYRIA_PEARL_WEB.jpg;ECOCERAMIC\WALKYRIA\ECOCERAMIC_AMB_WALKYRIA_PEARL_V2.webp;;;WooCommerce;nombre desambiguado (_V) | origen < 2000px (se conserva 1200x600)
ECOCERAMIC;WALKYRIA;;AMB_PANDA-WALKYRIA FRESNO.jpg;ECOCERAMIC_AMB_WALKYRIA_V2.webp;Ambiente;;;;;;Baja;5000x3750;2000x1500;13.54;0.32;97.6;WALKYRIA/AMBIENTES/AMB_PANDA-WALKYRIA FRESNO.jpg;ECOCERAMIC\WALKYRIA\ECOCERAMIC_AMB_WALKYRIA_V2.webp;;WALKYRIA/AMBIENTES/AMB_PANDA-WALKYRIA FRESNO.tif;WooCommerce;nombre desambiguado (_V) | sin color detectado en el nombre
ECOCERAMIC;WALKYRIA;;Walkyria Fresno.jpg;ECOCERAMIC_PZ_WALKYRIA_FRESNO.webp;Pieza;;FRESNO;;;;Baja;8355x1329;2000x318;1.98;0.08;96.1;WALKYRIA/PIEZAS/Walkyria Fresno.jpg;ECOCERAMIC\WALKYRIA\ECOCERAMIC_PZ_WALKYRIA_FRESNO.webp;;"WALKYRIA/PIEZAS/Walkyria Fresno.tif ; WALKYRIA/PIEZAS/Walkyria Fresno_WEB.jpg";WooCommerce;
ECOCERAMIC;WALKYRIA;;Walkyria Graphite.jpg;ECOCERAMIC_PZ_WALKYRIA_GRAPHITE.webp;Pieza;;GRAPHITE;;;;Baja;8355x1329;2000x318;2.07;0.07;96.4;WALKYRIA/PIEZAS/Walkyria Graphite.jpg;ECOCERAMIC\WALKYRIA\ECOCERAMIC_PZ_WALKYRIA_GRAPHITE.webp;;"WALKYRIA/PIEZAS/Walkyria Graphite.tif ; WALKYRIA/PIEZAS/Walkyria Graphite_WEB.jpg";WooCommerce;
ECOCERAMIC;WALKYRIA;;Walkyria Maple.jpg;ECOCERAMIC_PZ_WALKYRIA_MAPLE.webp;Pieza;;MAPLE;;;;Baja;8355x1329;2000x318;1.97;0.07;96.4;WALKYRIA/PIEZAS/Walkyria Maple.jpg;ECOCERAMIC\WALKYRIA\ECOCERAMIC_PZ_WALKYRIA_MAPLE.webp;;"WALKYRIA/PIEZAS/Walkyria Maple.tif ; WALKYRIA/PIEZAS/Walkyria Maple_WEB.jpg";WooCommerce;
ECOCERAMIC;WALKYRIA;;Walkyria Oak.jpg;ECOCERAMIC_PZ_WALKYRIA_OAK.webp;Pieza;;OAK;;;;Baja;8355x1329;2000x318;2.0;0.07;96.5;WALKYRIA/PIEZAS/Walkyria Oak.jpg;ECOCERAMIC\WALKYRIA\ECOCERAMIC_PZ_WALKYRIA_OAK.webp;;"WALKYRIA/PIEZAS/Walkyria Oak.tif ; WALKYRIA/PIEZAS/Walkyria Oak_WEB.jpg";WooCommerce;
ECOCERAMIC;WALKYRIA;;Walkyria Pearl.jpg;ECOCERAMIC_PZ_WALKYRIA_PEARL.webp;Pieza;;PEARL;;;;Baja;8355x1329;2000x318;1.83;0.06;96.7;WALKYRIA/PIEZAS/Walkyria Pearl.jpg;ECOCERAMIC\WALKYRIA\ECOCERAMIC_PZ_WALKYRIA_PEARL.webp;;"WALKYRIA/PIEZAS/Walkyria Pearl.tif ; WALKYRIA/PIEZAS/Walkyria Pearl_WEB.jpg";WooCommerce;
ECOCERAMIC;WALKYRIA;;Rodapie Walkyria Fresno.jpg;ECOCERAMIC_PZ_WALKYRIA_RODAPIE_FRESNO.webp;Pieza;RODAPIE;FRESNO;;;;Baja;8355x613;2000x147;2.24;0.04;98.2;WALKYRIA/PIEZAS/Rodapie Walkyria Fresno.jpg;ECOCERAMIC\WALKYRIA\ECOCERAMIC_PZ_WALKYRIA_RODAPIE_FRESNO.webp;;;WooCommerce;
ECOCERAMIC;WALKYRIA;;Rodapie Walkyria Graphite.jpg;ECOCERAMIC_PZ_WALKYRIA_RODAPIE_GRAPHITE.webp;Pieza;RODAPIE;GRAPHITE;;;;Baja;8355x613;2000x147;3.04;0.04;98.7;WALKYRIA/PIEZAS/Rodapie Walkyria Graphite.jpg;ECOCERAMIC\WALKYRIA\ECOCERAMIC_PZ_WALKYRIA_RODAPIE_GRAPHITE.webp;;;WooCommerce;
ECOCERAMIC;WALKYRIA;;Rodapie Walkyria Maple.jpg;ECOCERAMIC_PZ_WALKYRIA_RODAPIE_MAPLE.webp;Pieza;RODAPIE;MAPLE;;;;Baja;8355x613;2000x147;2.92;0.03;98.9;WALKYRIA/PIEZAS/Rodapie Walkyria Maple.jpg;ECOCERAMIC\WALKYRIA\ECOCERAMIC_PZ_WALKYRIA_RODAPIE_MAPLE.webp;;;WooCommerce;
ECOCERAMIC;WALKYRIA;;Rodapie Walkyria Oak.jpg;ECOCERAMIC_PZ_WALKYRIA_RODAPIE_OAK.webp;Pieza;RODAPIE;OAK;;;;Baja;8355x613;2000x147;3.08;0.04;98.9;WALKYRIA/PIEZAS/Rodapie Walkyria Oak.jpg;ECOCERAMIC\WALKYRIA\ECOCERAMIC_PZ_WALKYRIA_RODAPIE_OAK.webp;;;WooCommerce;
ECOCERAMIC;WALKYRIA;;Rodapie Walkyria Pearl.jpg;ECOCERAMIC_PZ_WALKYRIA_RODAPIE_PEARL.webp;Pieza;RODAPIE;PEARL;;;;Baja;8355x613;2000x147;2.71;0.03;99.0;WALKYRIA/PIEZAS/Rodapie Walkyria Pearl.jpg;ECOCERAMIC\WALKYRIA\ECOCERAMIC_PZ_WALKYRIA_RODAPIE_PEARL.webp;;;WooCommerce;
ECOCERAMIC;WALKYRIA;;Rodapie Walkyria Silver.jpg;ECOCERAMIC_PZ_WALKYRIA_RODAPIE_SILVER.webp;Pieza;RODAPIE;SILVER;;;;Baja;8355x613;2000x147;2.9;0.03;98.8;WALKYRIA/PIEZAS/Rodapie Walkyria Silver.jpg;ECOCERAMIC\WALKYRIA\ECOCERAMIC_PZ_WALKYRIA_RODAPIE_SILVER.webp;;;WooCommerce;
ECOCERAMIC;WALKYRIA;;Rodapie Walkyria Smoke.jpg;ECOCERAMIC_PZ_WALKYRIA_RODAPIE_SMOKE.webp;Pieza;RODAPIE;SMOKE;;;;Baja;8355x613;2000x147;2.96;0.03;98.9;WALKYRIA/PIEZAS/Rodapie Walkyria Smoke.jpg;ECOCERAMIC\WALKYRIA\ECOCERAMIC_PZ_WALKYRIA_RODAPIE_SMOKE.webp;;;WooCommerce;
ECOCERAMIC;WALKYRIA;;Rodapie Walkyria White.jpg;ECOCERAMIC_PZ_WALKYRIA_RODAPIE_WHITE.webp;Pieza;RODAPIE;WHITE;;;;Baja;8355x613;2000x147;2.41;0.02;99.3;WALKYRIA/PIEZAS/Rodapie Walkyria White.jpg;ECOCERAMIC\WALKYRIA\ECOCERAMIC_PZ_WALKYRIA_RODAPIE_WHITE.webp;;;WooCommerce;
ECOCERAMIC;WALKYRIA;;Walkyria Silver.jpg;ECOCERAMIC_PZ_WALKYRIA_SILVER.webp;Pieza;;SILVER;;;;Baja;8355x1329;2000x318;2.04;0.08;96.1;WALKYRIA/PIEZAS/Walkyria Silver.jpg;ECOCERAMIC\WALKYRIA\ECOCERAMIC_PZ_WALKYRIA_SILVER.webp;;"WALKYRIA/PIEZAS/Walkyria Silver.tif ; WALKYRIA/PIEZAS/Walkyria Silver_WEB.jpg";WooCommerce;
ECOCERAMIC;WALKYRIA;;Walkyria Smoke.jpg;ECOCERAMIC_PZ_WALKYRIA_SMOKE.webp;Pieza;;SMOKE;;;;Baja;8355x1329;2000x318;1.99;0.07;96.5;WALKYRIA/PIEZAS/Walkyria Smoke.jpg;ECOCERAMIC\WALKYRIA\ECOCERAMIC_PZ_WALKYRIA_SMOKE.webp;;"WALKYRIA/PIEZAS/Walkyria Smoke.tif ; WALKYRIA/PIEZAS/Walkyria Smoke_WEB.jpg";WooCommerce;
ECOCERAMIC;WALKYRIA;;Walkyria White.jpg;ECOCERAMIC_PZ_WALKYRIA_WHITE.webp;Pieza;;WHITE;;;;Baja;8355x1329;2000x318;1.62;0.04;97.4;WALKYRIA/PIEZAS/Walkyria White.jpg;ECOCERAMIC\WALKYRIA\ECOCERAMIC_PZ_WALKYRIA_WHITE.webp;;"WALKYRIA/PIEZAS/Walkyria White.tif ; WALKYRIA/PIEZAS/Walkyria White_WEB.jpg";WooCommerce;
ECOCERAMIC;WALKYRIA;15X90;PZ_WALKYRIA_FRESNO_15X90_1.jpg;ECOCERAMIC_PZ_WALKYRIA_FRESNO_15X90_01.webp;Pieza;;FRESNO;15X90;;;Baja;7736x1299;2000x336;1.67;0.13;92.1;WALKYRIA/PIEZAS/15X90/PZ_WALKYRIA_FRESNO_15X90_1.jpg;ECOCERAMIC\WALKYRIA\15X90\ECOCERAMIC_PZ_WALKYRIA_FRESNO_15X90_01.webp;;;WooCommerce;
ECOCERAMIC;WALKYRIA;15X90;PZ_WALKYRIA_MAPLE_15X90_1.jpg;ECOCERAMIC_PZ_WALKYRIA_MAPLE_15X90_01.webp;Pieza;;MAPLE;15X90;;;Baja;7736x1299;2000x336;0.85;0.06;92.7;WALKYRIA/PIEZAS/15X90/PZ_WALKYRIA_MAPLE_15X90_1.jpg;ECOCERAMIC\WALKYRIA\15X90\ECOCERAMIC_PZ_WALKYRIA_MAPLE_15X90_01.webp;;;WooCommerce;
ECOCERAMIC;WALKYRIA;15X90;PZ_WALKYRIA_OAK_15X90_1.jpg;ECOCERAMIC_PZ_WALKYRIA_OAK_15X90_01.webp;Pieza;;OAK;15X90;;;Baja;7736x1299;2000x336;0.86;0.06;92.5;WALKYRIA/PIEZAS/15X90/PZ_WALKYRIA_OAK_15X90_1.jpg;ECOCERAMIC\WALKYRIA\15X90\ECOCERAMIC_PZ_WALKYRIA_OAK_15X90_01.webp;;;WooCommerce;
ECOCERAMIC;WALKYRIA;15X90;PZ_WALKYRIA_PEARL_15X90_1.jpg;ECOCERAMIC_PZ_WALKYRIA_PEARL_15X90_01.webp;Pieza;;PEARL;15X90;;;Baja;7736x1299;2000x336;1.41;0.1;92.8;WALKYRIA/PIEZAS/15X90/PZ_WALKYRIA_PEARL_15X90_1.jpg;ECOCERAMIC\WALKYRIA\15X90\ECOCERAMIC_PZ_WALKYRIA_PEARL_15X90_01.webp;;;WooCommerce;
ECOCERAMIC;WALKYRIA;PELDANO;32X120 PELDAÑO EXTRUSIONADO WALKYRIA FRESNO.jpg;ECOCERAMIC_PZ_WALKYRIA_PELDANO-EXTRUSIONADO_FRESNO_32X120.webp;Pieza;PELDANO-EXTRUSIONADO;FRESNO;32X120;;;Baja;4344x1226;2000x564;2.04;0.04;97.8;WALKYRIA/PIEZAS/PELDAÑOS/32X120 PELDAÑO EXTRUSIONADO WALKYRIA FRESNO.jpg;ECOCERAMIC\WALKYRIA\PELDANO\ECOCERAMIC_PZ_WALKYRIA_PELDANO-EXTRUSIONADO_FRESNO_32X120.webp;;WALKYRIA/PIEZAS/PELDAÑOS/32X120 PELDAÑO EXTRUSIONADO WALKYRIA FRESNO.tif;WooCommerce;
ECOCERAMIC;WALKYRIA;PELDANO;32X120 PELDAÑO EXTRUSIONADO WALKYRIA GRAPHITE.jpg;ECOCERAMIC_PZ_WALKYRIA_PELDANO-EXTRUSIONADO_GRAPHITE_32X120.webp;Pieza;PELDANO-EXTRUSIONADO;GRAPHITE;32X120;;;Baja;4344x1226;2000x564;1.39;0.04;97.0;WALKYRIA/PIEZAS/PELDAÑOS/32X120 PELDAÑO EXTRUSIONADO WALKYRIA GRAPHITE.jpg;ECOCERAMIC\WALKYRIA\PELDANO\ECOCERAMIC_PZ_WALKYRIA_PELDANO-EXTRUSIONADO_GRAPHITE_32X120.webp;;;WooCommerce;
ECOCERAMIC;WALKYRIA;PELDANO;32X120 PELDAÑO EXTRUSIONADO WALKYRIA MAPLE.jpg;ECOCERAMIC_PZ_WALKYRIA_PELDANO-EXTRUSIONADO_MAPLE_32X120.webp;Pieza;PELDANO-EXTRUSIONADO;MAPLE;32X120;;;Baja;8688x2452;2000x564;5.5;0.03;99.4;WALKYRIA/PIEZAS/PELDAÑOS/32X120 PELDAÑO EXTRUSIONADO WALKYRIA MAPLE.jpg;ECOCERAMIC\WALKYRIA\PELDANO\ECOCERAMIC_PZ_WALKYRIA_PELDANO-EXTRUSIONADO_MAPLE_32X120.webp;;WALKYRIA/PIEZAS/PELDAÑOS/32X120 PELDAÑO EXTRUSIONADO WALKYRIA MAPLE.tif;WooCommerce;
ECOCERAMIC;WALKYRIA;PELDANO;32X120 PELDAÑO EXTRUSIONADO WALKYRIA MAPLE_1.png;ECOCERAMIC_PZ_WALKYRIA_PELDANO-EXTRUSIONADO_MAPLE_32X120_01.webp;Pieza;PELDANO-EXTRUSIONADO;MAPLE;32X120;;;Baja;8688x2452;2000x564;12.46;0.05;99.6;WALKYRIA/PIEZAS/PELDAÑOS/32X120 PELDAÑO EXTRUSIONADO WALKYRIA MAPLE_1.png;ECOCERAMIC\WALKYRIA\PELDANO\ECOCERAMIC_PZ_WALKYRIA_PELDANO-EXTRUSIONADO_MAPLE_32X120_01.webp;;;WooCommerce;
ECOCERAMIC;WALKYRIA;PELDANO;32X120 PELDAÑO EXTRUSIONADO WALKYRIA MAPLE_2.png;ECOCERAMIC_PZ_WALKYRIA_PELDANO-EXTRUSIONADO_MAPLE_32X120_02.webp;Pieza;PELDANO-EXTRUSIONADO;MAPLE;32X120;;;Baja;4344x1226;2000x564;2.42;0.06;97.3;WALKYRIA/PIEZAS/PELDAÑOS/32X120 PELDAÑO EXTRUSIONADO WALKYRIA MAPLE_2.png;ECOCERAMIC\WALKYRIA\PELDANO\ECOCERAMIC_PZ_WALKYRIA_PELDANO-EXTRUSIONADO_MAPLE_32X120_02.webp;;;WooCommerce;
ECOCERAMIC;WALKYRIA;PELDANO;32X120 PELDAÑO EXTRUSIONADO WALKYRIA OAK.jpg;ECOCERAMIC_PZ_WALKYRIA_PELDANO-EXTRUSIONADO_OAK_32X120.webp;Pieza;PELDANO-EXTRUSIONADO;OAK;32X120;;;Baja;8688x2452;2000x564;6.9;0.03;99.5;WALKYRIA/PIEZAS/PELDAÑOS/32X120 PELDAÑO EXTRUSIONADO WALKYRIA OAK.jpg;ECOCERAMIC\WALKYRIA\PELDANO\ECOCERAMIC_PZ_WALKYRIA_PELDANO-EXTRUSIONADO_OAK_32X120.webp;;WALKYRIA/PIEZAS/PELDAÑOS/32X120 PELDAÑO EXTRUSIONADO WALKYRIA OAK.tif;WooCommerce;
ECOCERAMIC;WALKYRIA;PELDANO;32X120 PELDAÑO EXTRUSIONADO WALKYRIA PEAL.jpg;ECOCERAMIC_PZ_WALKYRIA_PELDANO-EXTRUSIONADO_PEARL_32X120.webp;Pieza;PELDANO-EXTRUSIONADO;PEARL;32X120;;;Baja;4344x1226;2000x564;0.38;0.03;92.4;WALKYRIA/PIEZAS/PELDAÑOS/32X120 PELDAÑO EXTRUSIONADO WALKYRIA PEAL.jpg;ECOCERAMIC\WALKYRIA\PELDANO\ECOCERAMIC_PZ_WALKYRIA_PELDANO-EXTRUSIONADO_PEARL_32X120.webp;;WALKYRIA/PIEZAS/PELDAÑOS/32X120 PELDAÑO EXTRUSIONADO WALKYRIA PEAL.tif;WooCommerce;
ECOCERAMIC;WALKYRIA;PELDANO;32X120 PELDAÑO EXTRUSIONADO WALKYRIA SILVER.jpg;ECOCERAMIC_PZ_WALKYRIA_PELDANO-EXTRUSIONADO_SILVER_32X120.webp;Pieza;PELDANO-EXTRUSIONADO;SILVER;32X120;;;Baja;4344x1226;2000x564;1.45;0.04;97.4;WALKYRIA/PIEZAS/PELDAÑOS/32X120 PELDAÑO EXTRUSIONADO WALKYRIA SILVER.jpg;ECOCERAMIC\WALKYRIA\PELDANO\ECOCERAMIC_PZ_WALKYRIA_PELDANO-EXTRUSIONADO_SILVER_32X120.webp;;;WooCommerce;
ECOCERAMIC;WALKYRIA;PELDANO;32X120 PELDAÑO EXTRUSIONADO WALKYRIA SMOKE.jpg;ECOCERAMIC_PZ_WALKYRIA_PELDANO-EXTRUSIONADO_SMOKE_32X120.webp;Pieza;PELDANO-EXTRUSIONADO;SMOKE;32X120;;;Baja;4344x1226;2000x564;1.99;0.04;98.0;WALKYRIA/PIEZAS/PELDAÑOS/32X120 PELDAÑO EXTRUSIONADO WALKYRIA SMOKE.jpg;ECOCERAMIC\WALKYRIA\PELDANO\ECOCERAMIC_PZ_WALKYRIA_PELDANO-EXTRUSIONADO_SMOKE_32X120.webp;;WALKYRIA/PIEZAS/PELDAÑOS/32X120 PELDAÑO EXTRUSIONADO WALKYRIA SMOKE.tif;WooCommerce;
ECOCERAMIC;WALKYRIA;PELDANO;32X120 PELDAÑO EXTRUSIONADO WALKYRIA WHITE.jpg;ECOCERAMIC_PZ_WALKYRIA_PELDANO-EXTRUSIONADO_WHITE_32X120.webp;Pieza;PELDANO-EXTRUSIONADO;WHITE;32X120;;;Baja;4344x1226;2000x564;1.67;0.02;98.7;WALKYRIA/PIEZAS/PELDAÑOS/32X120 PELDAÑO EXTRUSIONADO WALKYRIA WHITE.jpg;ECOCERAMIC\WALKYRIA\PELDANO\ECOCERAMIC_PZ_WALKYRIA_PELDANO-EXTRUSIONADO_WHITE_32X120.webp;;WALKYRIA/PIEZAS/PELDAÑOS/32X120 PELDAÑO EXTRUSIONADO WALKYRIA WHITE.tif;WooCommerce;
